case_number,case_id,customer_id,created_at,region,country,language,channel,case_subtype,symptom_summary,product_name,platform,support_tier,case_status,handle_time_seconds,transfers,resolved_flag,csat_score,sentiment_score
9000001,JNL000001,CU37692,2025-06-17T04:25:00.000Z,North America,CA,EN,Phone,Functionality,False motion alerts,Jonly Hub Mini,Android,Tier 1,Closed,899,0,1,5,1.0
9000002,JNL000002,CU49516,2025-07-03T05:56:00.000Z,APAC,AU,EN,Chat,Setup,Audio one-way only,Jonly Cam Indoor,Android,Tier 2,In Progress,355,0,1,4,0.06
9000003,JNL000003,CU76975,2025-07-11T23:10:00.000Z,North America,US,EN,Community,Functionality,Camera offline,Jonly Hub Plus,Android,Tier 1,Closed,457,1,0,3,-0.76
9000004,JNL000004,CU65752,2025-05-03T19:50:00.000Z,North America,US,EN,Phone,Billing,Two-factor issues,Jonly Floodlight Max,Android,Tier 2,Closed,1142,0,1,4,0.59
9000005,JNL000005,CU75705,2025-07-30T22:43:00.000Z,Europe,GB,EN,Chat,Connectivity,Poor night vision,Jonly Doorbell Pro,Android,Tier 1,Closed,765,0,1,2,-0.81
9000006,JNL000006,CU87060,2025-05-30T00:22:00.000Z,North America,US,EN,Email,Connectivity,Cannot login to app,Jonly Cam Indoor,iOS,Tier 2,In Progress,680,0,1,4,0.72
9000007,JNL000007,CU97964,2025-07-31T12:41:00.000Z,APAC,AU,DE,Chat,Connectivity,Subscription not applied,Jonly Cam Outdoor,iOS,Tier 2,Closed,512,0,1,4,-0.34
9000008,JNL000008,CU21929,2025-05-17T05:35:00.000Z,North America,US,EN,Email,Account,Audio one-way only,Jonly Cam Outdoor,iOS,Tier 2,Escalated,1256,1,1,5,1.0
9000009,JNL000009,CU90940,2025-06-03T21:19:00.000Z,Europe,FR,FR,Phone,Billing,Camera offline,Jonly Hub Plus,Android,Tier 1,Closed,1346,1,1,4,-0.32
9000010,JNL000010,CU98754,2025-05-10T14:56:00.000Z,Europe,FR,EN,Phone,Inquiry,Wrong item received,Jonly Hub Plus,iOS,Escalation,Closed,594,0,1,4,0.24
9000011,JNL000011,CU58497,2025-06-18T14:47:00.000Z,North America,CA,EN,Chat,Shipping,Poor night vision,Jonly Floodlight Max,iOS,Tier 1,Closed,461,0,1,3,-0.11
9000012,JNL000012,CU11862,2025-05-27T00:43:00.000Z,North America,CA,EN,Community,Functionality,Video not loading,Jonly Secure Subscription,Android,Tier 1,Closed,654,1,1,4,-0.13
9000013,JNL000013,CU93330,2025-05-30T16:42:00.000Z,North America,US,DE,Email,Functionality,Video not loading,Jonly Secure Subscription,Other,Tier 1,Closed,770,0,1,5,1.0
9000014,JNL000014,CU91750,2025-06-07T22:49:00.000Z,North America,US,EN,Phone,Account,False motion alerts,Jonly Hub Mini,Android,Tier 2,Closed,1231,1,1,5,0.77
9000015,JNL000015,CU85557,2025-06-15T18:35:00.000Z,Europe,NL,NL,Chat,Connectivity,Doorbell not ringing,Jonly Cam Indoor,iOS,Tier 1,Closed,985,0,1,5,0.74
9000016,JNL000016,CU59576,2025-06-07T22:48:00.000Z,Europe,GB,DE,Chat,Connectivity,False motion alerts,Jonly Floodlight Max,Android,Tier 1,Escalated,630,0,1,3,0.49
9000017,JNL000017,CU53850,2025-05-13T02:36:00.000Z,Europe,FR,EN,Phone,Functionality,Wrong item received,Jonly Floodlight Max,iOS,Tier 1,Escalated,904,1,1,5,1.0
9000018,JNL000018,CU43871,2025-07-08T03:04:00.000Z,North America,US,NL,Phone,Connectivity,Order not delivered,Jonly Doorbell Pro,iOS,Tier 1,Closed,1251,1,0,3,0.04
9000019,JNL000019,CU34425,2025-05-21T17:10:00.000Z,APAC,NZ,EN,Chat,Inquiry,No motion alerts,Jonly Floodlight Max,iOS,Tier 2,Closed,1128,0,1,3,0.11
9000020,JNL000020,CU78636,2025-06-24T10:58:00.000Z,North America,CA,EN,Phone,Functionality,Order not delivered,Jonly Cam Outdoor,Web,Tier 1,Closed,1386,0,1,5,0.89
9000021,JNL000021,CU72823,2025-05-08T11:26:00.000Z,North America,US,EN,Phone,Inquiry,Doorbell not ringing,Jonly Hub Plus,Android,Tier 1,Closed,1254,1,1,4,0.42
9000022,JNL000022,CU51786,2025-07-20T04:23:00.000Z,Europe,FR,EN,Phone,Account,Charged twice,Jonly Secure Subscription,Web,Tier 1,Closed,940,0,1,4,-0.54
9000023,JNL000023,CU26632,2025-06-06T10:47:00.000Z,North America,CA,EN,Phone,Shipping,Doorbell not ringing,Jonly Hub Mini,iOS,Tier 1,In Progress,1683,0,1,5,1.0
9000024,JNL000024,CU20319,2025-06-29T22:27:00.000Z,Europe,GB,EN,Chat,Setup,No motion alerts,Jonly Floodlight Max,Web,Tier 2,Closed,344,0,1,5,1.0
9000025,JNL000025,CU50665,2025-06-30T21:36:00.000Z,APAC,NZ,EN,Phone,Functionality,Camera offline,Jonly Hub Mini,Android,Tier 1,In Progress,1137,1,1,5,1.0
9000026,JNL000026,CU55427,2025-07-03T02:21:00.000Z,APAC,SG,NL,Community,Functionality,Order not delivered,Jonly Cam Outdoor,iOS,Tier 1,Escalated,524,1,1,4,-0.18
9000027,JNL000027,CU45398,2025-07-11T04:29:00.000Z,North America,CA,EN,Email,Functionality,Camera offline,Jonly Hub Plus,Web,Tier 1,In Progress,768,0,1,4,0.45
9000028,JNL000028,CU67349,2025-05-08T13:16:00.000Z,North America,CA,EN,Chat,Inquiry,Two-factor issues,Jonly Hub Mini,Android,Tier 1,Closed,870,0,1,2,-0.47
9000029,JNL000029,CU70827,2025-05-01T13:17:00.000Z,Europe,GB,EN,Chat,Functionality,Two-factor issues,Jonly Doorbell Pro,iOS,Tier 1,Closed,670,1,1,4,0.22
9000030,JNL000030,CU56201,2025-05-09T01:20:00.000Z,Europe,FR,NL,Web Form,Inquiry,Wrong item received,Jonly Hub Plus,Android,Tier 1,Closed,820,0,1,5,0.97
9000031,JNL000031,CU58950,2025-07-05T02:17:00.000Z,Europe,GB,EN,Phone,Connectivity,Wrong item received,Jonly Secure Subscription,Web,Tier 1,In Progress,1390,1,1,4,0.55
9000032,JNL000032,CU20840,2025-05-11T16:41:00.000Z,Europe,FR,EN,Chat,Setup,False motion alerts,Jonly Floodlight Max,Android,Tier 1,Closed,1353,0,1,3,0.05
9000033,JNL000033,CU26122,2025-06-02T07:48:00.000Z,Europe,FR,FR,Email,Billing,Order not delivered,Jonly Secure Subscription,iOS,Tier 1,Closed,534,1,1,3,-0.54
9000034,JNL000034,CU64150,2025-07-17T11:39:00.000Z,Europe,FR,EN,Phone,Billing,Audio one-way only,Jonly Secure Subscription,iOS,Tier 1,Closed,813,1,0,3,-0.13
9000035,JNL000035,CU46342,2025-07-24T22:08:00.000Z,Europe,NL,EN,Email,Inquiry,Two-factor issues,Jonly Doorbell Pro,iOS,Tier 1,Closed,925,1,1,3,0.26
9000036,JNL000036,CU98469,2025-05-03T06:34:00.000Z,Europe,FR,DE,Phone,Inquiry,Poor night vision,Jonly Hub Plus,Android,Tier 1,Closed,969,0,1,4,0.61
9000037,JNL000037,CU28433,2025-05-31T09:57:00.000Z,North America,US,EN,Phone,Connectivity,Camera offline,Jonly Cam Outdoor,Android,Tier 2,Closed,1329,1,1,3,0.04
9000038,JNL000038,CU66291,2025-05-15T18:55:00.000Z,Europe,DE,EN,Phone,Functionality,No motion alerts,Jonly Doorbell Pro,iOS,Tier 1,Closed,1031,0,0,3,-0.52
9000039,JNL000039,CU18422,2025-07-19T10:33:00.000Z,North America,CA,EN,Chat,Billing,Order not delivered,Jonly Cam Indoor,Other,Tier 2,Closed,449,1,1,4,0.59
9000040,JNL000040,CU14685,2025-06-19T17:12:00.000Z,North America,CA,EN,Phone,Connectivity,Camera offline,Jonly Hub Plus,Web,Tier 1,Closed,958,0,1,3,-0.27
9000041,JNL000041,CU76345,2025-06-23T19:38:00.000Z,Europe,FR,EN,Email,Inquiry,Camera offline,Jonly Hub Mini,iOS,Tier 2,Escalated,1044,0,1,4,0.26
9000042,JNL000042,CU75852,2025-07-26T11:07:00.000Z,APAC,SG,EN,Chat,Account,Poor night vision,Jonly Doorbell Pro,Web,Tier 1,In Progress,594,0,1,4,0.09
9000043,JNL000043,CU35642,2025-06-15T17:07:00.000Z,North America,CA,EN,Community,Billing,Video not loading,Jonly Secure Subscription,Web,Tier 1,Closed,579,0,1,5,1.0
9000044,JNL000044,CU91555,2025-07-07T19:11:00.000Z,North America,US,DE,Phone,Connectivity,Camera offline,Jonly Hub Plus,Android,Tier 1,Closed,1083,2,1,4,0.81
9000045,JNL000045,CU58492,2025-07-29T21:27:00.000Z,Europe,DE,EN,Email,Account,Two-factor issues,Jonly Floodlight Max,Android,Tier 1,Closed,483,0,1,5,1.0
9000046,JNL000046,CU71001,2025-06-06T15:15:00.000Z,APAC,NZ,EN,Chat,Billing,False motion alerts,Jonly Cam Indoor,iOS,Tier 1,Closed,1206,0,1,3,0.25
9000047,JNL000047,CU81782,2025-07-29T14:13:00.000Z,Europe,GB,EN,Web Form,Account,Subscription not applied,Jonly Secure Subscription,iOS,Tier 1,Closed,915,0,1,3,0.45
9000048,JNL000048,CU84336,2025-05-30T01:12:00.000Z,Europe,GB,EN,Chat,Connectivity,Subscription not applied,Jonly Floodlight Max,iOS,Tier 1,Escalated,1095,1,1,4,0.73
9000049,JNL000049,CU72073,2025-07-10T16:56:00.000Z,Europe,NL,EN,Community,Setup,Doorbell not ringing,Jonly Secure Subscription,Android,Tier 2,Closed,1009,0,1,5,1.0
9000050,JNL000050,CU34637,2025-06-08T00:28:00.000Z,North America,CA,FR,Email,Inquiry,Poor night vision,Jonly Secure Subscription,Android,Tier 1,Closed,996,0,1,2,-0.37
9000051,JNL000051,CU56701,2025-05-01T07:16:00.000Z,North America,CA,EN,Chat,Inquiry,Device will not pair,Jonly Secure Subscription,iOS,Tier 1,Closed,1466,0,1,4,0.62
9000052,JNL000052,CU14346,2025-07-19T15:53:00.000Z,APAC,SG,EN,Chat,Functionality,Doorbell not ringing,Jonly Cam Outdoor,Android,Tier 1,Closed,914,0,1,4,0.66
9000053,JNL000053,CU32729,2025-05-19T09:44:00.000Z,North America,CA,EN,Chat,Inquiry,No motion alerts,Jonly Cam Outdoor,iOS,Tier 2,Closed,1193,0,1,3,-0.41
9000054,JNL000054,CU97210,2025-06-07T11:21:00.000Z,North America,CA,EN,Email,Setup,Subscription not applied,Jonly Hub Plus,Android,Tier 1,Closed,1207,0,1,3,-0.08
9000055,JNL000055,CU15152,2025-05-05T16:02:00.000Z,Europe,GB,EN,Phone,Billing,Two-factor issues,Jonly Secure Subscription,Other,Tier 1,Closed,1112,0,0,4,1.0
9000056,JNL000056,CU73251,2025-07-14T17:50:00.000Z,Europe,DE,EN,Phone,Setup,Wrong item received,Jonly Doorbell Pro,iOS,Tier 2,In Progress,1499,0,1,2,-0.98
9000057,JNL000057,CU15962,2025-05-03T05:54:00.000Z,APAC,AU,NL,Phone,Functionality,Cannot login to app,Jonly Cam Outdoor,Android,Tier 2,Closed,990,1,0,5,0.62
9000058,JNL000058,CU12241,2025-07-01T19:50:00.000Z,Europe,FR,EN,Phone,Account,Doorbell not ringing,Jonly Secure Subscription,Android,Tier 2,Escalated,837,0,1,5,0.77
9000059,JNL000059,CU38184,2025-06-01T09:46:00.000Z,APAC,AU,EN,Web Form,Functionality,Device will not pair,Jonly Hub Mini,iOS,Tier 1,Closed,440,0,1,3,0.43
9000060,JNL000060,CU74602,2025-05-30T01:58:00.000Z,North America,US,EN,Phone,Setup,Laggy live view,Jonly Cam Indoor,iOS,Tier 1,Closed,701,0,0,3,-0.09
9000061,JNL000061,CU72346,2025-06-02T15:43:00.000Z,North America,US,EN,Phone,Account,Doorbell not ringing,Jonly Secure Subscription,Android,Tier 1,Closed,1020,0,1,3,-0.03
9000062,JNL000062,CU65550,2025-06-01T20:03:00.000Z,APAC,SG,EN,Chat,Connectivity,Two-factor issues,Jonly Doorbell Pro,iOS,Tier 2,Closed,1358,1,0,2,-0.28
9000063,JNL000063,CU89866,2025-07-05T03:05:00.000Z,North America,CA,EN,Phone,Inquiry,Laggy live view,Jonly Doorbell Pro,Android,Tier 1,In Progress,1628,0,1,5,0.73
9000064,JNL000064,CU13941,2025-07-07T01:58:00.000Z,North America,CA,EN,Email,Connectivity,Subscription not applied,Jonly Hub Mini,iOS,Tier 1,Closed,320,1,1,5,0.26
9000065,JNL000065,CU27701,2025-05-09T09:50:00.000Z,North America,US,FR,Phone,Setup,Order not delivered,Jonly Cam Indoor,Android,Tier 1,Escalated,495,2,1,5,0.49
9000066,JNL000066,CU27950,2025-05-17T21:30:00.000Z,North America,CA,EN,Chat,Inquiry,Audio one-way only,Jonly Floodlight Max,iOS,Tier 1,Closed,727,0,1,5,1.0
9000067,JNL000067,CU39027,2025-07-30T18:08:00.000Z,Europe,GB,EN,Email,Billing,Camera offline,Jonly Floodlight Max,Android,Tier 1,Closed,822,0,1,3,0.28
9000068,JNL000068,CU58722,2025-05-29T14:10:00.000Z,North America,CA,NL,Chat,Shipping,Charged twice,Jonly Cam Indoor,iOS,Tier 2,Closed,645,1,1,5,0.95
9000069,JNL000069,CU78022,2025-05-17T12:00:00.000Z,APAC,SG,EN,Community,Billing,Charged twice,Jonly Cam Indoor,iOS,Tier 1,Closed,689,0,1,4,0.44
9000070,JNL000070,CU69784,2025-07-16T16:29:00.000Z,North America,US,EN,Community,Functionality,Camera offline,Jonly Secure Subscription,Web,Escalation,Closed,613,2,1,3,-0.44
9000071,JNL000071,CU73326,2025-06-05T01:54:00.000Z,North America,CA,EN,Email,Setup,Charged twice,Jonly Doorbell Pro,iOS,Tier 1,Closed,924,0,1,3,-0.75
9000072,JNL000072,CU99827,2025-05-31T10:03:00.000Z,Europe,NL,FR,Chat,Functionality,Poor night vision,Jonly Doorbell Pro,iOS,Tier 1,Closed,319,0,1,4,1.0
9000073,JNL000073,CU85720,2025-05-21T01:43:00.000Z,Europe,GB,EN,Email,Functionality,Two-factor issues,Jonly Cam Outdoor,Android,Tier 1,Closed,619,0,1,5,1.0
9000074,JNL000074,CU58950,2025-05-20T01:51:00.000Z,Europe,DE,EN,Phone,Shipping,Cannot login to app,Jonly Secure Subscription,iOS,Tier 2,Closed,1348,0,0,4,1.0
9000075,JNL000075,CU26530,2025-07-23T02:58:00.000Z,North America,US,EN,Chat,Inquiry,Two-factor issues,Jonly Cam Outdoor,Android,Tier 1,Closed,495,0,1,5,0.78
9000076,JNL000076,CU53215,2025-05-26T10:19:00.000Z,North America,US,EN,Email,Shipping,Camera offline,Jonly Cam Indoor,iOS,Tier 2,Closed,1254,2,1,2,-0.44
9000077,JNL000077,CU75327,2025-06-28T02:41:00.000Z,North America,CA,EN,Phone,Inquiry,Cannot login to app,Jonly Hub Mini,iOS,Tier 2,Closed,1274,1,1,2,-0.65
9000078,JNL000078,CU54840,2025-07-19T00:48:00.000Z,North America,US,EN,Web Form,Billing,Video not loading,Jonly Floodlight Max,Android,Tier 1,Closed,613,1,1,1,-1.0
9000079,JNL000079,CU49245,2025-05-10T05:25:00.000Z,North America,US,FR,Phone,Inquiry,Device will not pair,Jonly Floodlight Max,iOS,Tier 1,Closed,380,0,1,4,0.65
9000080,JNL000080,CU57971,2025-06-26T21:56:00.000Z,Europe,NL,EN,Email,Setup,Order not delivered,Jonly Doorbell Pro,iOS,Tier 1,Escalated,1126,1,1,5,0.62
9000081,JNL000081,CU44594,2025-07-24T03:22:00.000Z,North America,US,EN,Email,Connectivity,Camera offline,Jonly Secure Subscription,Android,Tier 1,Escalated,696,1,1,3,-0.03
9000082,JNL000082,CU38168,2025-07-03T01:48:00.000Z,North America,CA,DE,Phone,Functionality,Subscription not applied,Jonly Cam Outdoor,iOS,Tier 1,In Progress,606,0,1,5,0.29
9000083,JNL000083,CU96623,2025-07-01T08:50:00.000Z,North America,CA,EN,Chat,Inquiry,Video not loading,Jonly Cam Outdoor,iOS,Tier 1,Closed,945,0,1,5,1.0
9000084,JNL000084,CU26933,2025-05-10T10:04:00.000Z,APAC,AU,DE,Chat,Inquiry,Charged twice,Jonly Cam Outdoor,iOS,Tier 2,Closed,1434,2,1,4,0.89
9000085,JNL000085,CU71331,2025-05-28T18:51:00.000Z,North America,US,DE,Phone,Setup,Device will not pair,Jonly Doorbell Pro,Other,Tier 1,Closed,1467,0,1,2,-0.86
9000086,JNL000086,CU93347,2025-05-03T18:55:00.000Z,North America,CA,NL,Web Form,Connectivity,Cannot login to app,Jonly Hub Mini,iOS,Tier 1,In Progress,732,1,1,4,0.18
9000087,JNL000087,CU98311,2025-05-25T03:12:00.000Z,APAC,SG,EN,Email,Connectivity,Cannot login to app,Jonly Cam Outdoor,iOS,Escalation,In Progress,730,0,1,3,0.07
9000088,JNL000088,CU89652,2025-05-21T06:37:00.000Z,North America,CA,EN,Email,Inquiry,Device will not pair,Jonly Hub Mini,Web,Tier 1,Escalated,905,0,0,3,-0.26
9000089,JNL000089,CU32895,2025-07-22T09:18:00.000Z,Europe,DE,EN,Phone,Shipping,Doorbell not ringing,Jonly Cam Outdoor,Web,Tier 1,Closed,1332,0,1,2,-0.17
9000090,JNL000090,CU75565,2025-05-22T09:28:00.000Z,North America,US,DE,Chat,Connectivity,Subscription not applied,Jonly Hub Plus,iOS,Tier 1,Closed,542,0,0,3,0.07
9000091,JNL000091,CU65220,2025-06-28T03:46:00.000Z,North America,CA,DE,Phone,Billing,Poor night vision,Jonly Secure Subscription,Android,Escalation,Closed,1288,0,1,4,0.87
9000092,JNL000092,CU94400,2025-07-28T06:59:00.000Z,North America,US,EN,Web Form,Shipping,False motion alerts,Jonly Hub Plus,iOS,Tier 2,Closed,214,1,0,5,0.77
9000093,JNL000093,CU51440,2025-07-08T01:07:00.000Z,North America,CA,EN,Phone,Inquiry,Cannot login to app,Jonly Cam Outdoor,iOS,Tier 1,Closed,1261,1,1,5,0.45
9000094,JNL000094,CU39054,2025-05-08T11:29:00.000Z,North America,CA,EN,Phone,Functionality,Order not delivered,Jonly Doorbell Pro,Android,Tier 1,Closed,1527,1,1,5,0.45
9000095,JNL000095,CU20886,2025-07-23T17:26:00.000Z,APAC,SG,DE,Phone,Inquiry,Order not delivered,Jonly Hub Plus,iOS,Tier 1,Closed,1562,0,0,3,0.14
9000096,JNL000096,CU49085,2025-07-04T18:10:00.000Z,Europe,NL,EN,Phone,Inquiry,Device will not pair,Jonly Hub Mini,Android,Tier 1,Closed,1565,0,1,5,1.0
9000097,JNL000097,CU64092,2025-07-17T17:04:00.000Z,North America,CA,EN,Chat,Connectivity,Audio one-way only,Jonly Hub Plus,Android,Tier 1,Closed,354,1,1,4,1.0
9000098,JNL000098,CU49260,2025-05-14T22:39:00.000Z,Europe,NL,DE,Phone,Setup,Poor night vision,Jonly Cam Outdoor,iOS,Tier 2,Closed,1254,0,0,1,-0.66
9000099,JNL000099,CU45628,2025-07-09T07:24:00.000Z,Europe,NL,EN,Phone,Connectivity,Camera offline,Jonly Floodlight Max,iOS,Tier 1,Closed,725,0,1,3,0.12
9000100,JNL000100,CU74727,2025-05-08T09:30:00.000Z,North America,CA,FR,Community,Functionality,Video not loading,Jonly Floodlight Max,Web,Tier 1,Closed,441,1,1,4,0.1
9000101,JNL000101,CU24335,2025-07-06T21:23:00.000Z,Europe,FR,FR,Email,Account,Doorbell not ringing,Jonly Hub Plus,iOS,Tier 1,Closed,912,0,1,5,0.66
9000102,JNL000102,CU16948,2025-07-11T10:14:00.000Z,Europe,FR,FR,Web Form,Connectivity,Audio one-way only,Jonly Hub Plus,Android,Tier 1,Closed,392,1,1,5,1.0
9000103,JNL000103,CU39743,2025-06-24T13:06:00.000Z,North America,US,EN,Email,Account,Poor night vision,Jonly Floodlight Max,Android,Tier 1,Closed,639,0,1,3,-0.32
9000104,JNL000104,CU18598,2025-05-01T23:57:00.000Z,Europe,GB,EN,Email,Functionality,Subscription not applied,Jonly Cam Outdoor,Web,Escalation,Closed,821,0,0,5,0.87
9000105,JNL000105,CU83414,2025-07-15T21:29:00.000Z,North America,CA,EN,Email,Inquiry,Charged twice,Jonly Secure Subscription,Other,Tier 1,Closed,780,0,0,4,0.53
9000106,JNL000106,CU15849,2025-05-09T07:14:00.000Z,North America,US,EN,Email,Setup,Video not loading,Jonly Hub Mini,Android,Tier 1,Closed,953,1,1,3,0.09
9000107,JNL000107,CU90595,2025-06-19T00:21:00.000Z,North America,US,EN,Email,Connectivity,Camera offline,Jonly Secure Subscription,Android,Escalation,Closed,1163,0,1,4,0.61
9000108,JNL000108,CU45370,2025-07-28T22:23:00.000Z,North America,CA,EN,Chat,Shipping,Audio one-way only,Jonly Secure Subscription,iOS,Tier 1,In Progress,671,1,1,2,-0.56
9000109,JNL000109,CU10832,2025-05-23T12:51:00.000Z,Europe,FR,EN,Phone,Inquiry,Doorbell not ringing,Jonly Cam Outdoor,iOS,Tier 1,Closed,870,1,1,5,0.71
9000110,JNL000110,CU44383,2025-06-30T15:32:00.000Z,APAC,AU,EN,Email,Billing,Audio one-way only,Jonly Doorbell Pro,Android,Tier 1,Closed,196,0,0,4,0.01
9000111,JNL000111,CU12813,2025-07-19T10:53:00.000Z,North America,CA,EN,Chat,Inquiry,Laggy live view,Jonly Floodlight Max,Android,Tier 1,Closed,921,0,1,3,0.04
9000112,JNL000112,CU44001,2025-06-15T09:10:00.000Z,Europe,NL,FR,Web Form,Setup,Order not delivered,Jonly Cam Outdoor,iOS,Tier 1,Closed,807,0,1,4,1.0
9000113,JNL000113,CU87380,2025-07-28T10:14:00.000Z,North America,CA,DE,Phone,Connectivity,Cannot login to app,Jonly Hub Plus,Android,Tier 1,Closed,475,0,1,3,-0.43
9000114,JNL000114,CU12088,2025-05-05T19:23:00.000Z,Europe,FR,EN,Phone,Shipping,Camera offline,Jonly Cam Indoor,iOS,Tier 2,Closed,1440,0,1,1,-0.92
9000115,JNL000115,CU70385,2025-07-16T16:15:00.000Z,North America,CA,DE,Phone,Inquiry,No motion alerts,Jonly Hub Mini,iOS,Tier 1,Closed,1375,0,1,5,0.18
9000116,JNL000116,CU85120,2025-06-26T07:57:00.000Z,Europe,NL,EN,Email,Inquiry,Video not loading,Jonly Hub Mini,Android,Tier 1,Closed,1076,0,1,3,0.1
9000117,JNL000117,CU10482,2025-07-03T03:37:00.000Z,North America,US,EN,Chat,Setup,Device will not pair,Jonly Cam Indoor,iOS,Tier 1,Closed,1079,2,1,4,0.23
9000118,JNL000118,CU65044,2025-07-22T12:34:00.000Z,North America,CA,DE,Phone,Inquiry,Poor night vision,Jonly Cam Outdoor,Android,Tier 1,Closed,1233,0,1,5,1.0
9000119,JNL000119,CU69849,2025-07-13T02:52:00.000Z,APAC,AU,EN,Phone,Connectivity,Poor night vision,Jonly Secure Subscription,Other,Tier 1,Closed,300,2,1,4,1.0
9000120,JNL000120,CU34958,2025-07-07T10:36:00.000Z,North America,CA,EN,Community,Account,Video not loading,Jonly Doorbell Pro,Web,Escalation,Closed,690,1,1,1,-0.88
9000121,JNL000121,CU80414,2025-05-22T13:14:00.000Z,North America,US,FR,Email,Inquiry,False motion alerts,Jonly Doorbell Pro,iOS,Tier 2,Closed,742,0,1,3,0.28
9000122,JNL000122,CU58430,2025-06-18T13:53:00.000Z,North America,CA,DE,Phone,Functionality,Order not delivered,Jonly Hub Mini,iOS,Tier 1,Closed,930,0,1,5,0.67
9000123,JNL000123,CU20264,2025-05-25T10:21:00.000Z,North America,US,EN,Phone,Connectivity,No motion alerts,Jonly Cam Outdoor,iOS,Tier 2,Closed,1340,1,0,5,0.68
9000124,JNL000124,CU80610,2025-05-19T12:39:00.000Z,Europe,NL,EN,Phone,Functionality,False motion alerts,Jonly Cam Outdoor,iOS,Tier 1,Closed,247,1,1,5,0.24
9000125,JNL000125,CU84901,2025-06-19T11:10:00.000Z,North America,CA,EN,Chat,Connectivity,Laggy live view,Jonly Floodlight Max,Web,Tier 1,Closed,1247,1,1,4,0.37
9000126,JNL000126,CU62880,2025-07-06T14:06:00.000Z,Europe,NL,DE,Phone,Inquiry,Wrong item received,Jonly Cam Indoor,Android,Tier 1,Closed,1205,0,1,4,0.39
9000127,JNL000127,CU93043,2025-06-28T02:03:00.000Z,North America,US,FR,Web Form,Shipping,Wrong item received,Jonly Cam Outdoor,iOS,Tier 1,Closed,588,0,1,4,0.61
9000128,JNL000128,CU29975,2025-05-11T21:13:00.000Z,Europe,FR,DE,Phone,Inquiry,Poor night vision,Jonly Cam Indoor,iOS,Tier 1,Closed,1594,1,1,2,-0.99
9000129,JNL000129,CU96265,2025-05-13T10:42:00.000Z,North America,US,DE,Community,Functionality,Poor night vision,Jonly Hub Plus,Android,Tier 1,In Progress,392,0,1,4,-0.13
9000130,JNL000130,CU49152,2025-06-01T09:21:00.000Z,Europe,GB,EN,Phone,Setup,Poor night vision,Jonly Hub Plus,iOS,Tier 1,In Progress,627,0,0,5,0.83
9000131,JNL000131,CU42454,2025-05-04T11:50:00.000Z,North America,CA,EN,Chat,Inquiry,Wrong item received,Jonly Doorbell Pro,Android,Tier 2,Closed,403,0,0,5,0.59
9000132,JNL000132,CU73029,2025-06-17T16:42:00.000Z,Europe,NL,EN,Phone,Account,No motion alerts,Jonly Cam Indoor,iOS,Tier 1,In Progress,811,1,1,3,0.3
9000133,JNL000133,CU71524,2025-07-21T03:32:00.000Z,Europe,NL,EN,Chat,Functionality,No motion alerts,Jonly Doorbell Pro,Android,Escalation,Closed,830,2,1,3,-0.46
9000134,JNL000134,CU90564,2025-06-22T03:21:00.000Z,North America,CA,DE,Chat,Setup,Camera offline,Jonly Cam Indoor,iOS,Escalation,Closed,598,2,1,4,0.45
9000135,JNL000135,CU91964,2025-06-07T17:06:00.000Z,North America,CA,FR,Phone,Billing,Device will not pair,Jonly Cam Indoor,Android,Tier 1,Closed,632,3,1,1,-0.72
9000136,JNL000136,CU70369,2025-07-28T05:35:00.000Z,North America,CA,DE,Chat,Account,Poor night vision,Jonly Cam Outdoor,Android,Tier 2,Escalated,773,1,1,4,-0.1
9000137,JNL000137,CU28708,2025-05-08T14:16:00.000Z,Europe,GB,EN,Email,Functionality,Device will not pair,Jonly Secure Subscription,iOS,Tier 1,Closed,1018,1,1,1,-0.93
9000138,JNL000138,CU80788,2025-07-01T08:49:00.000Z,North America,CA,NL,Chat,Inquiry,Cannot login to app,Jonly Cam Outdoor,Android,Tier 2,Closed,1622,1,1,5,0.86
9000139,JNL000139,CU10291,2025-06-21T02:43:00.000Z,APAC,NZ,EN,Email,Account,Poor night vision,Jonly Doorbell Pro,Android,Tier 1,Closed,1077,2,1,4,0.72
9000140,JNL000140,CU29589,2025-06-24T07:40:00.000Z,Europe,GB,EN,Chat,Account,Wrong item received,Jonly Floodlight Max,iOS,Tier 1,Closed,1262,2,1,4,0.74
9000141,JNL000141,CU26317,2025-06-29T01:52:00.000Z,Europe,FR,EN,Chat,Billing,Camera offline,Jonly Secure Subscription,iOS,Tier 1,Closed,560,1,1,3,0.15
9000142,JNL000142,CU58592,2025-07-28T16:18:00.000Z,Europe,FR,EN,Phone,Inquiry,Laggy live view,Jonly Doorbell Pro,Android,Tier 1,Closed,1460,1,1,5,1.0
9000143,JNL000143,CU31856,2025-07-01T20:59:00.000Z,North America,US,EN,Phone,Connectivity,Device will not pair,Jonly Cam Outdoor,Android,Tier 1,Closed,1685,1,0,4,0.56
9000144,JNL000144,CU17634,2025-05-19T01:35:00.000Z,Europe,GB,EN,Email,Inquiry,Poor night vision,Jonly Cam Indoor,Android,Tier 1,Closed,652,0,1,5,0.69
9000145,JNL000145,CU97413,2025-06-05T12:48:00.000Z,North America,US,NL,Phone,Inquiry,No motion alerts,Jonly Cam Indoor,Android,Escalation,Closed,1342,0,1,3,-0.16
9000146,JNL000146,CU25009,2025-06-22T07:29:00.000Z,North America,CA,EN,Phone,Setup,Order not delivered,Jonly Hub Plus,Android,Tier 1,Escalated,1731,1,1,4,0.01
9000147,JNL000147,CU66752,2025-06-27T04:17:00.000Z,North America,US,EN,Phone,Connectivity,Device will not pair,Jonly Secure Subscription,Android,Tier 1,Closed,1437,0,0,2,-0.82
9000148,JNL000148,CU47886,2025-05-26T18:03:00.000Z,North America,US,EN,Chat,Shipping,Two-factor issues,Jonly Cam Indoor,Android,Tier 1,Escalated,754,0,1,4,0.76
9000149,JNL000149,CU52903,2025-06-24T17:32:00.000Z,Europe,FR,EN,Email,Billing,Laggy live view,Jonly Doorbell Pro,Android,Tier 2,Closed,385,0,1,5,1.0
9000150,JNL000150,CU93755,2025-07-14T23:02:00.000Z,Europe,GB,EN,Phone,Functionality,Video not loading,Jonly Cam Outdoor,Web,Escalation,Closed,1128,0,1,3,-0.41
9000151,JNL000151,CU33981,2025-06-01T04:59:00.000Z,APAC,SG,EN,Phone,Functionality,Subscription not applied,Jonly Hub Plus,Web,Escalation,In Progress,706,0,1,3,0.25
9000152,JNL000152,CU20341,2025-05-08T03:52:00.000Z,North America,US,EN,Phone,Functionality,Camera offline,Jonly Secure Subscription,Android,Tier 1,Closed,290,0,1,2,-0.29
9000153,JNL000153,CU39697,2025-06-05T20:30:00.000Z,Europe,DE,EN,Web Form,Setup,False motion alerts,Jonly Cam Indoor,Android,Tier 1,In Progress,914,0,0,4,0.62
9000154,JNL000154,CU14999,2025-06-16T03:49:00.000Z,North America,US,EN,Community,Shipping,Audio one-way only,Jonly Cam Indoor,Web,Tier 1,Closed,370,0,1,5,0.7
9000155,JNL000155,CU78436,2025-05-14T07:39:00.000Z,APAC,SG,DE,Web Form,Inquiry,No motion alerts,Jonly Doorbell Pro,iOS,Tier 2,In Progress,471,0,1,4,-0.38
9000156,JNL000156,CU28721,2025-06-23T17:33:00.000Z,Europe,DE,EN,Phone,Setup,Subscription not applied,Jonly Hub Plus,Android,Tier 2,Closed,832,1,1,4,0.58
9000157,JNL000157,CU15945,2025-06-19T09:08:00.000Z,North America,CA,FR,Phone,Billing,Cannot login to app,Jonly Floodlight Max,Android,Tier 2,Closed,924,1,1,1,-0.13
9000158,JNL000158,CU68847,2025-05-09T03:42:00.000Z,North America,US,DE,Chat,Setup,Device will not pair,Jonly Hub Plus,iOS,Tier 1,Escalated,1154,0,1,2,-0.17
9000159,JNL000159,CU39852,2025-07-08T04:09:00.000Z,APAC,SG,DE,Phone,Functionality,Doorbell not ringing,Jonly Floodlight Max,Web,Tier 1,Closed,721,1,1,5,1.0
9000160,JNL000160,CU16280,2025-06-13T15:29:00.000Z,Europe,FR,DE,Phone,Account,Order not delivered,Jonly Secure Subscription,Android,Tier 2,Closed,1630,0,1,5,0.96
9000161,JNL000161,CU95795,2025-07-07T08:00:00.000Z,North America,US,DE,Web Form,Connectivity,Audio one-way only,Jonly Cam Indoor,Android,Tier 1,In Progress,786,0,1,3,0.31
9000162,JNL000162,CU61791,2025-05-31T15:27:00.000Z,APAC,AU,FR,Phone,Inquiry,Order not delivered,Jonly Cam Outdoor,Web,Tier 2,Closed,478,1,1,4,0.79
9000163,JNL000163,CU47383,2025-07-09T18:55:00.000Z,North America,CA,EN,Phone,Functionality,No motion alerts,Jonly Floodlight Max,iOS,Tier 1,Closed,1291,1,1,4,0.9
9000164,JNL000164,CU79647,2025-07-27T13:33:00.000Z,Europe,GB,EN,Phone,Functionality,Video not loading,Jonly Floodlight Max,Android,Tier 1,Closed,1092,1,1,2,-0.29
9000165,JNL000165,CU43240,2025-06-28T04:50:00.000Z,North America,US,EN,Chat,Functionality,Audio one-way only,Jonly Cam Indoor,Android,Tier 1,Closed,657,1,1,2,-0.56
9000166,JNL000166,CU30027,2025-06-05T20:23:00.000Z,North America,US,EN,Chat,Account,Two-factor issues,Jonly Hub Plus,Other,Tier 2,Closed,1338,0,1,5,1.0
9000167,JNL000167,CU45809,2025-06-15T16:05:00.000Z,Europe,DE,DE,Phone,Inquiry,False motion alerts,Jonly Cam Indoor,iOS,Tier 2,Closed,1379,0,0,5,0.5
9000168,JNL000168,CU65077,2025-06-22T07:45:00.000Z,North America,US,EN,Chat,Billing,Order not delivered,Jonly Doorbell Pro,iOS,Tier 2,Closed,1112,0,1,3,-0.23
9000169,JNL000169,CU19388,2025-07-17T08:54:00.000Z,Europe,FR,NL,Community,Functionality,Charged twice,Jonly Doorbell Pro,Other,Tier 1,Closed,320,1,1,4,0.16
9000170,JNL000170,CU61134,2025-05-16T00:40:00.000Z,North America,CA,EN,Phone,Inquiry,Laggy live view,Jonly Secure Subscription,iOS,Tier 1,Closed,943,0,1,3,0.38
9000171,JNL000171,CU35079,2025-05-19T21:23:00.000Z,APAC,AU,DE,Phone,Connectivity,No motion alerts,Jonly Doorbell Pro,iOS,Tier 1,Closed,1584,0,0,1,-1.0
9000172,JNL000172,CU77855,2025-07-24T12:32:00.000Z,Europe,DE,EN,Phone,Setup,Audio one-way only,Jonly Floodlight Max,Other,Tier 1,Closed,782,1,1,4,0.31
9000173,JNL000173,CU22496,2025-05-19T23:52:00.000Z,North America,US,EN,Email,Shipping,Two-factor issues,Jonly Hub Plus,iOS,Tier 1,Closed,1046,0,1,5,1.0
9000174,JNL000174,CU94500,2025-05-13T22:46:00.000Z,North America,CA,EN,Web Form,Billing,False motion alerts,Jonly Secure Subscription,Android,Tier 1,Escalated,1229,0,1,3,-0.1
9000175,JNL000175,CU70761,2025-05-23T20:23:00.000Z,North America,US,NL,Phone,Setup,No motion alerts,Jonly Cam Indoor,iOS,Tier 1,Closed,1718,1,1,5,1.0
9000176,JNL000176,CU20848,2025-05-29T03:21:00.000Z,APAC,NZ,FR,Email,Inquiry,Poor night vision,Jonly Doorbell Pro,iOS,Tier 1,Closed,1050,1,1,3,0.08
9000177,JNL000177,CU78162,2025-07-03T00:35:00.000Z,Europe,GB,EN,Email,Functionality,Doorbell not ringing,Jonly Secure Subscription,iOS,Tier 1,Closed,721,0,1,4,0.75
9000178,JNL000178,CU75930,2025-07-20T12:07:00.000Z,APAC,NZ,EN,Email,Functionality,Order not delivered,Jonly Secure Subscription,Web,Tier 1,Closed,405,0,1,2,-0.64
9000179,JNL000179,CU94753,2025-05-20T18:42:00.000Z,North America,US,EN,Chat,Connectivity,Subscription not applied,Jonly Secure Subscription,Android,Tier 2,Closed,219,0,1,4,0.9
9000180,JNL000180,CU78987,2025-06-07T11:38:00.000Z,North America,US,EN,Phone,Inquiry,Camera offline,Jonly Hub Plus,Other,Tier 1,Closed,436,0,1,5,1.0
9000181,JNL000181,CU42800,2025-07-16T23:09:00.000Z,North America,CA,EN,Chat,Account,Subscription not applied,Jonly Secure Subscription,iOS,Tier 1,Closed,1223,0,1,5,0.33
9000182,JNL000182,CU94182,2025-07-11T10:04:00.000Z,APAC,NZ,FR,Phone,Billing,Subscription not applied,Jonly Secure Subscription,Android,Tier 2,In Progress,770,0,1,2,-0.97
9000183,JNL000183,CU73946,2025-07-14T16:04:00.000Z,North America,US,DE,Email,Billing,Two-factor issues,Jonly Cam Outdoor,iOS,Tier 1,Closed,507,2,1,4,0.93
9000184,JNL000184,CU82559,2025-07-12T18:00:00.000Z,North America,US,EN,Phone,Billing,Two-factor issues,Jonly Cam Indoor,Android,Tier 1,Closed,1064,0,1,1,-1.0
9000185,JNL000185,CU76303,2025-05-28T19:12:00.000Z,North America,CA,EN,Phone,Shipping,Laggy live view,Jonly Cam Outdoor,iOS,Tier 2,Closed,1299,2,0,1,-0.86
9000186,JNL000186,CU84162,2025-07-30T07:47:00.000Z,North America,US,EN,Phone,Billing,Laggy live view,Jonly Cam Indoor,iOS,Tier 2,Closed,846,1,1,1,-0.74
9000187,JNL000187,CU16404,2025-07-02T22:05:00.000Z,Europe,FR,DE,Email,Account,Audio one-way only,Jonly Cam Indoor,iOS,Tier 1,Closed,1167,0,1,5,0.66
9000188,JNL000188,CU43385,2025-07-24T20:10:00.000Z,Europe,NL,NL,Phone,Functionality,No motion alerts,Jonly Doorbell Pro,Web,Tier 1,Closed,1453,0,1,4,0.48
9000189,JNL000189,CU34353,2025-05-19T05:35:00.000Z,North America,CA,EN,Phone,Connectivity,Audio one-way only,Jonly Hub Plus,Android,Tier 1,Closed,1484,1,0,4,0.57
9000190,JNL000190,CU91416,2025-07-10T15:07:00.000Z,APAC,NZ,NL,Email,Billing,No motion alerts,Jonly Secure Subscription,Android,Tier 2,In Progress,902,2,1,2,-0.66
9000191,JNL000191,CU28235,2025-07-13T09:32:00.000Z,North America,CA,EN,Phone,Setup,Doorbell not ringing,Jonly Hub Mini,Android,Tier 2,In Progress,1521,1,1,5,1.0
9000192,JNL000192,CU42538,2025-06-30T11:43:00.000Z,North America,US,EN,Chat,Connectivity,Order not delivered,Jonly Cam Outdoor,Android,Tier 2,Closed,745,0,1,1,-1.0
9000193,JNL000193,CU87026,2025-07-18T07:44:00.000Z,APAC,AU,EN,Phone,Connectivity,Audio one-way only,Jonly Hub Plus,iOS,Tier 2,Closed,764,0,1,3,0.4
9000194,JNL000194,CU61995,2025-06-12T20:30:00.000Z,North America,CA,FR,Phone,Inquiry,Wrong item received,Jonly Cam Outdoor,Android,Tier 1,Escalated,1002,0,1,3,-0.85
9000195,JNL000195,CU72437,2025-07-30T19:21:00.000Z,Europe,GB,DE,Phone,Billing,Wrong item received,Jonly Hub Plus,Android,Tier 1,Closed,1391,0,1,4,0.75
9000196,JNL000196,CU62009,2025-05-29T20:43:00.000Z,Europe,GB,EN,Phone,Billing,Doorbell not ringing,Jonly Cam Outdoor,Android,Tier 2,Closed,1214,0,1,5,1.0
9000197,JNL000197,CU99420,2025-06-28T07:08:00.000Z,APAC,AU,EN,Phone,Setup,Two-factor issues,Jonly Hub Mini,Android,Tier 1,Closed,907,0,1,2,-0.41
9000198,JNL000198,CU71299,2025-07-24T00:37:00.000Z,Europe,GB,EN,Web Form,Inquiry,Two-factor issues,Jonly Doorbell Pro,Android,Tier 1,Closed,781,0,0,4,0.89
9000199,JNL000199,CU86593,2025-06-14T18:31:00.000Z,Europe,NL,EN,Phone,Inquiry,Order not delivered,Jonly Floodlight Max,Android,Tier 1,Escalated,1239,0,1,4,0.08
9000200,JNL000200,CU12200,2025-05-16T08:27:00.000Z,North America,US,DE,Phone,Account,Charged twice,Jonly Cam Indoor,iOS,Tier 1,Closed,1366,1,1,3,-0.09
9000201,JNL000201,CU22146,2025-07-06T11:36:00.000Z,North America,US,DE,Phone,Connectivity,Subscription not applied,Jonly Floodlight Max,Android,Tier 1,Closed,794,1,1,2,-0.69
9000202,JNL000202,CU25006,2025-07-17T15:12:00.000Z,North America,US,DE,Phone,Inquiry,No motion alerts,Jonly Hub Plus,iOS,Tier 1,Closed,1006,0,1,5,1.0
9000203,JNL000203,CU36664,2025-07-14T10:31:00.000Z,North America,CA,EN,Phone,Account,False motion alerts,Jonly Cam Indoor,Android,Tier 1,Closed,909,2,1,2,-0.51
9000204,JNL000204,CU55933,2025-05-12T17:00:00.000Z,Europe,FR,EN,Phone,Shipping,Device will not pair,Jonly Secure Subscription,iOS,Tier 2,Closed,869,0,1,5,-0.02
9000205,JNL000205,CU79250,2025-07-19T22:15:00.000Z,North America,CA,EN,Email,Setup,Subscription not applied,Jonly Hub Plus,iOS,Tier 2,Closed,1209,1,1,4,0.42
9000206,JNL000206,CU62532,2025-05-01T11:10:00.000Z,Europe,NL,EN,Email,Connectivity,Video not loading,Jonly Hub Plus,iOS,Tier 1,Closed,515,0,1,5,0.38
9000207,JNL000207,CU32709,2025-06-16T07:59:00.000Z,Europe,DE,EN,Phone,Setup,Wrong item received,Jonly Doorbell Pro,Android,Tier 1,Closed,1039,0,1,5,1.0
9000208,JNL000208,CU62201,2025-06-04T19:52:00.000Z,North America,CA,EN,Email,Functionality,Doorbell not ringing,Jonly Cam Outdoor,Android,Escalation,In Progress,1630,1,1,5,0.37
9000209,JNL000209,CU68377,2025-05-16T06:58:00.000Z,North America,US,FR,Phone,Connectivity,Cannot login to app,Jonly Hub Plus,iOS,Escalation,Closed,1432,1,0,3,-0.45
9000210,JNL000210,CU20726,2025-06-01T10:12:00.000Z,North America,US,EN,Web Form,Inquiry,Audio one-way only,Jonly Cam Outdoor,Android,Tier 1,Closed,408,1,1,1,-0.89
9000211,JNL000211,CU70419,2025-07-19T04:14:00.000Z,North America,CA,EN,Email,Functionality,Audio one-way only,Jonly Doorbell Pro,Android,Tier 1,Escalated,423,0,1,4,0.42
9000212,JNL000212,CU44489,2025-06-20T03:32:00.000Z,Europe,FR,EN,Phone,Account,No motion alerts,Jonly Cam Indoor,Android,Tier 2,In Progress,1658,0,1,5,0.84
9000213,JNL000213,CU52807,2025-06-11T23:52:00.000Z,North America,CA,NL,Phone,Inquiry,Cannot login to app,Jonly Doorbell Pro,Other,Tier 1,In Progress,1082,0,1,5,1.0
9000214,JNL000214,CU11247,2025-07-11T16:53:00.000Z,Europe,NL,DE,Phone,Functionality,Device will not pair,Jonly Cam Outdoor,iOS,Tier 1,Closed,317,0,1,2,0.15
9000215,JNL000215,CU86196,2025-05-18T21:42:00.000Z,North America,CA,EN,Chat,Account,Cannot login to app,Jonly Hub Plus,Android,Tier 2,Closed,1518,0,0,5,1.0
9000216,JNL000216,CU90459,2025-05-01T00:28:00.000Z,North America,CA,EN,Phone,Setup,Audio one-way only,Jonly Hub Plus,iOS,Tier 1,Closed,771,0,1,4,0.68
9000217,JNL000217,CU40052,2025-05-08T23:01:00.000Z,Europe,DE,DE,Phone,Functionality,Charged twice,Jonly Secure Subscription,Web,Tier 2,Closed,778,0,1,3,0.18
9000218,JNL000218,CU93106,2025-05-20T22:01:00.000Z,North America,CA,EN,Chat,Inquiry,Order not delivered,Jonly Floodlight Max,Android,Tier 1,Closed,1577,0,1,5,1.0
9000219,JNL000219,CU45921,2025-07-06T13:01:00.000Z,North America,CA,DE,Chat,Inquiry,No motion alerts,Jonly Hub Mini,iOS,Tier 1,Closed,1368,0,1,5,1.0
9000220,JNL000220,CU97889,2025-07-30T03:33:00.000Z,Europe,GB,EN,Phone,Inquiry,Laggy live view,Jonly Secure Subscription,Android,Tier 1,Closed,743,0,1,3,-0.18
9000221,JNL000221,CU13184,2025-07-07T17:59:00.000Z,North America,CA,DE,Phone,Inquiry,Poor night vision,Jonly Hub Mini,Web,Tier 2,Escalated,909,1,1,5,0.54
9000222,JNL000222,CU76070,2025-05-07T02:17:00.000Z,North America,US,DE,Phone,Shipping,No motion alerts,Jonly Secure Subscription,iOS,Tier 2,In Progress,1094,0,1,3,0.51
9000223,JNL000223,CU27982,2025-05-11T16:38:00.000Z,North America,US,EN,Chat,Inquiry,Poor night vision,Jonly Floodlight Max,iOS,Tier 1,Closed,1181,0,1,5,1.0
9000224,JNL000224,CU38824,2025-06-04T15:19:00.000Z,Europe,NL,EN,Phone,Functionality,Poor night vision,Jonly Doorbell Pro,Android,Tier 1,In Progress,1359,2,1,4,0.66
9000225,JNL000225,CU80809,2025-07-22T23:00:00.000Z,Europe,NL,EN,Phone,Billing,False motion alerts,Jonly Floodlight Max,iOS,Tier 1,Closed,1424,0,0,2,-0.59
9000226,JNL000226,CU66729,2025-07-31T10:11:00.000Z,North America,CA,DE,Phone,Functionality,False motion alerts,Jonly Cam Outdoor,Web,Tier 2,In Progress,1027,0,0,1,-1.0
9000227,JNL000227,CU68393,2025-05-19T15:38:00.000Z,APAC,AU,EN,Web Form,Functionality,Charged twice,Jonly Secure Subscription,Android,Escalation,Closed,1057,0,1,5,0.46
9000228,JNL000228,CU56308,2025-05-12T09:10:00.000Z,North America,CA,DE,Phone,Inquiry,Wrong item received,Jonly Hub Plus,Other,Tier 2,Closed,1823,0,0,1,-0.76
9000229,JNL000229,CU62086,2025-06-30T09:13:00.000Z,North America,US,NL,Chat,Inquiry,No motion alerts,Jonly Secure Subscription,Android,Tier 2,Closed,1001,0,1,5,0.91
9000230,JNL000230,CU88627,2025-05-04T03:56:00.000Z,North America,CA,EN,Community,Inquiry,Device will not pair,Jonly Secure Subscription,iOS,Tier 1,Closed,506,2,1,1,-0.66
9000231,JNL000231,CU74490,2025-05-09T00:00:00.000Z,North America,CA,EN,Phone,Setup,Audio one-way only,Jonly Cam Indoor,Other,Tier 2,Closed,1399,0,1,2,-0.61
9000232,JNL000232,CU91056,2025-05-04T03:07:00.000Z,Europe,GB,EN,Phone,Functionality,Laggy live view,Jonly Secure Subscription,Android,Tier 1,Closed,1141,0,1,5,0.97
9000233,JNL000233,CU27209,2025-05-06T08:47:00.000Z,Europe,DE,DE,Phone,Connectivity,No motion alerts,Jonly Floodlight Max,Web,Tier 1,Escalated,1027,2,1,4,-0.06
9000234,JNL000234,CU60704,2025-05-30T07:26:00.000Z,North America,US,EN,Phone,Inquiry,Order not delivered,Jonly Cam Outdoor,Android,Tier 2,Closed,1530,0,1,4,0.89
9000235,JNL000235,CU14432,2025-05-10T08:33:00.000Z,North America,US,DE,Chat,Inquiry,Device will not pair,Jonly Hub Mini,iOS,Tier 1,Closed,1176,1,1,5,0.94
9000236,JNL000236,CU60257,2025-07-12T07:24:00.000Z,North America,US,EN,Phone,Functionality,Wrong item received,Jonly Secure Subscription,iOS,Tier 1,Closed,1110,0,1,4,0.2
9000237,JNL000237,CU52659,2025-05-31T01:40:00.000Z,North America,CA,EN,Email,Inquiry,Device will not pair,Jonly Hub Mini,Android,Escalation,Closed,1291,0,1,5,1.0
9000238,JNL000238,CU18682,2025-07-13T05:00:00.000Z,Europe,DE,EN,Email,Setup,False motion alerts,Jonly Cam Outdoor,iOS,Tier 1,Escalated,673,0,1,2,-0.36
9000239,JNL000239,CU43021,2025-05-10T01:08:00.000Z,North America,CA,EN,Web Form,Account,Charged twice,Jonly Floodlight Max,Android,Escalation,Closed,759,0,0,5,0.26
9000240,JNL000240,CU70561,2025-06-10T11:01:00.000Z,APAC,AU,EN,Email,Account,Wrong item received,Jonly Cam Outdoor,iOS,Tier 1,Closed,724,1,1,3,-0.41
9000241,JNL000241,CU93447,2025-07-13T15:02:00.000Z,APAC,NZ,FR,Chat,Functionality,Video not loading,Jonly Hub Plus,Web,Tier 1,Closed,1418,0,1,3,-0.13
9000242,JNL000242,CU31306,2025-06-06T07:28:00.000Z,Europe,FR,EN,Email,Functionality,Charged twice,Jonly Hub Plus,iOS,Tier 1,Closed,838,0,1,5,1.0
9000243,JNL000243,CU84459,2025-05-24T02:51:00.000Z,North America,US,EN,Community,Billing,Device will not pair,Jonly Cam Outdoor,Android,Escalation,Closed,999,0,1,1,-1.0
9000244,JNL000244,CU77113,2025-05-22T13:40:00.000Z,Europe,GB,EN,Web Form,Shipping,Subscription not applied,Jonly Doorbell Pro,Android,Tier 2,Escalated,1004,0,1,2,-0.71
9000245,JNL000245,CU69046,2025-06-10T14:17:00.000Z,North America,CA,FR,Phone,Inquiry,False motion alerts,Jonly Hub Plus,Web,Tier 1,Closed,1253,0,1,1,-0.96
9000246,JNL000246,CU74705,2025-06-28T11:32:00.000Z,North America,CA,DE,Web Form,Billing,Order not delivered,Jonly Hub Plus,Android,Tier 1,Closed,1192,1,1,5,0.96
9000247,JNL000247,CU14119,2025-07-26T20:52:00.000Z,North America,US,DE,Email,Billing,No motion alerts,Jonly Secure Subscription,iOS,Escalation,Closed,784,1,1,5,1.0
9000248,JNL000248,CU46259,2025-05-17T17:19:00.000Z,North America,US,EN,Community,Billing,Audio one-way only,Jonly Hub Plus,Web,Tier 1,Closed,1026,1,1,5,0.93
9000249,JNL000249,CU82269,2025-05-29T17:02:00.000Z,North America,US,FR,Phone,Inquiry,Audio one-way only,Jonly Hub Mini,iOS,Tier 2,Closed,991,0,1,4,0.64
9000250,JNL000250,CU26942,2025-07-08T01:09:00.000Z,North America,US,EN,Phone,Inquiry,Poor night vision,Jonly Hub Plus,Android,Tier 1,Escalated,180,0,1,3,0.04
9000251,JNL000251,CU48482,2025-05-24T08:32:00.000Z,Europe,GB,EN,Chat,Connectivity,Camera offline,Jonly Doorbell Pro,Other,Tier 2,Closed,524,1,1,4,0.36
9000252,JNL000252,CU63767,2025-05-29T08:38:00.000Z,APAC,AU,EN,Email,Inquiry,Video not loading,Jonly Floodlight Max,iOS,Tier 1,Closed,572,0,1,3,-0.23
9000253,JNL000253,CU29923,2025-06-08T22:27:00.000Z,North America,CA,EN,Email,Connectivity,Charged twice,Jonly Cam Indoor,iOS,Tier 1,Closed,656,0,1,4,1.0
9000254,JNL000254,CU99712,2025-05-18T18:51:00.000Z,North America,CA,DE,Phone,Functionality,Cannot login to app,Jonly Secure Subscription,iOS,Tier 2,Closed,701,0,1,2,-0.72
9000255,JNL000255,CU22625,2025-05-18T13:58:00.000Z,APAC,AU,EN,Chat,Functionality,Wrong item received,Jonly Cam Indoor,iOS,Tier 2,Closed,1153,0,1,2,-0.4
9000256,JNL000256,CU56610,2025-06-08T06:23:00.000Z,APAC,AU,FR,Chat,Billing,Audio one-way only,Jonly Hub Plus,Android,Tier 1,Escalated,1274,0,1,4,0.42
9000257,JNL000257,CU82008,2025-07-08T15:41:00.000Z,APAC,AU,DE,Email,Inquiry,Audio one-way only,Jonly Floodlight Max,iOS,Tier 1,Closed,735,1,1,3,-0.12
9000258,JNL000258,CU82300,2025-06-29T14:48:00.000Z,APAC,AU,EN,Phone,Billing,Wrong item received,Jonly Cam Indoor,iOS,Tier 2,Closed,752,0,1,2,-0.45
9000259,JNL000259,CU92450,2025-06-26T17:39:00.000Z,Europe,GB,EN,Phone,Inquiry,Poor night vision,Jonly Doorbell Pro,Android,Tier 1,Closed,640,2,1,4,0.08
9000260,JNL000260,CU39355,2025-07-12T04:14:00.000Z,North America,US,FR,Chat,Connectivity,Charged twice,Jonly Hub Mini,iOS,Escalation,Closed,735,1,1,5,0.63
9000261,JNL000261,CU12060,2025-05-31T17:26:00.000Z,North America,CA,DE,Phone,Account,Doorbell not ringing,Jonly Floodlight Max,Web,Tier 1,Closed,1113,0,1,3,0.46
9000262,JNL000262,CU37196,2025-06-13T06:37:00.000Z,APAC,AU,EN,Chat,Setup,Wrong item received,Jonly Hub Plus,Android,Tier 1,Escalated,1089,1,1,4,0.41
9000263,JNL000263,CU53758,2025-06-10T22:58:00.000Z,Europe,GB,FR,Phone,Setup,Device will not pair,Jonly Floodlight Max,iOS,Tier 1,Closed,1318,0,1,5,1.0
9000264,JNL000264,CU65667,2025-07-04T07:31:00.000Z,Europe,FR,EN,Phone,Billing,Video not loading,Jonly Cam Indoor,iOS,Tier 1,Closed,867,0,1,4,0.45
9000265,JNL000265,CU16126,2025-07-12T18:29:00.000Z,North America,CA,DE,Email,Inquiry,Device will not pair,Jonly Hub Plus,iOS,Tier 2,Closed,621,0,1,4,0.9
9000266,JNL000266,CU48909,2025-07-30T09:54:00.000Z,North America,CA,DE,Email,Inquiry,Two-factor issues,Jonly Secure Subscription,Web,Tier 2,Closed,1147,1,1,3,0.23
9000267,JNL000267,CU13887,2025-07-22T05:34:00.000Z,North America,CA,DE,Phone,Connectivity,Charged twice,Jonly Doorbell Pro,Android,Escalation,Closed,1170,0,0,4,0.22
9000268,JNL000268,CU91693,2025-05-23T23:53:00.000Z,North America,CA,EN,Phone,Connectivity,Poor night vision,Jonly Secure Subscription,iOS,Tier 1,Closed,2089,1,1,5,1.0
9000269,JNL000269,CU63864,2025-06-21T08:21:00.000Z,North America,CA,DE,Phone,Connectivity,Camera offline,Jonly Cam Indoor,Other,Tier 1,Closed,1219,1,1,4,0.16
9000270,JNL000270,CU58159,2025-05-06T11:14:00.000Z,APAC,SG,EN,Phone,Billing,Wrong item received,Jonly Doorbell Pro,Web,Tier 1,Closed,838,1,1,4,-0.37
9000271,JNL000271,CU63563,2025-05-27T14:20:00.000Z,North America,US,EN,Web Form,Functionality,False motion alerts,Jonly Hub Plus,iOS,Tier 1,Closed,628,0,1,5,1.0
9000272,JNL000272,CU62193,2025-05-03T15:16:00.000Z,North America,US,EN,Email,Account,Charged twice,Jonly Hub Mini,Android,Tier 1,Closed,793,1,0,3,0.84
9000273,JNL000273,CU33270,2025-06-06T22:01:00.000Z,Europe,DE,EN,Chat,Functionality,Doorbell not ringing,Jonly Hub Mini,iOS,Tier 1,Closed,778,1,1,4,0.67
9000274,JNL000274,CU47436,2025-06-15T03:16:00.000Z,Europe,NL,EN,Phone,Connectivity,Poor night vision,Jonly Secure Subscription,iOS,Tier 2,Closed,648,0,1,5,1.0
9000275,JNL000275,CU80220,2025-05-15T16:41:00.000Z,Europe,DE,EN,Chat,Inquiry,Cannot login to app,Jonly Doorbell Pro,Web,Tier 1,Closed,512,0,0,5,1.0
9000276,JNL000276,CU13217,2025-05-25T16:02:00.000Z,Europe,FR,EN,Phone,Connectivity,Device will not pair,Jonly Doorbell Pro,Android,Tier 1,Closed,698,1,1,4,0.21
9000277,JNL000277,CU17940,2025-05-08T23:50:00.000Z,Europe,NL,EN,Phone,Billing,Two-factor issues,Jonly Cam Outdoor,Web,Tier 1,Closed,1856,0,1,3,0.5
9000278,JNL000278,CU84078,2025-07-30T19:45:00.000Z,North America,US,EN,Chat,Billing,Poor night vision,Jonly Doorbell Pro,iOS,Tier 2,Closed,1200,1,0,3,-0.28
9000279,JNL000279,CU77043,2025-05-05T01:06:00.000Z,North America,CA,NL,Chat,Account,Subscription not applied,Jonly Hub Plus,iOS,Tier 1,Closed,744,0,1,4,0.47
9000280,JNL000280,CU13802,2025-07-24T09:38:00.000Z,Europe,DE,DE,Phone,Connectivity,Charged twice,Jonly Hub Mini,Web,Tier 1,Closed,1286,0,1,3,-0.34
9000281,JNL000281,CU22877,2025-05-30T00:38:00.000Z,North America,CA,EN,Email,Functionality,No motion alerts,Jonly Doorbell Pro,iOS,Tier 2,Closed,533,0,1,4,1.0
9000282,JNL000282,CU13367,2025-07-03T00:44:00.000Z,APAC,AU,EN,Email,Account,Video not loading,Jonly Hub Plus,iOS,Tier 2,Escalated,180,2,1,4,0.31
9000283,JNL000283,CU10543,2025-05-05T18:16:00.000Z,North America,CA,EN,Phone,Inquiry,Subscription not applied,Jonly Hub Plus,Android,Tier 2,In Progress,1089,2,0,4,1.0
9000284,JNL000284,CU69951,2025-06-04T16:55:00.000Z,APAC,AU,EN,Chat,Billing,No motion alerts,Jonly Secure Subscription,Web,Tier 1,Closed,726,0,1,3,0.04
9000285,JNL000285,CU51333,2025-07-18T17:09:00.000Z,North America,US,DE,Chat,Setup,Order not delivered,Jonly Secure Subscription,Android,Tier 1,Closed,690,0,0,3,-0.47
9000286,JNL000286,CU54358,2025-06-07T18:17:00.000Z,North America,CA,DE,Phone,Functionality,Device will not pair,Jonly Hub Mini,Android,Tier 2,Closed,1199,0,1,5,0.96
9000287,JNL000287,CU68694,2025-06-26T10:23:00.000Z,North America,CA,EN,Community,Inquiry,Wrong item received,Jonly Doorbell Pro,iOS,Tier 2,Closed,449,0,1,4,0.36
9000288,JNL000288,CU32299,2025-07-17T05:18:00.000Z,North America,US,EN,Email,Connectivity,No motion alerts,Jonly Secure Subscription,Web,Tier 1,Closed,1157,1,1,2,-0.67
9000289,JNL000289,CU68834,2025-05-02T13:12:00.000Z,APAC,NZ,DE,Email,Connectivity,Two-factor issues,Jonly Floodlight Max,iOS,Tier 1,Closed,385,1,1,5,1.0
9000290,JNL000290,CU51851,2025-05-19T01:02:00.000Z,North America,CA,EN,Phone,Inquiry,Subscription not applied,Jonly Cam Outdoor,Android,Tier 1,Closed,1002,0,1,4,0.32
9000291,JNL000291,CU82110,2025-06-19T20:55:00.000Z,North America,US,EN,Phone,Billing,Poor night vision,Jonly Hub Mini,iOS,Tier 2,In Progress,937,0,1,4,0.98
9000292,JNL000292,CU99234,2025-07-22T15:23:00.000Z,Europe,NL,EN,Phone,Account,Charged twice,Jonly Cam Outdoor,Android,Tier 1,Escalated,1022,0,1,3,0.61
9000293,JNL000293,CU68388,2025-05-19T11:36:00.000Z,North America,US,EN,Phone,Functionality,Camera offline,Jonly Cam Outdoor,Android,Tier 1,Closed,1710,0,1,2,-0.28
9000294,JNL000294,CU54030,2025-07-14T21:08:00.000Z,North America,US,EN,Community,Inquiry,False motion alerts,Jonly Cam Outdoor,iOS,Tier 2,Closed,797,0,1,4,0.66
9000295,JNL000295,CU20664,2025-05-21T00:43:00.000Z,APAC,SG,EN,Phone,Account,Doorbell not ringing,Jonly Hub Mini,Android,Tier 2,Closed,534,0,1,3,-0.2
9000296,JNL000296,CU30459,2025-06-07T03:20:00.000Z,Europe,GB,EN,Phone,Billing,Subscription not applied,Jonly Cam Outdoor,Android,Tier 1,Closed,769,1,0,4,0.45
9000297,JNL000297,CU66812,2025-06-26T13:36:00.000Z,APAC,SG,DE,Phone,Functionality,No motion alerts,Jonly Hub Mini,Android,Tier 1,Closed,1399,0,1,5,1.0
9000298,JNL000298,CU47160,2025-07-05T23:26:00.000Z,North America,US,DE,Chat,Inquiry,False motion alerts,Jonly Cam Outdoor,iOS,Tier 1,Closed,479,0,1,1,-0.7
9000299,JNL000299,CU12114,2025-06-22T13:02:00.000Z,North America,CA,EN,Phone,Functionality,Doorbell not ringing,Jonly Floodlight Max,Other,Tier 2,Closed,934,0,1,4,1.0
9000300,JNL000300,CU36445,2025-07-28T08:39:00.000Z,North America,CA,EN,Phone,Inquiry,Video not loading,Jonly Hub Mini,Android,Tier 1,Escalated,898,0,1,4,0.45
9000301,JNL000301,CU75261,2025-07-10T16:17:00.000Z,North America,US,EN,Phone,Inquiry,Charged twice,Jonly Hub Mini,Android,Escalation,Closed,1611,0,1,5,0.98
9000302,JNL000302,CU81439,2025-07-22T08:11:00.000Z,Europe,DE,EN,Email,Functionality,Order not delivered,Jonly Cam Outdoor,Android,Tier 1,Closed,1323,1,1,3,0.08
9000303,JNL000303,CU65575,2025-06-11T14:42:00.000Z,North America,US,DE,Email,Connectivity,Order not delivered,Jonly Secure Subscription,Other,Tier 1,Closed,259,1,1,1,-1.0
9000304,JNL000304,CU75516,2025-06-11T00:13:00.000Z,North America,US,EN,Chat,Inquiry,Audio one-way only,Jonly Secure Subscription,Web,Tier 1,Closed,1431,2,1,2,-0.11
9000305,JNL000305,CU27641,2025-05-05T01:25:00.000Z,North America,US,EN,Phone,Connectivity,Camera offline,Jonly Cam Outdoor,Android,Tier 1,Closed,539,0,1,5,0.9
9000306,JNL000306,CU93540,2025-05-06T01:26:00.000Z,APAC,SG,EN,Chat,Functionality,Laggy live view,Jonly Floodlight Max,Other,Tier 1,Escalated,667,0,1,4,0.04
9000307,JNL000307,CU54817,2025-06-22T08:53:00.000Z,Europe,GB,DE,Chat,Connectivity,Doorbell not ringing,Jonly Cam Outdoor,Android,Tier 1,Closed,218,0,0,4,0.9
9000308,JNL000308,CU18247,2025-06-19T10:16:00.000Z,APAC,SG,EN,Email,Connectivity,False motion alerts,Jonly Doorbell Pro,iOS,Tier 2,Closed,673,2,1,4,0.9
9000309,JNL000309,CU64186,2025-06-26T21:42:00.000Z,Europe,DE,EN,Chat,Billing,Device will not pair,Jonly Doorbell Pro,Android,Tier 1,Escalated,180,0,1,4,0.32
9000310,JNL000310,CU46368,2025-05-25T14:56:00.000Z,APAC,AU,DE,Chat,Account,Laggy live view,Jonly Doorbell Pro,Android,Tier 2,Closed,448,0,1,3,-0.49
9000311,JNL000311,CU26929,2025-06-18T00:11:00.000Z,North America,US,EN,Email,Functionality,Camera offline,Jonly Floodlight Max,iOS,Tier 1,Closed,604,0,1,1,-1.0
9000312,JNL000312,CU97879,2025-07-26T14:57:00.000Z,North America,CA,FR,Web Form,Connectivity,Cannot login to app,Jonly Hub Plus,iOS,Tier 1,Closed,292,3,1,3,0.1
9000313,JNL000313,CU46960,2025-05-29T12:10:00.000Z,Europe,DE,EN,Phone,Functionality,Cannot login to app,Jonly Hub Plus,iOS,Tier 1,Escalated,1234,0,1,4,0.91
9000314,JNL000314,CU57741,2025-05-27T14:10:00.000Z,North America,US,EN,Phone,Account,Doorbell not ringing,Jonly Cam Outdoor,Android,Tier 1,Closed,299,1,1,5,1.0
9000315,JNL000315,CU13053,2025-06-15T01:11:00.000Z,Europe,FR,EN,Phone,Connectivity,Order not delivered,Jonly Doorbell Pro,iOS,Tier 1,Closed,1949,0,1,5,1.0
9000316,JNL000316,CU50917,2025-06-19T09:17:00.000Z,North America,US,EN,Chat,Inquiry,Subscription not applied,Jonly Cam Indoor,Android,Tier 1,Closed,1156,0,1,2,-0.38
9000317,JNL000317,CU82089,2025-06-01T18:36:00.000Z,Europe,FR,DE,Chat,Inquiry,Audio one-way only,Jonly Hub Mini,Web,Escalation,Closed,462,1,1,4,0.34
9000318,JNL000318,CU27815,2025-07-21T14:30:00.000Z,North America,CA,EN,Chat,Setup,Device will not pair,Jonly Secure Subscription,Web,Tier 2,Closed,1045,1,1,3,-0.29
9000319,JNL000319,CU23558,2025-07-28T13:16:00.000Z,North America,US,EN,Phone,Functionality,Two-factor issues,Jonly Cam Indoor,Android,Tier 1,Closed,1173,0,1,5,1.0
9000320,JNL000320,CU33372,2025-07-11T02:45:00.000Z,Europe,DE,DE,Phone,Inquiry,Video not loading,Jonly Hub Mini,Other,Tier 1,Closed,1317,1,1,2,-0.69
9000321,JNL000321,CU98952,2025-06-29T20:21:00.000Z,Europe,NL,DE,Phone,Functionality,Poor night vision,Jonly Cam Outdoor,Android,Tier 1,Closed,608,1,0,1,-1.0
9000322,JNL000322,CU73869,2025-07-01T03:05:00.000Z,APAC,NZ,EN,Phone,Setup,Camera offline,Jonly Hub Mini,Web,Tier 1,Closed,1440,2,1,4,1.0
9000323,JNL000323,CU40308,2025-06-30T22:20:00.000Z,Europe,FR,EN,Phone,Inquiry,Poor night vision,Jonly Secure Subscription,Android,Escalation,Closed,549,0,1,4,0.52
9000324,JNL000324,CU76452,2025-06-05T01:40:00.000Z,APAC,SG,DE,Phone,Billing,Wrong item received,Jonly Secure Subscription,Android,Tier 1,Closed,1438,0,1,5,1.0
9000325,JNL000325,CU68555,2025-05-13T07:17:00.000Z,North America,US,EN,Phone,Shipping,Subscription not applied,Jonly Cam Outdoor,iOS,Tier 1,Closed,1193,0,1,2,-0.75
9000326,JNL000326,CU37665,2025-05-14T02:06:00.000Z,APAC,AU,FR,Chat,Connectivity,Order not delivered,Jonly Hub Mini,iOS,Tier 1,Closed,609,1,1,3,-0.2
9000327,JNL000327,CU93962,2025-07-15T23:38:00.000Z,Europe,FR,EN,Phone,Functionality,No motion alerts,Jonly Secure Subscription,Android,Tier 1,Escalated,1317,0,1,4,0.94
9000328,JNL000328,CU57540,2025-06-09T17:39:00.000Z,Europe,GB,EN,Phone,Connectivity,Video not loading,Jonly Floodlight Max,Android,Tier 1,Escalated,999,0,1,4,0.36
9000329,JNL000329,CU80732,2025-05-19T14:44:00.000Z,North America,US,EN,Community,Setup,Cannot login to app,Jonly Doorbell Pro,iOS,Tier 1,Closed,369,1,1,4,0.97
9000330,JNL000330,CU23182,2025-06-06T19:58:00.000Z,APAC,NZ,EN,Email,Connectivity,Subscription not applied,Jonly Hub Mini,Android,Tier 1,Closed,1140,0,1,4,0.48
9000331,JNL000331,CU34330,2025-07-13T23:11:00.000Z,North America,US,DE,Chat,Inquiry,Device will not pair,Jonly Doorbell Pro,Web,Tier 1,Closed,1288,1,1,5,0.82
9000332,JNL000332,CU43621,2025-07-04T22:04:00.000Z,APAC,AU,EN,Phone,Account,Camera offline,Jonly Hub Plus,Android,Escalation,Closed,1481,2,1,4,-0.0
9000333,JNL000333,CU46771,2025-05-30T11:59:00.000Z,Europe,DE,EN,Phone,Inquiry,Subscription not applied,Jonly Secure Subscription,iOS,Tier 1,Closed,1677,0,1,3,-0.18
9000334,JNL000334,CU33246,2025-05-16T19:49:00.000Z,North America,US,FR,Email,Functionality,Poor night vision,Jonly Cam Outdoor,Android,Tier 2,Closed,469,0,0,4,0.22
9000335,JNL000335,CU74286,2025-06-03T08:01:00.000Z,North America,US,DE,Chat,Account,Two-factor issues,Jonly Secure Subscription,Web,Tier 1,In Progress,1010,0,1,4,0.42
9000336,JNL000336,CU85467,2025-05-10T03:58:00.000Z,North America,US,EN,Phone,Shipping,Poor night vision,Jonly Secure Subscription,Android,Tier 1,Closed,1831,0,1,3,0.36
9000337,JNL000337,CU73245,2025-07-22T23:02:00.000Z,North America,US,EN,Chat,Shipping,Order not delivered,Jonly Secure Subscription,Other,Tier 2,Closed,636,0,1,5,1.0
9000338,JNL000338,CU26142,2025-06-25T19:39:00.000Z,North America,US,EN,Chat,Shipping,Camera offline,Jonly Hub Mini,iOS,Tier 1,Closed,606,0,1,4,-0.18
9000339,JNL000339,CU10729,2025-07-15T22:19:00.000Z,North America,CA,NL,Phone,Functionality,Two-factor issues,Jonly Cam Indoor,Web,Tier 1,Closed,1252,0,1,4,0.22
9000340,JNL000340,CU15802,2025-06-29T09:02:00.000Z,North America,US,EN,Phone,Account,Cannot login to app,Jonly Hub Plus,iOS,Tier 1,Closed,798,0,1,5,1.0
9000341,JNL000341,CU58744,2025-06-03T08:21:00.000Z,North America,CA,EN,Phone,Functionality,Wrong item received,Jonly Cam Indoor,Android,Tier 2,Escalated,1006,1,0,3,-0.17
9000342,JNL000342,CU99719,2025-07-26T09:20:00.000Z,APAC,NZ,EN,Phone,Inquiry,Order not delivered,Jonly Hub Mini,iOS,Tier 2,Closed,1531,0,1,4,0.76
9000343,JNL000343,CU97935,2025-06-17T23:01:00.000Z,North America,CA,EN,Email,Billing,Order not delivered,Jonly Cam Indoor,iOS,Tier 1,Closed,390,2,1,3,0.09
9000344,JNL000344,CU28200,2025-05-14T04:44:00.000Z,North America,CA,EN,Chat,Inquiry,Cannot login to app,Jonly Hub Mini,iOS,Tier 1,Closed,885,0,1,2,-0.25
9000345,JNL000345,CU65221,2025-07-10T19:41:00.000Z,North America,US,EN,Phone,Billing,Poor night vision,Jonly Secure Subscription,Android,Tier 1,Closed,954,1,1,4,0.66
9000346,JNL000346,CU76219,2025-07-06T12:02:00.000Z,North America,CA,EN,Phone,Shipping,Doorbell not ringing,Jonly Hub Mini,Android,Tier 1,Closed,1470,1,1,3,-0.23
9000347,JNL000347,CU87925,2025-05-28T14:11:00.000Z,APAC,AU,EN,Chat,Inquiry,No motion alerts,Jonly Cam Outdoor,iOS,Tier 1,Closed,817,0,1,3,0.65
9000348,JNL000348,CU61093,2025-06-06T14:37:00.000Z,North America,CA,EN,Phone,Billing,Laggy live view,Jonly Cam Outdoor,Android,Tier 1,Closed,1382,1,1,5,1.0
9000349,JNL000349,CU27366,2025-05-01T18:59:00.000Z,North America,CA,EN,Phone,Inquiry,No motion alerts,Jonly Floodlight Max,iOS,Escalation,Escalated,1345,0,1,1,-1.0
9000350,JNL000350,CU50652,2025-06-17T06:01:00.000Z,North America,US,EN,Phone,Inquiry,Order not delivered,Jonly Floodlight Max,iOS,Tier 1,In Progress,1319,0,1,1,-1.0
9000351,JNL000351,CU97349,2025-05-29T10:02:00.000Z,APAC,SG,EN,Community,Functionality,False motion alerts,Jonly Hub Mini,Android,Tier 1,In Progress,637,0,1,4,0.33
9000352,JNL000352,CU87616,2025-05-11T17:38:00.000Z,Europe,NL,EN,Email,Setup,Device will not pair,Jonly Hub Mini,Android,Tier 1,Closed,1145,0,1,3,0.14
9000353,JNL000353,CU59002,2025-06-09T10:04:00.000Z,Europe,GB,EN,Email,Functionality,Poor night vision,Jonly Cam Outdoor,iOS,Tier 1,Closed,591,0,1,4,0.48
9000354,JNL000354,CU33875,2025-05-30T21:11:00.000Z,Europe,GB,NL,Email,Connectivity,Poor night vision,Jonly Cam Outdoor,iOS,Tier 1,Escalated,609,0,1,5,1.0
9000355,JNL000355,CU91894,2025-07-18T22:03:00.000Z,North America,CA,EN,Community,Setup,Order not delivered,Jonly Floodlight Max,Web,Tier 1,Closed,810,1,1,5,0.85
9000356,JNL000356,CU68898,2025-07-26T17:41:00.000Z,North America,US,DE,Phone,Connectivity,Subscription not applied,Jonly Hub Plus,Web,Tier 2,Escalated,1680,1,1,2,-0.64
9000357,JNL000357,CU53707,2025-07-08T08:43:00.000Z,APAC,SG,EN,Email,Billing,Charged twice,Jonly Floodlight Max,Android,Tier 1,Escalated,677,1,1,4,0.39
9000358,JNL000358,CU55581,2025-06-23T04:41:00.000Z,North America,US,EN,Chat,Functionality,Two-factor issues,Jonly Hub Plus,Android,Tier 1,Closed,867,0,1,4,0.14
9000359,JNL000359,CU29907,2025-07-12T20:35:00.000Z,Europe,NL,EN,Phone,Functionality,Audio one-way only,Jonly Cam Indoor,Android,Tier 2,Closed,1305,0,0,4,0.37
9000360,JNL000360,CU67198,2025-07-17T00:44:00.000Z,North America,CA,EN,Email,Account,Camera offline,Jonly Floodlight Max,iOS,Tier 1,Closed,829,1,1,4,0.5
9000361,JNL000361,CU36669,2025-06-15T09:54:00.000Z,Europe,FR,EN,Phone,Inquiry,Charged twice,Jonly Cam Outdoor,Web,Tier 1,Closed,1030,0,1,5,1.0
9000362,JNL000362,CU27801,2025-05-05T08:03:00.000Z,Europe,FR,EN,Phone,Connectivity,Video not loading,Jonly Secure Subscription,Android,Tier 1,Closed,650,0,1,4,0.78
9000363,JNL000363,CU19883,2025-06-19T23:59:00.000Z,North America,CA,EN,Phone,Inquiry,Video not loading,Jonly Cam Indoor,Android,Tier 1,Closed,1651,0,1,4,0.4
9000364,JNL000364,CU68015,2025-05-25T10:25:00.000Z,North America,US,EN,Chat,Setup,Order not delivered,Jonly Cam Indoor,iOS,Tier 1,Closed,858,0,1,4,0.58
9000365,JNL000365,CU41541,2025-07-19T14:59:00.000Z,Europe,NL,EN,Phone,Connectivity,Subscription not applied,Jonly Secure Subscription,iOS,Tier 1,Escalated,730,0,1,4,0.19
9000366,JNL000366,CU77021,2025-06-02T04:00:00.000Z,North America,US,DE,Phone,Functionality,Two-factor issues,Jonly Floodlight Max,Android,Tier 2,Closed,1125,0,0,3,0.26
9000367,JNL000367,CU66688,2025-05-12T19:59:00.000Z,Europe,FR,EN,Chat,Account,Cannot login to app,Jonly Cam Indoor,Web,Tier 1,Closed,1047,1,1,4,0.53
9000368,JNL000368,CU41902,2025-07-27T05:18:00.000Z,North America,US,DE,Chat,Billing,Poor night vision,Jonly Secure Subscription,Android,Tier 1,Closed,1517,1,1,4,0.21
9000369,JNL000369,CU27328,2025-06-28T19:18:00.000Z,North America,CA,FR,Chat,Connectivity,Audio one-way only,Jonly Cam Indoor,Android,Tier 2,Escalated,463,0,1,4,0.74
9000370,JNL000370,CU67714,2025-07-17T05:54:00.000Z,North America,US,DE,Web Form,Setup,Subscription not applied,Jonly Floodlight Max,Web,Tier 1,Closed,571,1,1,5,0.62
9000371,JNL000371,CU90147,2025-05-10T13:06:00.000Z,North America,US,EN,Web Form,Functionality,Wrong item received,Jonly Cam Indoor,iOS,Tier 1,Closed,183,0,1,3,0.53
9000372,JNL000372,CU51928,2025-06-03T20:26:00.000Z,North America,US,EN,Chat,Inquiry,Subscription not applied,Jonly Cam Outdoor,iOS,Tier 1,Closed,1221,0,1,1,-1.0
9000373,JNL000373,CU57454,2025-05-16T07:54:00.000Z,North America,CA,EN,Email,Connectivity,Two-factor issues,Jonly Cam Indoor,Android,Escalation,Escalated,650,0,1,3,-0.01
9000374,JNL000374,CU51086,2025-06-09T17:35:00.000Z,Europe,FR,DE,Phone,Billing,Order not delivered,Jonly Cam Indoor,iOS,Tier 2,Closed,833,3,1,4,0.34
9000375,JNL000375,CU99553,2025-05-28T22:32:00.000Z,Europe,DE,EN,Chat,Shipping,Order not delivered,Jonly Cam Outdoor,iOS,Tier 2,Closed,212,0,1,1,-0.72
9000376,JNL000376,CU14576,2025-05-12T00:27:00.000Z,North America,US,EN,Phone,Account,Device will not pair,Jonly Secure Subscription,iOS,Tier 2,Closed,831,1,1,3,0.29
9000377,JNL000377,CU65621,2025-06-01T10:55:00.000Z,North America,CA,DE,Phone,Account,Subscription not applied,Jonly Hub Mini,Android,Tier 1,Closed,1461,0,0,2,-0.82
9000378,JNL000378,CU26975,2025-05-02T20:23:00.000Z,North America,US,EN,Phone,Setup,Laggy live view,Jonly Floodlight Max,Other,Tier 1,Closed,1277,2,1,3,0.18
9000379,JNL000379,CU84602,2025-07-08T00:01:00.000Z,APAC,NZ,EN,Phone,Inquiry,Wrong item received,Jonly Cam Indoor,Web,Tier 1,Closed,707,1,1,2,-0.92
9000380,JNL000380,CU48394,2025-07-26T17:18:00.000Z,North America,CA,EN,Phone,Billing,Camera offline,Jonly Doorbell Pro,Android,Tier 1,Closed,920,2,1,2,-0.55
9000381,JNL000381,CU14400,2025-07-13T15:09:00.000Z,North America,CA,DE,Phone,Setup,Order not delivered,Jonly Cam Indoor,Android,Tier 1,Closed,1001,0,1,4,0.38
9000382,JNL000382,CU47250,2025-06-30T06:07:00.000Z,North America,CA,DE,Chat,Setup,Doorbell not ringing,Jonly Cam Indoor,Web,Tier 1,Escalated,1264,0,1,3,0.22
9000383,JNL000383,CU47335,2025-07-20T11:25:00.000Z,Europe,GB,EN,Phone,Inquiry,Doorbell not ringing,Jonly Cam Outdoor,Android,Escalation,Closed,1722,0,1,4,0.47
9000384,JNL000384,CU97075,2025-07-25T15:10:00.000Z,North America,CA,DE,Email,Inquiry,Video not loading,Jonly Hub Mini,Web,Tier 1,Closed,667,0,1,5,0.75
9000385,JNL000385,CU91911,2025-07-31T21:46:00.000Z,North America,US,EN,Email,Setup,No motion alerts,Jonly Floodlight Max,Android,Tier 1,Closed,1111,0,0,5,0.76
9000386,JNL000386,CU68614,2025-07-07T15:00:00.000Z,North America,US,EN,Chat,Inquiry,Poor night vision,Jonly Secure Subscription,iOS,Tier 1,Closed,1595,0,1,1,-0.75
9000387,JNL000387,CU25505,2025-07-08T14:11:00.000Z,Europe,NL,EN,Web Form,Setup,Cannot login to app,Jonly Hub Plus,iOS,Escalation,Closed,920,1,1,3,0.16
9000388,JNL000388,CU84426,2025-06-29T19:02:00.000Z,Europe,NL,EN,Phone,Connectivity,Subscription not applied,Jonly Hub Mini,Other,Tier 1,In Progress,466,0,1,5,0.43
9000389,JNL000389,CU99143,2025-05-01T17:04:00.000Z,Europe,DE,EN,Email,Functionality,Audio one-way only,Jonly Secure Subscription,iOS,Tier 1,Closed,1140,1,1,5,1.0
9000390,JNL000390,CU23417,2025-06-02T00:04:00.000Z,APAC,SG,DE,Phone,Connectivity,Audio one-way only,Jonly Hub Mini,iOS,Tier 1,Closed,1295,0,1,4,0.92
9000391,JNL000391,CU48331,2025-07-01T05:03:00.000Z,North America,US,EN,Email,Inquiry,Charged twice,Jonly Cam Outdoor,iOS,Tier 1,Closed,1054,0,1,5,1.0
9000392,JNL000392,CU63385,2025-07-02T08:43:00.000Z,Europe,NL,DE,Email,Inquiry,Poor night vision,Jonly Secure Subscription,iOS,Tier 1,Closed,595,0,1,5,1.0
9000393,JNL000393,CU10796,2025-05-28T19:43:00.000Z,North America,US,EN,Email,Connectivity,Charged twice,Jonly Cam Indoor,iOS,Tier 1,Closed,976,0,1,5,1.0
9000394,JNL000394,CU37562,2025-06-15T02:57:00.000Z,North America,CA,EN,Phone,Connectivity,Subscription not applied,Jonly Floodlight Max,Android,Escalation,Closed,1403,1,1,5,1.0
9000395,JNL000395,CU74179,2025-07-23T07:58:00.000Z,North America,US,EN,Web Form,Inquiry,No motion alerts,Jonly Cam Outdoor,Android,Tier 2,Closed,499,0,1,5,0.36
9000396,JNL000396,CU37774,2025-05-07T07:18:00.000Z,North America,CA,EN,Phone,Inquiry,Doorbell not ringing,Jonly Doorbell Pro,Android,Tier 2,Closed,1646,0,1,4,0.55
9000397,JNL000397,CU82976,2025-07-04T16:23:00.000Z,North America,US,EN,Community,Account,Charged twice,Jonly Cam Indoor,Web,Tier 1,Closed,865,0,1,5,0.6
9000398,JNL000398,CU80479,2025-05-07T01:26:00.000Z,APAC,NZ,EN,Chat,Functionality,Subscription not applied,Jonly Cam Outdoor,Android,Tier 1,Closed,622,0,1,3,0.11
9000399,JNL000399,CU96943,2025-07-02T06:21:00.000Z,Europe,DE,EN,Phone,Inquiry,Camera offline,Jonly Secure Subscription,Web,Tier 1,Closed,1217,0,1,4,0.65
9000400,JNL000400,CU25386,2025-07-29T19:56:00.000Z,Europe,FR,EN,Phone,Inquiry,Cannot login to app,Jonly Secure Subscription,Web,Tier 1,Closed,925,0,1,4,0.28
9000401,JNL000401,CU77098,2025-05-01T00:25:00.000Z,North America,US,DE,Chat,Connectivity,Order not delivered,Jonly Cam Indoor,Android,Tier 1,Closed,1109,2,1,5,0.7
9000402,JNL000402,CU10143,2025-05-16T07:51:00.000Z,Europe,DE,EN,Email,Functionality,Cannot login to app,Jonly Floodlight Max,Android,Tier 1,In Progress,1101,0,1,5,0.85
9000403,JNL000403,CU73869,2025-05-28T12:37:00.000Z,APAC,SG,EN,Phone,Functionality,Device will not pair,Jonly Cam Indoor,iOS,Escalation,Closed,1993,0,1,5,0.57
9000404,JNL000404,CU39019,2025-05-23T22:37:00.000Z,APAC,SG,EN,Email,Billing,Charged twice,Jonly Cam Indoor,iOS,Tier 1,Closed,519,1,1,4,0.69
9000405,JNL000405,CU58669,2025-05-17T17:47:00.000Z,Europe,FR,EN,Phone,Account,Poor night vision,Jonly Cam Indoor,iOS,Tier 1,Closed,1698,1,1,4,0.82
9000406,JNL000406,CU52707,2025-07-12T18:42:00.000Z,North America,US,EN,Chat,Inquiry,Two-factor issues,Jonly Cam Indoor,Other,Tier 1,Closed,359,2,0,2,-0.49
9000407,JNL000407,CU11759,2025-07-14T06:51:00.000Z,North America,US,EN,Web Form,Shipping,Doorbell not ringing,Jonly Hub Plus,Android,Tier 1,Closed,1261,0,1,3,0.4
9000408,JNL000408,CU83124,2025-07-04T19:15:00.000Z,North America,US,EN,Chat,Inquiry,Doorbell not ringing,Jonly Hub Mini,Android,Tier 1,Closed,1407,0,1,5,1.0
9000409,JNL000409,CU63195,2025-07-13T02:04:00.000Z,North America,US,DE,Chat,Setup,Doorbell not ringing,Jonly Doorbell Pro,Web,Tier 1,Closed,966,1,1,3,0.23
9000410,JNL000410,CU67947,2025-06-25T00:39:00.000Z,North America,US,EN,Chat,Inquiry,Subscription not applied,Jonly Cam Outdoor,iOS,Tier 1,Closed,674,1,1,1,-0.95
9000411,JNL000411,CU93507,2025-07-21T15:26:00.000Z,North America,US,FR,Email,Billing,Audio one-way only,Jonly Floodlight Max,Android,Tier 1,Closed,695,1,1,3,0.15
9000412,JNL000412,CU34429,2025-07-08T10:46:00.000Z,North America,US,DE,Chat,Functionality,Cannot login to app,Jonly Cam Outdoor,iOS,Tier 1,Closed,1218,0,1,3,-0.53
9000413,JNL000413,CU64739,2025-05-24T07:14:00.000Z,APAC,AU,EN,Chat,Inquiry,Doorbell not ringing,Jonly Doorbell Pro,iOS,Tier 2,Closed,1212,0,1,2,-0.68
9000414,JNL000414,CU78745,2025-06-17T06:10:00.000Z,Europe,FR,EN,Phone,Connectivity,No motion alerts,Jonly Hub Mini,iOS,Tier 1,Closed,409,1,1,1,-0.92
9000415,JNL000415,CU24341,2025-05-31T23:34:00.000Z,APAC,AU,EN,Phone,Setup,Doorbell not ringing,Jonly Cam Outdoor,Android,Tier 1,Closed,1505,0,1,3,0.05
9000416,JNL000416,CU91954,2025-05-18T17:09:00.000Z,North America,US,DE,Web Form,Functionality,Doorbell not ringing,Jonly Hub Plus,Android,Tier 1,Closed,1415,0,1,4,0.77
9000417,JNL000417,CU32360,2025-07-31T02:54:00.000Z,North America,US,EN,Chat,Account,Camera offline,Jonly Cam Outdoor,iOS,Tier 1,Closed,506,0,1,3,-0.44
9000418,JNL000418,CU90368,2025-06-01T09:39:00.000Z,North America,CA,EN,Email,Connectivity,Two-factor issues,Jonly Floodlight Max,Web,Tier 1,Closed,666,0,1,5,1.0
9000419,JNL000419,CU30383,2025-07-31T15:59:00.000Z,Europe,DE,FR,Web Form,Inquiry,Subscription not applied,Jonly Hub Mini,Web,Tier 2,Closed,994,0,1,5,0.57
9000420,JNL000420,CU79159,2025-05-01T06:52:00.000Z,North America,CA,FR,Chat,Billing,Laggy live view,Jonly Cam Outdoor,iOS,Tier 1,Closed,818,0,1,4,0.14
9000421,JNL000421,CU87334,2025-07-26T16:55:00.000Z,North America,US,FR,Web Form,Account,Wrong item received,Jonly Cam Indoor,Other,Tier 2,Closed,412,1,1,5,1.0
9000422,JNL000422,CU38539,2025-07-16T18:43:00.000Z,North America,US,EN,Phone,Connectivity,Order not delivered,Jonly Hub Plus,Android,Tier 2,Closed,995,0,1,5,0.99
9000423,JNL000423,CU40391,2025-06-16T18:25:00.000Z,North America,US,EN,Phone,Billing,Camera offline,Jonly Floodlight Max,iOS,Tier 1,Closed,1439,0,1,4,0.27
9000424,JNL000424,CU27950,2025-07-26T05:16:00.000Z,APAC,AU,EN,Chat,Connectivity,Video not loading,Jonly Hub Mini,Android,Tier 2,Closed,1018,0,1,3,-0.66
9000425,JNL000425,CU80750,2025-06-14T21:13:00.000Z,APAC,NZ,EN,Chat,Connectivity,Subscription not applied,Jonly Hub Mini,Web,Tier 1,Closed,1181,0,1,4,-0.13
9000426,JNL000426,CU24663,2025-07-10T21:37:00.000Z,North America,US,FR,Phone,Setup,False motion alerts,Jonly Hub Plus,Android,Tier 2,Closed,1094,2,1,2,-0.76
9000427,JNL000427,CU13877,2025-06-01T05:54:00.000Z,North America,CA,EN,Email,Functionality,Cannot login to app,Jonly Hub Mini,iOS,Tier 2,Closed,815,0,1,3,0.43
9000428,JNL000428,CU77150,2025-06-10T20:40:00.000Z,Europe,FR,EN,Chat,Account,Wrong item received,Jonly Hub Plus,Android,Tier 2,Closed,793,1,1,5,0.65
9000429,JNL000429,CU69312,2025-07-16T18:53:00.000Z,North America,US,DE,Phone,Inquiry,Order not delivered,Jonly Hub Mini,iOS,Tier 2,Closed,659,0,1,4,0.6
9000430,JNL000430,CU24649,2025-06-20T22:08:00.000Z,North America,CA,EN,Chat,Account,Video not loading,Jonly Doorbell Pro,Android,Tier 1,Closed,730,0,1,4,0.64
9000431,JNL000431,CU35855,2025-07-04T19:49:00.000Z,Europe,FR,EN,Email,Functionality,Poor night vision,Jonly Cam Indoor,iOS,Tier 1,Escalated,831,1,1,5,0.74
9000432,JNL000432,CU23317,2025-06-10T02:09:00.000Z,North America,US,EN,Community,Functionality,Poor night vision,Jonly Cam Outdoor,iOS,Tier 2,Closed,281,0,1,3,0.2
9000433,JNL000433,CU33485,2025-07-18T17:06:00.000Z,North America,US,EN,Chat,Functionality,Wrong item received,Jonly Hub Mini,Web,Tier 1,Closed,1059,2,1,4,0.12
9000434,JNL000434,CU73688,2025-07-02T16:22:00.000Z,North America,CA,EN,Chat,Account,Video not loading,Jonly Doorbell Pro,Android,Escalation,Closed,1022,1,1,3,0.23
9000435,JNL000435,CU26784,2025-07-25T16:13:00.000Z,North America,US,EN,Phone,Functionality,Wrong item received,Jonly Cam Indoor,iOS,Tier 1,Closed,1284,0,1,4,0.22
9000436,JNL000436,CU31853,2025-06-27T21:40:00.000Z,North America,CA,EN,Email,Account,No motion alerts,Jonly Doorbell Pro,Android,Tier 1,Escalated,413,0,1,3,-0.52
9000437,JNL000437,CU77104,2025-07-30T18:07:00.000Z,Europe,NL,EN,Phone,Functionality,Poor night vision,Jonly Secure Subscription,iOS,Tier 1,Closed,893,1,1,4,0.59
9000438,JNL000438,CU42842,2025-05-17T16:22:00.000Z,North America,US,EN,Phone,Inquiry,Two-factor issues,Jonly Hub Mini,Web,Tier 2,In Progress,361,0,0,5,0.66
9000439,JNL000439,CU85538,2025-06-26T15:48:00.000Z,North America,US,EN,Community,Billing,Laggy live view,Jonly Cam Indoor,iOS,Escalation,Closed,571,0,1,2,-0.48
9000440,JNL000440,CU31487,2025-07-09T06:54:00.000Z,Europe,FR,EN,Chat,Connectivity,False motion alerts,Jonly Doorbell Pro,iOS,Tier 1,Closed,1230,0,0,5,0.89
9000441,JNL000441,CU82403,2025-05-05T09:50:00.000Z,Europe,GB,EN,Phone,Billing,Laggy live view,Jonly Cam Outdoor,Web,Tier 1,Closed,1191,0,1,3,0.03
9000442,JNL000442,CU99891,2025-05-21T02:32:00.000Z,North America,CA,EN,Email,Setup,Two-factor issues,Jonly Hub Mini,iOS,Tier 1,Closed,1098,1,1,3,-0.38
9000443,JNL000443,CU48151,2025-06-28T10:06:00.000Z,North America,CA,EN,Phone,Setup,Doorbell not ringing,Jonly Cam Indoor,Android,Tier 2,Closed,180,0,1,3,0.05
9000444,JNL000444,CU42076,2025-06-08T12:21:00.000Z,North America,US,EN,Web Form,Functionality,Video not loading,Jonly Hub Plus,Web,Tier 2,Closed,461,0,1,4,0.67
9000445,JNL000445,CU91548,2025-07-10T06:13:00.000Z,APAC,SG,EN,Phone,Inquiry,Device will not pair,Jonly Doorbell Pro,Other,Tier 1,Escalated,664,0,1,2,-0.7
9000446,JNL000446,CU86626,2025-07-23T15:12:00.000Z,North America,US,EN,Phone,Billing,Subscription not applied,Jonly Cam Outdoor,iOS,Tier 1,Closed,1700,0,1,5,1.0
9000447,JNL000447,CU19922,2025-06-16T12:06:00.000Z,APAC,NZ,EN,Phone,Functionality,Audio one-way only,Jonly Doorbell Pro,iOS,Tier 2,Closed,1012,0,1,4,0.64
9000448,JNL000448,CU54811,2025-06-26T22:17:00.000Z,North America,US,EN,Chat,Connectivity,False motion alerts,Jonly Hub Mini,iOS,Escalation,Closed,938,0,1,5,1.0
9000449,JNL000449,CU63465,2025-07-11T11:22:00.000Z,APAC,AU,DE,Web Form,Inquiry,Laggy live view,Jonly Doorbell Pro,Android,Tier 1,Escalated,818,1,1,4,-0.03
9000450,JNL000450,CU63657,2025-05-26T08:49:00.000Z,APAC,AU,EN,Chat,Inquiry,Wrong item received,Jonly Hub Plus,Android,Tier 1,Closed,329,0,1,5,1.0
9000451,JNL000451,CU97350,2025-05-10T01:33:00.000Z,North America,CA,EN,Chat,Functionality,False motion alerts,Jonly Hub Mini,iOS,Tier 1,In Progress,180,0,1,4,0.36
9000452,JNL000452,CU41158,2025-06-05T21:38:00.000Z,North America,US,NL,Community,Billing,Wrong item received,Jonly Cam Outdoor,iOS,Tier 1,Closed,1035,2,1,2,-0.38
9000453,JNL000453,CU85440,2025-07-05T07:27:00.000Z,APAC,SG,EN,Phone,Functionality,Subscription not applied,Jonly Hub Mini,Android,Escalation,Closed,1449,0,1,3,-0.47
9000454,JNL000454,CU84405,2025-05-03T08:58:00.000Z,North America,US,DE,Phone,Setup,No motion alerts,Jonly Secure Subscription,Android,Tier 1,Closed,1816,0,1,3,-0.02
9000455,JNL000455,CU51878,2025-07-15T10:55:00.000Z,North America,US,EN,Chat,Connectivity,Laggy live view,Jonly Hub Mini,iOS,Tier 1,In Progress,1073,1,1,2,-0.61
9000456,JNL000456,CU24271,2025-05-15T09:48:00.000Z,North America,US,FR,Phone,Inquiry,Device will not pair,Jonly Secure Subscription,Android,Tier 1,Closed,1230,2,1,5,0.84
9000457,JNL000457,CU82502,2025-07-06T07:00:00.000Z,North America,CA,FR,Community,Shipping,Camera offline,Jonly Cam Indoor,Android,Tier 2,Closed,536,0,1,3,0.41
9000458,JNL000458,CU93681,2025-05-14T06:35:00.000Z,North America,CA,NL,Phone,Functionality,False motion alerts,Jonly Floodlight Max,iOS,Tier 1,Closed,1942,0,0,5,1.0
9000459,JNL000459,CU54978,2025-07-19T04:51:00.000Z,North America,US,EN,Chat,Connectivity,Laggy live view,Jonly Hub Mini,Android,Tier 1,Closed,1297,0,1,4,0.67
9000460,JNL000460,CU54882,2025-05-06T19:11:00.000Z,Europe,GB,FR,Chat,Connectivity,Wrong item received,Jonly Cam Indoor,Web,Escalation,Closed,520,1,0,4,1.0
9000461,JNL000461,CU78150,2025-05-08T11:02:00.000Z,North America,US,EN,Phone,Billing,Camera offline,Jonly Secure Subscription,iOS,Tier 1,Closed,1381,0,1,1,-1.0
9000462,JNL000462,CU96869,2025-07-01T11:35:00.000Z,North America,CA,EN,Web Form,Setup,Wrong item received,Jonly Cam Outdoor,Android,Tier 1,Closed,956,0,1,4,0.46
9000463,JNL000463,CU31957,2025-06-01T14:13:00.000Z,Europe,DE,EN,Chat,Account,No motion alerts,Jonly Hub Plus,Android,Tier 1,In Progress,1163,0,1,3,0.32
9000464,JNL000464,CU19340,2025-05-15T21:22:00.000Z,Europe,GB,EN,Community,Setup,No motion alerts,Jonly Cam Outdoor,iOS,Escalation,Closed,180,0,1,1,-0.84
9000465,JNL000465,CU62713,2025-06-09T11:44:00.000Z,Europe,FR,EN,Chat,Connectivity,Order not delivered,Jonly Hub Plus,Android,Tier 2,Closed,742,0,1,3,0.12
9000466,JNL000466,CU16898,2025-06-21T11:18:00.000Z,North America,CA,DE,Email,Functionality,Charged twice,Jonly Cam Indoor,Android,Tier 1,Closed,1003,0,1,5,1.0
9000467,JNL000467,CU94505,2025-06-20T15:28:00.000Z,North America,CA,EN,Web Form,Inquiry,Wrong item received,Jonly Floodlight Max,Android,Tier 1,Closed,793,0,1,5,1.0
9000468,JNL000468,CU82214,2025-05-03T15:14:00.000Z,APAC,AU,DE,Phone,Connectivity,Wrong item received,Jonly Secure Subscription,iOS,Tier 1,Escalated,1074,0,1,4,0.2
9000469,JNL000469,CU65582,2025-06-08T02:13:00.000Z,Europe,NL,FR,Phone,Inquiry,Poor night vision,Jonly Floodlight Max,iOS,Escalation,Closed,1196,1,1,4,0.14
9000470,JNL000470,CU73974,2025-06-01T22:59:00.000Z,North America,CA,EN,Phone,Billing,Doorbell not ringing,Jonly Cam Outdoor,Android,Tier 1,Closed,1624,0,1,2,-1.0
9000471,JNL000471,CU71705,2025-07-22T10:59:00.000Z,North America,US,EN,Phone,Inquiry,Camera offline,Jonly Secure Subscription,Android,Escalation,Closed,1050,0,1,1,-0.9
9000472,JNL000472,CU81614,2025-06-13T12:33:00.000Z,APAC,NZ,EN,Email,Inquiry,Device will not pair,Jonly Secure Subscription,iOS,Tier 1,Closed,906,1,1,5,0.89
9000473,JNL000473,CU88845,2025-07-13T06:22:00.000Z,North America,US,NL,Phone,Billing,Subscription not applied,Jonly Secure Subscription,iOS,Tier 1,Closed,845,0,1,4,0.9
9000474,JNL000474,CU91657,2025-07-28T14:48:00.000Z,Europe,DE,EN,Phone,Functionality,Cannot login to app,Jonly Cam Outdoor,Web,Tier 2,Closed,1268,0,1,5,0.83
9000475,JNL000475,CU19288,2025-05-28T05:59:00.000Z,North America,CA,EN,Phone,Billing,Audio one-way only,Jonly Doorbell Pro,Android,Tier 2,Closed,1295,1,1,5,0.84
9000476,JNL000476,CU67226,2025-07-26T03:38:00.000Z,North America,US,DE,Phone,Connectivity,Video not loading,Jonly Hub Plus,Android,Tier 2,Closed,1595,0,0,3,-0.11
9000477,JNL000477,CU42815,2025-05-22T11:14:00.000Z,North America,CA,FR,Phone,Functionality,Laggy live view,Jonly Floodlight Max,Android,Tier 2,Closed,1038,2,0,2,-0.04
9000478,JNL000478,CU74568,2025-07-30T19:24:00.000Z,North America,US,DE,Phone,Inquiry,Audio one-way only,Jonly Cam Outdoor,iOS,Escalation,Closed,966,0,1,5,0.51
9000479,JNL000479,CU61625,2025-06-05T13:21:00.000Z,North America,CA,EN,Phone,Inquiry,No motion alerts,Jonly Cam Outdoor,iOS,Tier 1,Closed,1087,0,1,5,1.0
9000480,JNL000480,CU33516,2025-06-26T07:10:00.000Z,North America,CA,EN,Web Form,Inquiry,Cannot login to app,Jonly Secure Subscription,Android,Tier 1,Closed,933,1,1,4,0.43
9000481,JNL000481,CU69473,2025-05-23T18:17:00.000Z,North America,CA,EN,Phone,Inquiry,Two-factor issues,Jonly Cam Indoor,iOS,Tier 2,Closed,180,0,1,4,0.28
9000482,JNL000482,CU24601,2025-06-01T14:11:00.000Z,North America,CA,EN,Chat,Billing,Video not loading,Jonly Doorbell Pro,Android,Tier 1,Closed,1109,2,1,5,0.74
9000483,JNL000483,CU89748,2025-05-27T05:28:00.000Z,Europe,NL,EN,Chat,Functionality,Subscription not applied,Jonly Cam Indoor,Web,Tier 1,Escalated,1022,0,0,5,1.0
9000484,JNL000484,CU45237,2025-05-20T18:35:00.000Z,North America,US,NL,Email,Connectivity,Video not loading,Jonly Cam Indoor,iOS,Tier 1,Closed,729,1,1,5,1.0
9000485,JNL000485,CU25217,2025-06-26T09:12:00.000Z,APAC,AU,EN,Email,Functionality,Poor night vision,Jonly Cam Outdoor,Android,Tier 2,In Progress,783,0,1,5,0.92
9000486,JNL000486,CU84515,2025-05-03T14:22:00.000Z,North America,CA,DE,Phone,Connectivity,Subscription not applied,Jonly Secure Subscription,Android,Tier 2,Closed,1152,0,1,5,0.82
9000487,JNL000487,CU46183,2025-07-31T09:12:00.000Z,Europe,NL,EN,Phone,Inquiry,Poor night vision,Jonly Doorbell Pro,iOS,Tier 1,Closed,220,0,1,5,0.69
9000488,JNL000488,CU45577,2025-05-02T03:50:00.000Z,North America,CA,DE,Chat,Connectivity,False motion alerts,Jonly Cam Outdoor,Android,Tier 2,Closed,1423,0,1,1,-0.94
9000489,JNL000489,CU45426,2025-07-27T17:09:00.000Z,APAC,AU,EN,Phone,Inquiry,Subscription not applied,Jonly Doorbell Pro,iOS,Tier 1,Closed,974,0,1,5,0.95
9000490,JNL000490,CU75420,2025-05-24T15:47:00.000Z,Europe,FR,FR,Phone,Billing,Audio one-way only,Jonly Doorbell Pro,iOS,Tier 2,Closed,1634,0,1,1,-0.95
9000491,JNL000491,CU74886,2025-06-10T20:59:00.000Z,North America,CA,NL,Phone,Billing,Charged twice,Jonly Cam Outdoor,iOS,Tier 2,Closed,751,0,1,1,-1.0
9000492,JNL000492,CU30801,2025-07-11T09:27:00.000Z,North America,US,EN,Chat,Functionality,Two-factor issues,Jonly Floodlight Max,Android,Tier 1,Closed,1406,0,1,5,0.75
9000493,JNL000493,CU14448,2025-05-28T16:03:00.000Z,Europe,NL,EN,Phone,Billing,Device will not pair,Jonly Floodlight Max,Android,Tier 1,Closed,1266,0,1,5,1.0
9000494,JNL000494,CU34934,2025-05-14T02:32:00.000Z,North America,US,EN,Email,Setup,Charged twice,Jonly Hub Plus,Android,Tier 1,Closed,1322,1,0,2,-0.6
9000495,JNL000495,CU54545,2025-06-26T06:43:00.000Z,APAC,SG,EN,Phone,Functionality,Camera offline,Jonly Hub Plus,iOS,Tier 1,Closed,823,2,1,3,0.29
9000496,JNL000496,CU28618,2025-05-22T12:41:00.000Z,North America,US,DE,Phone,Connectivity,Order not delivered,Jonly Cam Indoor,Android,Escalation,Closed,1983,0,1,4,0.69
9000497,JNL000497,CU35264,2025-07-13T16:41:00.000Z,North America,US,DE,Phone,Billing,Laggy live view,Jonly Hub Plus,iOS,Tier 1,Closed,1265,1,1,3,-0.17
9000498,JNL000498,CU43589,2025-06-14T23:24:00.000Z,APAC,AU,NL,Phone,Billing,Video not loading,Jonly Doorbell Pro,iOS,Tier 1,Closed,1547,0,1,3,0.49
9000499,JNL000499,CU65387,2025-07-01T18:20:00.000Z,North America,CA,EN,Chat,Inquiry,Cannot login to app,Jonly Secure Subscription,Web,Tier 1,Closed,1220,0,1,1,-1.0
9000500,JNL000500,CU89773,2025-06-11T05:14:00.000Z,Europe,DE,EN,Phone,Billing,Order not delivered,Jonly Hub Mini,iOS,Tier 1,Closed,1705,1,1,3,0.2
9000501,JNL000501,CU59485,2025-07-04T06:59:00.000Z,Europe,GB,EN,Web Form,Inquiry,Doorbell not ringing,Jonly Doorbell Pro,Web,Tier 1,Closed,274,2,1,4,0.03
9000502,JNL000502,CU79974,2025-05-11T17:51:00.000Z,North America,US,EN,Chat,Billing,Cannot login to app,Jonly Doorbell Pro,Web,Tier 2,In Progress,1354,0,1,4,0.44
9000503,JNL000503,CU90659,2025-06-24T13:26:00.000Z,North America,US,DE,Chat,Inquiry,Cannot login to app,Jonly Floodlight Max,iOS,Tier 1,Closed,1223,0,1,5,1.0
9000504,JNL000504,CU62761,2025-06-25T22:16:00.000Z,North America,CA,EN,Community,Billing,Video not loading,Jonly Floodlight Max,Android,Tier 2,Closed,1085,0,1,3,0.1
9000505,JNL000505,CU58239,2025-05-27T03:23:00.000Z,APAC,SG,EN,Web Form,Connectivity,Device will not pair,Jonly Secure Subscription,Web,Tier 1,Closed,799,2,1,3,-0.26
9000506,JNL000506,CU77483,2025-06-13T19:32:00.000Z,Europe,NL,EN,Chat,Inquiry,False motion alerts,Jonly Cam Indoor,iOS,Tier 2,Escalated,1134,0,1,1,-1.0
9000507,JNL000507,CU87378,2025-05-13T20:42:00.000Z,North America,US,EN,Phone,Inquiry,Order not delivered,Jonly Cam Outdoor,Android,Tier 2,Closed,1000,1,1,5,1.0
9000508,JNL000508,CU86658,2025-07-26T12:42:00.000Z,North America,CA,EN,Phone,Connectivity,Laggy live view,Jonly Cam Outdoor,Android,Tier 1,Closed,1021,0,1,5,1.0
9000509,JNL000509,CU65979,2025-06-16T18:03:00.000Z,North America,US,DE,Phone,Functionality,Video not loading,Jonly Hub Plus,Web,Tier 2,Closed,1109,0,1,4,0.28
9000510,JNL000510,CU11319,2025-07-16T22:11:00.000Z,North America,US,DE,Email,Inquiry,Audio one-way only,Jonly Hub Mini,iOS,Tier 1,Closed,180,0,1,3,0.85
9000511,JNL000511,CU31027,2025-06-23T13:05:00.000Z,Europe,NL,EN,Web Form,Inquiry,Doorbell not ringing,Jonly Secure Subscription,iOS,Tier 2,Escalated,303,0,1,1,-1.0
9000512,JNL000512,CU38992,2025-07-12T21:36:00.000Z,North America,CA,DE,Web Form,Functionality,Poor night vision,Jonly Hub Plus,iOS,Tier 1,Closed,518,1,1,5,1.0
9000513,JNL000513,CU52434,2025-05-19T16:46:00.000Z,North America,US,EN,Phone,Functionality,Order not delivered,Jonly Hub Mini,Android,Tier 1,Closed,884,0,1,5,1.0
9000514,JNL000514,CU23813,2025-06-04T00:39:00.000Z,North America,US,DE,Phone,Setup,Cannot login to app,Jonly Hub Mini,Android,Tier 2,Closed,1428,0,1,3,0.46
9000515,JNL000515,CU61036,2025-06-25T19:56:00.000Z,North America,US,EN,Phone,Functionality,Two-factor issues,Jonly Hub Plus,iOS,Tier 1,Closed,396,0,1,5,0.8
9000516,JNL000516,CU55547,2025-05-26T14:14:00.000Z,North America,CA,EN,Email,Functionality,False motion alerts,Jonly Cam Indoor,Web,Tier 1,Closed,955,1,1,3,0.69
9000517,JNL000517,CU97920,2025-07-13T18:30:00.000Z,North America,US,EN,Web Form,Shipping,Subscription not applied,Jonly Cam Outdoor,iOS,Tier 1,Closed,727,0,1,4,0.79
9000518,JNL000518,CU23842,2025-06-29T06:48:00.000Z,North America,CA,EN,Chat,Functionality,Camera offline,Jonly Doorbell Pro,Android,Tier 1,Closed,457,0,1,5,1.0
9000519,JNL000519,CU69480,2025-07-02T22:55:00.000Z,Europe,NL,EN,Phone,Inquiry,Video not loading,Jonly Cam Outdoor,iOS,Tier 1,Closed,1734,0,1,5,0.78
9000520,JNL000520,CU74633,2025-07-05T04:36:00.000Z,North America,CA,EN,Phone,Inquiry,Charged twice,Jonly Doorbell Pro,iOS,Tier 1,Closed,1198,0,1,3,0.05
9000521,JNL000521,CU51748,2025-06-10T20:12:00.000Z,Europe,NL,EN,Phone,Connectivity,Order not delivered,Jonly Cam Outdoor,iOS,Tier 1,Closed,1541,0,1,1,-0.52
9000522,JNL000522,CU66393,2025-07-09T23:59:00.000Z,Europe,DE,EN,Chat,Billing,Camera offline,Jonly Hub Mini,Android,Tier 1,In Progress,1220,0,1,3,-0.3
9000523,JNL000523,CU31493,2025-07-22T13:54:00.000Z,Europe,FR,EN,Chat,Inquiry,Two-factor issues,Jonly Cam Indoor,iOS,Tier 1,Closed,555,0,1,4,0.62
9000524,JNL000524,CU37041,2025-06-24T16:15:00.000Z,North America,US,EN,Phone,Inquiry,Audio one-way only,Jonly Hub Plus,Android,Tier 2,Closed,615,0,1,5,0.96
9000525,JNL000525,CU46969,2025-05-06T16:10:00.000Z,Europe,FR,EN,Phone,Connectivity,Video not loading,Jonly Secure Subscription,Other,Tier 1,Closed,1153,1,0,4,0.59
9000526,JNL000526,CU12160,2025-06-18T12:21:00.000Z,North America,US,EN,Chat,Inquiry,Wrong item received,Jonly Cam Outdoor,iOS,Tier 1,Closed,739,1,1,1,-0.2
9000527,JNL000527,CU91226,2025-05-21T18:22:00.000Z,APAC,NZ,EN,Phone,Functionality,Poor night vision,Jonly Hub Mini,Other,Tier 2,Closed,1599,0,1,2,-0.56
9000528,JNL000528,CU57000,2025-05-27T05:51:00.000Z,Europe,DE,EN,Web Form,Functionality,Subscription not applied,Jonly Cam Outdoor,iOS,Tier 1,Closed,211,1,1,4,0.25
9000529,JNL000529,CU31817,2025-07-07T01:21:00.000Z,Europe,GB,DE,Chat,Setup,Cannot login to app,Jonly Hub Plus,iOS,Tier 1,In Progress,548,1,1,3,-0.31
9000530,JNL000530,CU89762,2025-05-13T17:12:00.000Z,North America,CA,EN,Phone,Shipping,Subscription not applied,Jonly Doorbell Pro,Web,Tier 2,Closed,381,1,1,5,1.0
9000531,JNL000531,CU38545,2025-06-23T17:24:00.000Z,North America,US,DE,Phone,Connectivity,Charged twice,Jonly Hub Plus,Android,Tier 1,Closed,592,0,1,3,0.35
9000532,JNL000532,CU50193,2025-05-30T01:56:00.000Z,North America,CA,EN,Community,Connectivity,Device will not pair,Jonly Floodlight Max,Android,Tier 1,Closed,514,0,0,4,0.1
9000533,JNL000533,CU33498,2025-05-22T23:34:00.000Z,North America,CA,EN,Email,Account,Cannot login to app,Jonly Cam Indoor,Web,Tier 1,Closed,431,0,1,5,0.4
9000534,JNL000534,CU70099,2025-05-03T12:09:00.000Z,APAC,NZ,EN,Phone,Billing,Two-factor issues,Jonly Hub Plus,Android,Tier 2,Escalated,1993,0,1,2,-0.52
9000535,JNL000535,CU81840,2025-07-05T06:59:00.000Z,Europe,DE,FR,Phone,Billing,Video not loading,Jonly Secure Subscription,iOS,Escalation,Closed,554,0,1,3,0.0
9000536,JNL000536,CU40010,2025-07-16T17:58:00.000Z,Europe,FR,NL,Phone,Functionality,Wrong item received,Jonly Cam Outdoor,Android,Tier 1,Closed,540,2,1,5,0.42
9000537,JNL000537,CU26272,2025-05-29T20:27:00.000Z,Europe,GB,EN,Web Form,Inquiry,No motion alerts,Jonly Cam Outdoor,Android,Tier 1,Closed,814,0,0,2,-0.13
9000538,JNL000538,CU85403,2025-07-30T01:53:00.000Z,North America,US,EN,Chat,Setup,Charged twice,Jonly Secure Subscription,Android,Tier 1,Closed,1092,0,1,2,0.01
9000539,JNL000539,CU60641,2025-06-18T06:05:00.000Z,Europe,DE,NL,Chat,Functionality,Laggy live view,Jonly Hub Mini,iOS,Tier 1,Closed,559,0,1,3,0.02
9000540,JNL000540,CU35397,2025-05-17T09:41:00.000Z,APAC,AU,EN,Chat,Functionality,False motion alerts,Jonly Cam Outdoor,Android,Tier 1,Closed,981,0,1,3,0.32
9000541,JNL000541,CU69436,2025-05-21T21:37:00.000Z,North America,US,EN,Community,Shipping,Two-factor issues,Jonly Doorbell Pro,Android,Tier 1,Closed,369,1,1,5,1.0
9000542,JNL000542,CU76120,2025-07-07T22:17:00.000Z,North America,US,EN,Email,Setup,Order not delivered,Jonly Hub Mini,iOS,Escalation,Closed,987,1,1,4,0.37
9000543,JNL000543,CU17357,2025-06-02T11:25:00.000Z,North America,CA,EN,Phone,Functionality,No motion alerts,Jonly Cam Indoor,Android,Tier 1,Closed,568,0,1,3,0.13
9000544,JNL000544,CU95885,2025-07-23T14:17:00.000Z,APAC,NZ,EN,Email,Functionality,Video not loading,Jonly Hub Mini,Web,Tier 2,Escalated,544,1,1,4,0.42
9000545,JNL000545,CU40525,2025-06-18T15:18:00.000Z,North America,US,EN,Chat,Account,Charged twice,Jonly Doorbell Pro,Web,Tier 1,Closed,905,0,1,3,-0.13
9000546,JNL000546,CU30191,2025-06-01T08:50:00.000Z,North America,CA,EN,Phone,Connectivity,Charged twice,Jonly Floodlight Max,Android,Tier 1,Closed,1498,0,1,1,-0.54
9000547,JNL000547,CU32982,2025-06-02T06:47:00.000Z,North America,US,FR,Chat,Billing,Doorbell not ringing,Jonly Hub Plus,Android,Tier 2,Closed,1209,4,1,4,0.83
9000548,JNL000548,CU80156,2025-07-07T03:24:00.000Z,North America,US,DE,Email,Shipping,No motion alerts,Jonly Hub Mini,iOS,Tier 2,Closed,758,0,1,4,0.75
9000549,JNL000549,CU68376,2025-06-16T19:55:00.000Z,North America,CA,EN,Phone,Account,Cannot login to app,Jonly Doorbell Pro,Android,Tier 1,Escalated,1203,2,1,3,0.0
9000550,JNL000550,CU25421,2025-05-22T06:21:00.000Z,North America,CA,DE,Phone,Connectivity,Device will not pair,Jonly Hub Mini,Web,Tier 2,Closed,902,0,1,4,1.0
9000551,JNL000551,CU74501,2025-05-05T16:04:00.000Z,Europe,NL,DE,Chat,Connectivity,Video not loading,Jonly Cam Indoor,Android,Tier 1,Closed,580,2,0,4,-0.29
9000552,JNL000552,CU32390,2025-05-12T12:16:00.000Z,North America,US,EN,Web Form,Shipping,Audio one-way only,Jonly Floodlight Max,Android,Tier 1,Closed,516,0,1,5,1.0
9000553,JNL000553,CU80435,2025-07-16T13:13:00.000Z,Europe,FR,FR,Web Form,Inquiry,Wrong item received,Jonly Secure Subscription,iOS,Tier 1,Closed,706,0,1,5,0.64
9000554,JNL000554,CU53785,2025-07-29T18:42:00.000Z,Europe,NL,FR,Email,Functionality,Subscription not applied,Jonly Cam Outdoor,iOS,Tier 1,Closed,742,2,1,3,-0.0
9000555,JNL000555,CU21642,2025-06-15T13:57:00.000Z,Europe,NL,EN,Phone,Connectivity,Device will not pair,Jonly Floodlight Max,Android,Tier 2,Closed,1230,0,1,2,-0.24
9000556,JNL000556,CU29668,2025-05-29T23:17:00.000Z,North America,CA,EN,Phone,Functionality,Camera offline,Jonly Hub Plus,Other,Tier 1,Closed,1424,1,1,2,-0.05
9000557,JNL000557,CU71903,2025-07-15T17:40:00.000Z,Europe,DE,EN,Phone,Functionality,Device will not pair,Jonly Hub Mini,iOS,Tier 1,Closed,1014,0,1,3,-0.4
9000558,JNL000558,CU33560,2025-06-02T03:49:00.000Z,North America,US,DE,Phone,Inquiry,No motion alerts,Jonly Floodlight Max,iOS,Tier 1,Closed,1588,0,1,4,0.82
9000559,JNL000559,CU73246,2025-05-26T10:00:00.000Z,North America,CA,EN,Chat,Inquiry,No motion alerts,Jonly Floodlight Max,iOS,Tier 1,Closed,1171,1,1,3,0.39
9000560,JNL000560,CU57623,2025-07-26T23:08:00.000Z,Europe,NL,EN,Phone,Inquiry,Camera offline,Jonly Secure Subscription,iOS,Tier 1,Closed,613,0,1,4,0.97
9000561,JNL000561,CU82935,2025-05-25T09:47:00.000Z,North America,CA,EN,Email,Functionality,Audio one-way only,Jonly Floodlight Max,Android,Escalation,Closed,748,1,1,4,0.55
9000562,JNL000562,CU42407,2025-06-21T15:14:00.000Z,Europe,FR,EN,Phone,Account,Video not loading,Jonly Secure Subscription,Android,Tier 2,Closed,1010,0,0,3,0.61
9000563,JNL000563,CU59537,2025-05-22T03:34:00.000Z,North America,CA,EN,Phone,Setup,Order not delivered,Jonly Floodlight Max,Android,Tier 2,Escalated,1099,0,1,4,0.26
9000564,JNL000564,CU71643,2025-06-15T03:27:00.000Z,North America,CA,EN,Web Form,Inquiry,False motion alerts,Jonly Secure Subscription,Android,Tier 1,Closed,698,0,0,5,0.56
9000565,JNL000565,CU96508,2025-07-23T01:22:00.000Z,North America,US,EN,Web Form,Connectivity,Order not delivered,Jonly Cam Indoor,Web,Tier 1,Closed,678,2,1,4,0.88
9000566,JNL000566,CU56435,2025-07-24T21:58:00.000Z,North America,US,EN,Phone,Functionality,Cannot login to app,Jonly Secure Subscription,iOS,Escalation,In Progress,930,0,1,5,1.0
9000567,JNL000567,CU88146,2025-07-08T22:25:00.000Z,North America,US,EN,Chat,Setup,Two-factor issues,Jonly Cam Indoor,Android,Tier 1,Closed,1018,2,1,5,1.0
9000568,JNL000568,CU48902,2025-06-08T09:33:00.000Z,North America,CA,EN,Web Form,Functionality,Poor night vision,Jonly Doorbell Pro,Android,Escalation,In Progress,599,0,1,5,1.0
9000569,JNL000569,CU23068,2025-06-14T13:54:00.000Z,Europe,DE,DE,Chat,Shipping,Doorbell not ringing,Jonly Floodlight Max,iOS,Tier 1,Closed,950,0,1,3,-0.23
9000570,JNL000570,CU59466,2025-06-26T20:31:00.000Z,Europe,GB,EN,Phone,Connectivity,Charged twice,Jonly Cam Outdoor,iOS,Tier 1,Closed,710,0,1,4,0.97
9000571,JNL000571,CU79561,2025-06-10T09:44:00.000Z,North America,CA,DE,Phone,Inquiry,Audio one-way only,Jonly Cam Indoor,Android,Tier 1,Closed,811,0,1,2,-0.15
9000572,JNL000572,CU70912,2025-05-03T05:53:00.000Z,North America,US,EN,Phone,Connectivity,Camera offline,Jonly Floodlight Max,Android,Tier 2,Closed,776,1,1,3,0.36
9000573,JNL000573,CU99069,2025-06-01T18:25:00.000Z,Europe,NL,DE,Chat,Setup,Audio one-way only,Jonly Cam Indoor,iOS,Tier 2,Closed,743,0,1,4,0.61
9000574,JNL000574,CU59584,2025-07-22T14:37:00.000Z,APAC,SG,NL,Email,Setup,Camera offline,Jonly Hub Plus,iOS,Tier 1,Closed,724,1,0,3,0.1
9000575,JNL000575,CU93950,2025-06-09T08:54:00.000Z,North America,US,EN,Phone,Functionality,Subscription not applied,Jonly Doorbell Pro,Web,Tier 2,Closed,1261,1,1,3,0.32
9000576,JNL000576,CU86465,2025-06-18T11:53:00.000Z,North America,CA,DE,Chat,Shipping,Subscription not applied,Jonly Hub Plus,Android,Tier 2,Closed,1829,1,1,5,0.73
9000577,JNL000577,CU99449,2025-06-16T22:49:00.000Z,APAC,AU,EN,Phone,Connectivity,Camera offline,Jonly Cam Outdoor,Android,Tier 2,Closed,996,2,1,4,-0.3
9000578,JNL000578,CU76923,2025-05-19T02:50:00.000Z,North America,CA,EN,Email,Inquiry,Video not loading,Jonly Cam Outdoor,Android,Tier 2,Closed,1175,1,1,4,0.45
9000579,JNL000579,CU44327,2025-07-27T05:32:00.000Z,North America,CA,EN,Web Form,Account,Subscription not applied,Jonly Hub Plus,Android,Tier 1,In Progress,866,1,1,2,0.01
9000580,JNL000580,CU17205,2025-07-25T19:35:00.000Z,APAC,SG,EN,Phone,Setup,Doorbell not ringing,Jonly Secure Subscription,Android,Tier 1,Closed,752,0,1,4,0.85
9000581,JNL000581,CU88892,2025-06-08T03:58:00.000Z,Europe,FR,EN,Community,Inquiry,Cannot login to app,Jonly Floodlight Max,Android,Tier 1,Escalated,798,0,1,3,-0.11
9000582,JNL000582,CU85413,2025-06-22T12:16:00.000Z,Europe,NL,EN,Chat,Inquiry,Poor night vision,Jonly Hub Mini,Android,Escalation,Closed,1190,0,1,4,1.0
9000583,JNL000583,CU14874,2025-05-02T12:18:00.000Z,Europe,DE,EN,Email,Connectivity,False motion alerts,Jonly Hub Plus,Android,Tier 1,Closed,586,0,1,3,0.05
9000584,JNL000584,CU16787,2025-05-08T14:33:00.000Z,North America,US,EN,Phone,Shipping,Audio one-way only,Jonly Floodlight Max,Android,Tier 1,Closed,1297,0,1,5,0.75
9000585,JNL000585,CU30790,2025-07-05T03:34:00.000Z,North America,CA,FR,Phone,Connectivity,False motion alerts,Jonly Doorbell Pro,iOS,Tier 2,Closed,1129,1,1,1,-0.61
9000586,JNL000586,CU86189,2025-06-23T03:50:00.000Z,North America,CA,DE,Phone,Billing,Charged twice,Jonly Floodlight Max,Android,Tier 1,Closed,1279,1,1,4,0.02
9000587,JNL000587,CU30197,2025-06-02T22:24:00.000Z,North America,US,EN,Phone,Shipping,Order not delivered,Jonly Hub Mini,iOS,Tier 1,Closed,812,2,1,1,-0.8
9000588,JNL000588,CU77666,2025-07-14T13:36:00.000Z,APAC,AU,EN,Phone,Connectivity,Cannot login to app,Jonly Secure Subscription,Other,Tier 2,Escalated,2160,2,1,1,-0.62
9000589,JNL000589,CU59738,2025-05-20T12:12:00.000Z,Europe,NL,FR,Phone,Inquiry,Order not delivered,Jonly Hub Plus,Android,Escalation,Closed,1021,0,0,2,-0.8
9000590,JNL000590,CU74942,2025-06-12T17:42:00.000Z,APAC,AU,EN,Chat,Billing,False motion alerts,Jonly Hub Mini,iOS,Tier 1,Closed,1134,1,1,3,0.23
9000591,JNL000591,CU19851,2025-05-31T16:06:00.000Z,North America,CA,EN,Chat,Inquiry,Doorbell not ringing,Jonly Hub Plus,iOS,Tier 2,Closed,809,1,1,3,-0.12
9000592,JNL000592,CU52165,2025-07-30T05:57:00.000Z,Europe,FR,DE,Phone,Account,Doorbell not ringing,Jonly Cam Indoor,iOS,Tier 1,Closed,428,1,1,5,0.62
9000593,JNL000593,CU87598,2025-07-24T01:25:00.000Z,North America,CA,DE,Phone,Billing,No motion alerts,Jonly Floodlight Max,iOS,Tier 1,Escalated,962,0,1,3,0.33
9000594,JNL000594,CU15829,2025-06-21T00:36:00.000Z,North America,CA,EN,Phone,Connectivity,Doorbell not ringing,Jonly Floodlight Max,iOS,Tier 1,Closed,624,1,1,3,-0.21
9000595,JNL000595,CU58029,2025-06-06T10:43:00.000Z,Europe,FR,NL,Chat,Billing,Audio one-way only,Jonly Floodlight Max,Android,Tier 1,In Progress,622,0,1,1,-0.8
9000596,JNL000596,CU38994,2025-06-08T13:14:00.000Z,North America,CA,NL,Phone,Account,Order not delivered,Jonly Cam Outdoor,Android,Tier 2,Closed,1373,2,1,3,0.86
9000597,JNL000597,CU47765,2025-06-13T07:33:00.000Z,APAC,SG,EN,Web Form,Inquiry,Laggy live view,Jonly Hub Plus,iOS,Tier 1,Closed,343,0,1,4,0.24
9000598,JNL000598,CU67611,2025-05-28T09:20:00.000Z,APAC,NZ,DE,Phone,Functionality,Charged twice,Jonly Cam Indoor,iOS,Tier 1,Closed,1240,0,1,5,1.0
9000599,JNL000599,CU99586,2025-07-09T12:47:00.000Z,North America,CA,FR,Phone,Account,Charged twice,Jonly Cam Outdoor,Android,Tier 2,Closed,1278,0,0,2,-1.0
9000600,JNL000600,CU65925,2025-05-19T00:41:00.000Z,North America,US,FR,Web Form,Inquiry,Wrong item received,Jonly Secure Subscription,Android,Tier 1,Closed,959,0,1,1,-0.92
9000601,JNL000601,CU33308,2025-06-02T00:27:00.000Z,Europe,GB,EN,Phone,Connectivity,Cannot login to app,Jonly Hub Plus,Android,Tier 1,Closed,1502,0,1,2,-0.32
9000602,JNL000602,CU83410,2025-06-12T06:31:00.000Z,North America,US,EN,Web Form,Functionality,Laggy live view,Jonly Hub Mini,Android,Tier 2,Closed,240,0,0,5,0.88
9000603,JNL000603,CU44163,2025-07-13T00:21:00.000Z,North America,US,DE,Chat,Account,Video not loading,Jonly Cam Outdoor,Web,Tier 1,Closed,180,0,1,5,1.0
9000604,JNL000604,CU87423,2025-06-01T03:16:00.000Z,APAC,AU,EN,Phone,Shipping,No motion alerts,Jonly Cam Outdoor,Android,Tier 1,Closed,1730,0,1,3,-0.24
9000605,JNL000605,CU68258,2025-07-12T06:57:00.000Z,APAC,NZ,FR,Chat,Connectivity,Order not delivered,Jonly Hub Plus,Android,Escalation,Closed,983,2,1,3,0.31
9000606,JNL000606,CU98288,2025-07-14T12:35:00.000Z,North America,US,FR,Phone,Connectivity,Video not loading,Jonly Cam Indoor,Web,Tier 1,Closed,1537,1,1,2,-0.78
9000607,JNL000607,CU32467,2025-07-11T22:25:00.000Z,North America,CA,EN,Phone,Billing,Doorbell not ringing,Jonly Floodlight Max,iOS,Tier 2,Closed,865,0,0,5,1.0
9000608,JNL000608,CU61858,2025-06-09T10:08:00.000Z,North America,CA,NL,Phone,Functionality,Camera offline,Jonly Secure Subscription,Android,Tier 1,In Progress,1249,1,0,4,0.62
9000609,JNL000609,CU81164,2025-06-03T11:07:00.000Z,Europe,DE,EN,Email,Functionality,Laggy live view,Jonly Hub Plus,Android,Tier 2,Closed,1131,1,1,3,-0.34
9000610,JNL000610,CU58749,2025-07-11T06:30:00.000Z,Europe,NL,EN,Phone,Inquiry,Laggy live view,Jonly Hub Plus,Web,Tier 1,Closed,570,0,1,3,-0.17
9000611,JNL000611,CU94505,2025-05-01T11:37:00.000Z,APAC,AU,FR,Chat,Billing,Doorbell not ringing,Jonly Hub Mini,iOS,Tier 2,Closed,487,1,1,2,-0.88
9000612,JNL000612,CU12785,2025-06-13T23:00:00.000Z,Europe,DE,EN,Phone,Inquiry,Two-factor issues,Jonly Hub Mini,Android,Tier 1,Escalated,1167,0,1,2,-0.41
9000613,JNL000613,CU37670,2025-05-12T20:35:00.000Z,North America,CA,EN,Phone,Inquiry,False motion alerts,Jonly Cam Outdoor,Android,Tier 2,Escalated,1129,0,1,5,1.0
9000614,JNL000614,CU29067,2025-05-10T22:54:00.000Z,Europe,DE,EN,Phone,Inquiry,Subscription not applied,Jonly Hub Mini,Android,Tier 1,In Progress,914,0,1,1,-0.92
9000615,JNL000615,CU88147,2025-05-15T00:35:00.000Z,North America,CA,EN,Phone,Connectivity,Wrong item received,Jonly Cam Outdoor,iOS,Tier 1,Closed,967,1,1,2,-0.5
9000616,JNL000616,CU15053,2025-05-16T23:07:00.000Z,Europe,NL,EN,Phone,Account,Order not delivered,Jonly Doorbell Pro,iOS,Tier 1,Closed,997,1,0,4,0.4
9000617,JNL000617,CU62464,2025-05-17T13:12:00.000Z,North America,CA,EN,Phone,Setup,Audio one-way only,Jonly Floodlight Max,iOS,Tier 1,Closed,488,1,1,1,-0.44
9000618,JNL000618,CU98615,2025-06-27T03:03:00.000Z,North America,US,EN,Phone,Inquiry,Poor night vision,Jonly Cam Outdoor,iOS,Tier 1,Closed,1087,1,1,2,-0.31
9000619,JNL000619,CU79227,2025-05-20T04:26:00.000Z,Europe,DE,EN,Community,Connectivity,Video not loading,Jonly Secure Subscription,iOS,Tier 1,Closed,514,0,1,4,0.42
9000620,JNL000620,CU96663,2025-07-12T08:27:00.000Z,North America,US,EN,Phone,Billing,Audio one-way only,Jonly Floodlight Max,iOS,Tier 1,Closed,1489,0,1,3,0.64
9000621,JNL000621,CU89729,2025-06-20T16:26:00.000Z,North America,US,EN,Phone,Functionality,Doorbell not ringing,Jonly Secure Subscription,iOS,Tier 2,Closed,640,0,1,4,0.22
9000622,JNL000622,CU96531,2025-07-26T05:51:00.000Z,North America,US,EN,Community,Connectivity,Audio one-way only,Jonly Cam Indoor,Android,Tier 1,Closed,1073,0,1,2,-0.09
9000623,JNL000623,CU78816,2025-06-21T22:28:00.000Z,North America,CA,EN,Web Form,Billing,Charged twice,Jonly Floodlight Max,iOS,Tier 1,Closed,527,0,1,4,0.35
9000624,JNL000624,CU91465,2025-05-21T00:09:00.000Z,Europe,NL,DE,Chat,Connectivity,Audio one-way only,Jonly Cam Indoor,iOS,Tier 1,Closed,1351,0,1,1,-0.98
9000625,JNL000625,CU26093,2025-05-09T15:07:00.000Z,North America,US,DE,Phone,Inquiry,Laggy live view,Jonly Cam Indoor,Android,Tier 1,Escalated,951,0,1,4,0.46
9000626,JNL000626,CU95232,2025-06-17T14:47:00.000Z,Europe,GB,DE,Phone,Connectivity,Order not delivered,Jonly Hub Mini,Web,Escalation,Closed,1187,1,1,4,0.25
9000627,JNL000627,CU52696,2025-06-19T05:48:00.000Z,North America,US,EN,Phone,Connectivity,Charged twice,Jonly Hub Mini,iOS,Tier 1,Closed,1862,0,1,2,-0.71
9000628,JNL000628,CU99378,2025-05-27T21:44:00.000Z,Europe,FR,FR,Community,Functionality,Subscription not applied,Jonly Secure Subscription,Android,Tier 1,Closed,547,0,0,5,0.91
9000629,JNL000629,CU72676,2025-05-06T18:00:00.000Z,North America,CA,EN,Phone,Setup,Video not loading,Jonly Cam Indoor,Web,Tier 1,Closed,1413,0,1,5,0.81
9000630,JNL000630,CU33619,2025-07-29T05:30:00.000Z,North America,US,EN,Community,Inquiry,Poor night vision,Jonly Hub Mini,Android,Tier 1,Closed,814,0,1,3,-0.04
9000631,JNL000631,CU67277,2025-07-10T12:03:00.000Z,North America,CA,EN,Chat,Connectivity,Video not loading,Jonly Floodlight Max,Android,Tier 2,Closed,180,0,1,5,0.65
9000632,JNL000632,CU82422,2025-07-08T06:39:00.000Z,APAC,SG,FR,Chat,Functionality,Video not loading,Jonly Doorbell Pro,Web,Tier 1,Closed,1333,0,1,4,-0.35
9000633,JNL000633,CU25138,2025-06-25T01:07:00.000Z,APAC,AU,EN,Phone,Setup,Camera offline,Jonly Hub Plus,Android,Tier 1,Escalated,1177,2,1,3,-0.17
9000634,JNL000634,CU85741,2025-05-02T01:37:00.000Z,North America,CA,EN,Community,Billing,Subscription not applied,Jonly Cam Outdoor,Android,Tier 1,Closed,490,2,1,5,0.7
9000635,JNL000635,CU40033,2025-07-18T18:39:00.000Z,North America,CA,EN,Chat,Inquiry,Charged twice,Jonly Hub Plus,Android,Tier 1,Closed,1045,0,1,3,0.13
9000636,JNL000636,CU51919,2025-06-08T09:00:00.000Z,North America,CA,NL,Email,Functionality,Camera offline,Jonly Cam Indoor,iOS,Tier 2,Closed,502,0,1,5,0.77
9000637,JNL000637,CU89045,2025-06-04T03:12:00.000Z,North America,US,EN,Chat,Inquiry,Doorbell not ringing,Jonly Doorbell Pro,Android,Tier 1,Closed,688,1,1,5,0.41
9000638,JNL000638,CU79661,2025-07-09T14:50:00.000Z,North America,CA,EN,Chat,Functionality,Charged twice,Jonly Floodlight Max,Android,Tier 2,Closed,821,1,0,4,0.01
9000639,JNL000639,CU89534,2025-05-05T18:49:00.000Z,North America,CA,DE,Chat,Connectivity,Poor night vision,Jonly Doorbell Pro,Android,Tier 1,Escalated,927,0,1,5,0.72
9000640,JNL000640,CU28722,2025-06-03T15:26:00.000Z,North America,US,EN,Email,Setup,Wrong item received,Jonly Cam Outdoor,Web,Escalation,Closed,1020,0,1,4,0.6
9000641,JNL000641,CU68219,2025-06-05T17:57:00.000Z,Europe,GB,EN,Web Form,Functionality,Camera offline,Jonly Doorbell Pro,iOS,Tier 1,Escalated,869,0,0,3,-0.28
9000642,JNL000642,CU14428,2025-06-10T19:43:00.000Z,North America,US,EN,Chat,Account,Subscription not applied,Jonly Cam Outdoor,Android,Tier 2,Closed,1136,0,1,5,0.9
9000643,JNL000643,CU95810,2025-07-02T14:42:00.000Z,North America,US,DE,Web Form,Inquiry,Audio one-way only,Jonly Secure Subscription,Web,Tier 2,Closed,771,0,1,4,1.0
9000644,JNL000644,CU25716,2025-06-18T00:05:00.000Z,Europe,NL,EN,Phone,Setup,Poor night vision,Jonly Cam Outdoor,Web,Tier 1,Closed,924,2,1,5,-0.07
9000645,JNL000645,CU82349,2025-06-22T10:43:00.000Z,North America,US,EN,Phone,Account,False motion alerts,Jonly Floodlight Max,Android,Tier 2,Closed,180,0,0,2,-0.68
9000646,JNL000646,CU27982,2025-06-09T14:25:00.000Z,North America,CA,EN,Email,Billing,Audio one-way only,Jonly Secure Subscription,iOS,Tier 1,Closed,507,0,1,2,-0.73
9000647,JNL000647,CU88277,2025-07-04T01:48:00.000Z,Europe,FR,EN,Phone,Functionality,Subscription not applied,Jonly Cam Outdoor,iOS,Tier 2,Closed,1185,0,1,5,0.77
9000648,JNL000648,CU50936,2025-07-04T22:03:00.000Z,North America,US,EN,Email,Functionality,Charged twice,Jonly Hub Mini,iOS,Tier 1,In Progress,789,0,1,1,-1.0
9000649,JNL000649,CU74968,2025-06-25T08:35:00.000Z,North America,US,EN,Phone,Billing,Device will not pair,Jonly Cam Indoor,Android,Escalation,Closed,356,0,1,4,0.85
9000650,JNL000650,CU99811,2025-06-20T16:18:00.000Z,North America,CA,EN,Phone,Shipping,Laggy live view,Jonly Cam Outdoor,Android,Escalation,Closed,1130,1,1,5,0.99
9000651,JNL000651,CU14338,2025-06-04T23:27:00.000Z,North America,CA,EN,Phone,Functionality,Laggy live view,Jonly Doorbell Pro,Android,Tier 1,Closed,789,1,1,4,0.61
9000652,JNL000652,CU62953,2025-07-20T19:31:00.000Z,North America,US,EN,Phone,Setup,Charged twice,Jonly Floodlight Max,iOS,Tier 2,Closed,1210,1,0,4,0.22
9000653,JNL000653,CU25151,2025-06-25T11:32:00.000Z,Europe,GB,DE,Phone,Setup,Two-factor issues,Jonly Secure Subscription,Web,Escalation,Closed,1695,0,0,5,0.81
9000654,JNL000654,CU71590,2025-07-22T07:03:00.000Z,North America,CA,EN,Chat,Billing,Wrong item received,Jonly Floodlight Max,Android,Tier 2,Closed,557,1,0,4,1.0
9000655,JNL000655,CU11972,2025-06-15T20:44:00.000Z,Europe,NL,EN,Chat,Connectivity,Cannot login to app,Jonly Secure Subscription,Android,Tier 1,Closed,1090,0,0,1,-1.0
9000656,JNL000656,CU49063,2025-05-04T08:56:00.000Z,North America,CA,EN,Chat,Functionality,Two-factor issues,Jonly Cam Indoor,Android,Tier 1,Closed,563,0,1,3,-0.56
9000657,JNL000657,CU82321,2025-07-07T10:48:00.000Z,Europe,GB,EN,Phone,Billing,Audio one-way only,Jonly Hub Plus,iOS,Tier 1,Closed,1332,0,0,4,0.74
9000658,JNL000658,CU11181,2025-05-27T22:24:00.000Z,Europe,FR,EN,Chat,Account,Two-factor issues,Jonly Cam Outdoor,Web,Tier 1,Escalated,700,0,1,2,-0.36
9000659,JNL000659,CU79428,2025-07-23T17:14:00.000Z,North America,US,EN,Web Form,Connectivity,Poor night vision,Jonly Hub Mini,iOS,Tier 1,Escalated,883,0,1,5,0.68
9000660,JNL000660,CU92222,2025-06-28T12:17:00.000Z,North America,CA,EN,Phone,Inquiry,Poor night vision,Jonly Cam Indoor,iOS,Tier 1,Escalated,1608,1,1,4,1.0
9000661,JNL000661,CU95814,2025-05-06T23:52:00.000Z,APAC,SG,EN,Chat,Inquiry,Charged twice,Jonly Hub Mini,Web,Tier 1,Closed,1182,0,1,4,-0.19
9000662,JNL000662,CU51196,2025-06-24T18:46:00.000Z,Europe,FR,EN,Community,Account,Audio one-way only,Jonly Cam Outdoor,Web,Tier 1,Escalated,869,2,1,3,-0.38
9000663,JNL000663,CU88064,2025-07-15T23:32:00.000Z,North America,CA,EN,Web Form,Connectivity,Poor night vision,Jonly Cam Outdoor,iOS,Tier 1,Closed,708,0,1,3,0.1
9000664,JNL000664,CU61987,2025-06-23T12:55:00.000Z,North America,US,DE,Phone,Connectivity,Doorbell not ringing,Jonly Floodlight Max,Android,Tier 1,Closed,1138,1,1,2,0.0
9000665,JNL000665,CU15705,2025-06-24T15:08:00.000Z,Europe,NL,EN,Chat,Inquiry,Two-factor issues,Jonly Secure Subscription,iOS,Tier 2,Closed,1262,0,1,3,0.14
9000666,JNL000666,CU44774,2025-05-11T22:22:00.000Z,Europe,NL,EN,Email,Functionality,No motion alerts,Jonly Hub Mini,iOS,Tier 1,Escalated,1149,0,1,5,1.0
9000667,JNL000667,CU47203,2025-05-01T20:49:00.000Z,APAC,AU,FR,Email,Inquiry,Doorbell not ringing,Jonly Cam Outdoor,iOS,Tier 1,Closed,808,1,1,1,-0.95
9000668,JNL000668,CU52754,2025-07-19T07:42:00.000Z,Europe,NL,EN,Phone,Billing,Device will not pair,Jonly Hub Mini,Android,Tier 1,Closed,2036,1,1,2,-1.0
9000669,JNL000669,CU62249,2025-07-06T11:17:00.000Z,North America,US,EN,Email,Functionality,False motion alerts,Jonly Doorbell Pro,iOS,Tier 1,Closed,995,1,1,4,-0.21
9000670,JNL000670,CU57604,2025-07-25T19:19:00.000Z,North America,US,EN,Phone,Account,Cannot login to app,Jonly Cam Outdoor,iOS,Tier 2,Closed,1344,0,0,5,1.0
9000671,JNL000671,CU79787,2025-07-27T15:53:00.000Z,North America,CA,NL,Web Form,Functionality,Laggy live view,Jonly Hub Plus,Other,Tier 1,Closed,651,0,1,3,0.54
9000672,JNL000672,CU46235,2025-05-11T12:14:00.000Z,Europe,FR,EN,Email,Billing,Cannot login to app,Jonly Secure Subscription,Android,Tier 1,Closed,1140,0,1,4,0.73
9000673,JNL000673,CU14254,2025-06-07T08:35:00.000Z,APAC,SG,EN,Chat,Inquiry,Laggy live view,Jonly Cam Outdoor,iOS,Escalation,Closed,977,0,1,4,0.71
9000674,JNL000674,CU77549,2025-06-15T22:10:00.000Z,Europe,NL,DE,Email,Inquiry,Audio one-way only,Jonly Secure Subscription,iOS,Tier 1,Closed,551,0,1,3,-0.41
9000675,JNL000675,CU91972,2025-05-29T19:42:00.000Z,North America,US,DE,Email,Connectivity,Subscription not applied,Jonly Floodlight Max,Web,Tier 1,Closed,1134,0,0,5,1.0
9000676,JNL000676,CU15316,2025-05-05T11:26:00.000Z,North America,US,DE,Phone,Inquiry,Two-factor issues,Jonly Doorbell Pro,iOS,Tier 1,Closed,814,0,1,4,-0.0
9000677,JNL000677,CU91206,2025-07-04T00:44:00.000Z,North America,CA,EN,Phone,Billing,Device will not pair,Jonly Hub Mini,Android,Tier 1,Closed,1564,2,1,2,-0.39
9000678,JNL000678,CU34620,2025-05-23T14:22:00.000Z,North America,US,EN,Web Form,Inquiry,Cannot login to app,Jonly Cam Outdoor,iOS,Tier 1,Closed,1035,0,1,2,-0.46
9000679,JNL000679,CU32604,2025-07-06T16:49:00.000Z,North America,US,FR,Phone,Inquiry,Audio one-way only,Jonly Hub Plus,Android,Tier 1,Closed,1963,0,1,3,0.02
9000680,JNL000680,CU23519,2025-07-12T16:25:00.000Z,Europe,DE,DE,Chat,Billing,Wrong item received,Jonly Hub Plus,Other,Escalation,In Progress,715,1,1,4,0.5
9000681,JNL000681,CU77389,2025-06-06T20:27:00.000Z,North America,US,DE,Email,Inquiry,No motion alerts,Jonly Floodlight Max,Android,Tier 1,In Progress,687,0,1,3,0.21
9000682,JNL000682,CU18472,2025-05-08T18:38:00.000Z,North America,US,EN,Chat,Account,Cannot login to app,Jonly Floodlight Max,iOS,Tier 1,Closed,736,1,0,3,-0.38
9000683,JNL000683,CU19395,2025-06-03T23:14:00.000Z,North America,CA,EN,Phone,Inquiry,Video not loading,Jonly Hub Mini,Web,Tier 1,Closed,1718,0,1,4,0.36
9000684,JNL000684,CU67112,2025-05-09T18:09:00.000Z,Europe,NL,EN,Community,Account,Wrong item received,Jonly Cam Outdoor,Android,Tier 2,Closed,1257,1,1,3,-0.17
9000685,JNL000685,CU98801,2025-07-10T15:00:00.000Z,North America,US,EN,Chat,Setup,Camera offline,Jonly Floodlight Max,Android,Tier 1,Closed,866,0,1,4,-0.31
9000686,JNL000686,CU15642,2025-07-20T18:43:00.000Z,North America,US,EN,Chat,Connectivity,False motion alerts,Jonly Floodlight Max,iOS,Escalation,Escalated,584,0,1,3,-0.01
9000687,JNL000687,CU43955,2025-05-06T09:27:00.000Z,North America,CA,EN,Phone,Inquiry,Two-factor issues,Jonly Cam Outdoor,Android,Tier 1,In Progress,1649,0,1,4,1.0
9000688,JNL000688,CU53958,2025-06-22T00:14:00.000Z,Europe,GB,EN,Phone,Inquiry,Two-factor issues,Jonly Hub Plus,Android,Tier 1,Closed,1022,1,1,5,1.0
9000689,JNL000689,CU92539,2025-05-10T04:24:00.000Z,Europe,NL,EN,Email,Inquiry,Two-factor issues,Jonly Hub Mini,Web,Tier 2,Closed,1173,0,0,4,0.78
9000690,JNL000690,CU56846,2025-07-23T14:43:00.000Z,North America,CA,EN,Chat,Inquiry,Charged twice,Jonly Cam Indoor,Web,Tier 1,Closed,180,1,1,4,0.99
9000691,JNL000691,CU37513,2025-06-27T01:03:00.000Z,Europe,GB,DE,Phone,Connectivity,Order not delivered,Jonly Floodlight Max,iOS,Tier 2,Closed,1651,0,1,3,0.33
9000692,JNL000692,CU86240,2025-06-20T07:23:00.000Z,North America,CA,EN,Web Form,Setup,Camera offline,Jonly Secure Subscription,Web,Tier 1,Closed,972,0,1,4,0.14
9000693,JNL000693,CU81354,2025-06-05T09:14:00.000Z,North America,US,EN,Phone,Account,Camera offline,Jonly Cam Outdoor,Android,Tier 1,Escalated,819,0,1,4,0.6
9000694,JNL000694,CU29059,2025-06-17T16:27:00.000Z,Europe,GB,EN,Phone,Setup,Audio one-way only,Jonly Cam Outdoor,Android,Tier 1,Closed,1111,0,1,4,0.29
9000695,JNL000695,CU42164,2025-06-21T16:39:00.000Z,Europe,DE,EN,Phone,Account,Order not delivered,Jonly Floodlight Max,Android,Escalation,Closed,519,0,1,5,0.94
9000696,JNL000696,CU99191,2025-07-31T18:47:00.000Z,North America,US,EN,Email,Inquiry,False motion alerts,Jonly Cam Outdoor,Android,Tier 1,Closed,694,0,1,4,0.4
9000697,JNL000697,CU37498,2025-05-09T17:07:00.000Z,Europe,NL,EN,Phone,Inquiry,Poor night vision,Jonly Floodlight Max,Android,Tier 1,Closed,1161,0,1,3,0.5
9000698,JNL000698,CU79727,2025-05-22T21:38:00.000Z,Europe,NL,EN,Community,Inquiry,Two-factor issues,Jonly Hub Mini,iOS,Tier 1,Closed,1309,0,1,5,0.69
9000699,JNL000699,CU17626,2025-07-08T00:31:00.000Z,North America,CA,EN,Phone,Account,Laggy live view,Jonly Cam Outdoor,Web,Tier 2,In Progress,813,1,1,1,-1.0
9000700,JNL000700,CU17932,2025-05-02T16:22:00.000Z,North America,US,EN,Community,Billing,Subscription not applied,Jonly Floodlight Max,Android,Tier 1,Closed,548,2,1,4,1.0
9000701,JNL000701,CU83360,2025-07-03T20:16:00.000Z,Europe,GB,EN,Email,Connectivity,False motion alerts,Jonly Cam Indoor,Android,Tier 1,Closed,923,2,1,4,0.19
9000702,JNL000702,CU71121,2025-07-30T05:18:00.000Z,North America,US,EN,Phone,Billing,Poor night vision,Jonly Cam Indoor,iOS,Tier 1,Closed,296,1,1,4,0.5
9000703,JNL000703,CU68847,2025-05-01T21:07:00.000Z,North America,CA,EN,Phone,Billing,Two-factor issues,Jonly Cam Indoor,Web,Tier 2,Closed,1166,1,1,5,1.0
9000704,JNL000704,CU54374,2025-07-02T10:58:00.000Z,North America,US,DE,Phone,Inquiry,Charged twice,Jonly Floodlight Max,iOS,Escalation,Closed,996,0,1,1,-1.0
9000705,JNL000705,CU88444,2025-07-12T16:05:00.000Z,APAC,SG,NL,Phone,Shipping,No motion alerts,Jonly Doorbell Pro,Android,Tier 1,Closed,501,0,1,3,0.48
9000706,JNL000706,CU11164,2025-05-16T05:32:00.000Z,North America,US,EN,Phone,Connectivity,Video not loading,Jonly Secure Subscription,iOS,Tier 1,Closed,1176,1,1,4,0.61
9000707,JNL000707,CU56752,2025-06-11T22:28:00.000Z,North America,US,EN,Email,Billing,Audio one-way only,Jonly Hub Mini,Web,Tier 1,Escalated,608,0,1,3,0.66
9000708,JNL000708,CU62313,2025-05-10T19:53:00.000Z,North America,US,EN,Email,Shipping,False motion alerts,Jonly Secure Subscription,iOS,Escalation,Closed,180,0,1,4,1.0
9000709,JNL000709,CU93785,2025-05-06T16:10:00.000Z,Europe,GB,EN,Phone,Functionality,Charged twice,Jonly Cam Outdoor,Android,Tier 2,Closed,780,0,1,4,0.32
9000710,JNL000710,CU93339,2025-06-19T17:04:00.000Z,APAC,NZ,EN,Web Form,Shipping,Doorbell not ringing,Jonly Cam Outdoor,iOS,Tier 1,Closed,1022,1,1,3,-0.57
9000711,JNL000711,CU73175,2025-07-01T07:45:00.000Z,North America,CA,EN,Chat,Functionality,Video not loading,Jonly Cam Indoor,iOS,Tier 2,Closed,1043,0,1,5,1.0
9000712,JNL000712,CU81047,2025-07-03T04:15:00.000Z,North America,CA,FR,Web Form,Connectivity,Subscription not applied,Jonly Secure Subscription,iOS,Tier 1,Closed,797,2,1,2,0.26
9000713,JNL000713,CU67072,2025-06-08T07:51:00.000Z,North America,US,EN,Phone,Functionality,Device will not pair,Jonly Cam Indoor,iOS,Tier 1,Closed,244,0,0,3,0.4
9000714,JNL000714,CU11257,2025-06-12T04:40:00.000Z,North America,CA,FR,Phone,Functionality,False motion alerts,Jonly Hub Mini,iOS,Tier 1,Closed,767,0,0,4,1.0
9000715,JNL000715,CU50445,2025-05-18T08:49:00.000Z,Europe,GB,EN,Chat,Connectivity,Subscription not applied,Jonly Floodlight Max,Android,Tier 2,Closed,664,1,1,5,0.39
9000716,JNL000716,CU23402,2025-06-10T05:04:00.000Z,North America,CA,EN,Chat,Account,False motion alerts,Jonly Hub Mini,iOS,Tier 2,Escalated,855,0,1,5,1.0
9000717,JNL000717,CU25377,2025-06-21T04:49:00.000Z,North America,US,EN,Phone,Functionality,Cannot login to app,Jonly Secure Subscription,Web,Tier 2,Closed,947,0,1,5,0.76
9000718,JNL000718,CU25321,2025-05-21T03:31:00.000Z,North America,CA,EN,Email,Functionality,Camera offline,Jonly Secure Subscription,iOS,Tier 2,Closed,472,1,1,4,0.15
9000719,JNL000719,CU50119,2025-05-06T23:47:00.000Z,North America,CA,EN,Email,Functionality,Audio one-way only,Jonly Hub Mini,Android,Tier 2,Closed,758,0,0,4,0.26
9000720,JNL000720,CU37349,2025-06-25T13:07:00.000Z,North America,US,EN,Phone,Connectivity,Laggy live view,Jonly Hub Mini,Android,Tier 1,Closed,838,0,1,5,0.85
9000721,JNL000721,CU22459,2025-07-15T23:12:00.000Z,APAC,NZ,EN,Phone,Billing,False motion alerts,Jonly Secure Subscription,Web,Tier 1,Closed,1175,0,1,2,-0.04
9000722,JNL000722,CU53278,2025-05-11T06:25:00.000Z,North America,CA,EN,Phone,Functionality,No motion alerts,Jonly Cam Outdoor,iOS,Tier 2,Closed,400,0,1,3,-0.53
9000723,JNL000723,CU28433,2025-05-17T05:51:00.000Z,APAC,AU,EN,Phone,Billing,Order not delivered,Jonly Floodlight Max,Android,Tier 1,Closed,688,0,0,2,-0.41
9000724,JNL000724,CU85953,2025-07-09T13:10:00.000Z,North America,CA,DE,Chat,Connectivity,Device will not pair,Jonly Doorbell Pro,iOS,Tier 1,Closed,1266,1,1,5,0.91
9000725,JNL000725,CU21815,2025-07-20T05:01:00.000Z,North America,US,DE,Phone,Connectivity,Camera offline,Jonly Cam Outdoor,iOS,Escalation,Closed,1466,1,1,1,-1.0
9000726,JNL000726,CU51917,2025-06-10T08:35:00.000Z,Europe,DE,DE,Web Form,Connectivity,False motion alerts,Jonly Hub Mini,Other,Tier 1,Closed,216,1,1,5,0.96
9000727,JNL000727,CU22815,2025-05-19T16:47:00.000Z,APAC,AU,EN,Phone,Inquiry,Wrong item received,Jonly Secure Subscription,Other,Tier 1,Closed,639,0,1,4,0.9
9000728,JNL000728,CU28656,2025-05-08T08:12:00.000Z,Europe,NL,EN,Community,Functionality,Order not delivered,Jonly Doorbell Pro,Web,Tier 1,Closed,916,1,0,4,0.07
9000729,JNL000729,CU89263,2025-07-21T01:50:00.000Z,North America,CA,FR,Phone,Functionality,Subscription not applied,Jonly Doorbell Pro,Android,Tier 2,Closed,898,1,1,5,1.0
9000730,JNL000730,CU14766,2025-06-28T18:07:00.000Z,Europe,DE,EN,Phone,Account,Charged twice,Jonly Cam Indoor,iOS,Tier 1,Closed,876,0,1,4,0.91
9000731,JNL000731,CU74652,2025-07-26T08:30:00.000Z,North America,US,DE,Phone,Functionality,No motion alerts,Jonly Hub Mini,iOS,Tier 1,Closed,702,0,1,5,1.0
9000732,JNL000732,CU41460,2025-06-18T02:01:00.000Z,Europe,NL,EN,Phone,Billing,Cannot login to app,Jonly Hub Plus,Android,Tier 1,Closed,945,0,0,5,1.0
9000733,JNL000733,CU59339,2025-07-07T08:02:00.000Z,North America,US,FR,Chat,Setup,Order not delivered,Jonly Cam Indoor,Android,Tier 1,Closed,761,2,1,4,-0.35
9000734,JNL000734,CU54396,2025-05-15T00:23:00.000Z,North America,US,EN,Phone,Functionality,Video not loading,Jonly Hub Plus,Android,Tier 1,Closed,1137,0,1,1,-1.0
9000735,JNL000735,CU36131,2025-06-03T18:36:00.000Z,North America,US,DE,Chat,Functionality,Two-factor issues,Jonly Secure Subscription,Android,Tier 2,Closed,778,2,1,4,-0.2
9000736,JNL000736,CU71846,2025-05-31T11:33:00.000Z,APAC,AU,EN,Chat,Functionality,Audio one-way only,Jonly Floodlight Max,Android,Tier 2,Closed,1051,1,1,5,0.97
9000737,JNL000737,CU92932,2025-07-29T14:59:00.000Z,Europe,FR,EN,Chat,Account,Camera offline,Jonly Cam Outdoor,iOS,Tier 1,Closed,829,0,1,1,-0.57
9000738,JNL000738,CU76547,2025-06-28T18:12:00.000Z,Europe,NL,EN,Web Form,Inquiry,Audio one-way only,Jonly Cam Indoor,Android,Tier 2,Closed,715,1,1,1,-0.95
9000739,JNL000739,CU57661,2025-06-14T01:19:00.000Z,APAC,NZ,FR,Phone,Inquiry,Laggy live view,Jonly Floodlight Max,iOS,Tier 2,Closed,744,0,1,5,1.0
9000740,JNL000740,CU52307,2025-05-16T09:48:00.000Z,Europe,GB,EN,Web Form,Setup,Doorbell not ringing,Jonly Cam Outdoor,iOS,Tier 2,Closed,678,1,0,5,0.71
9000741,JNL000741,CU78037,2025-07-03T22:56:00.000Z,Europe,DE,EN,Email,Functionality,No motion alerts,Jonly Hub Plus,iOS,Tier 1,Closed,1372,1,1,5,1.0
9000742,JNL000742,CU44649,2025-06-05T05:43:00.000Z,Europe,DE,NL,Web Form,Account,Order not delivered,Jonly Floodlight Max,iOS,Tier 1,Closed,700,0,1,2,-0.82
9000743,JNL000743,CU72750,2025-06-01T00:22:00.000Z,North America,CA,EN,Email,Account,Audio one-way only,Jonly Cam Outdoor,iOS,Tier 1,Closed,606,0,1,1,-1.0
9000744,JNL000744,CU83516,2025-06-17T09:53:00.000Z,Europe,GB,EN,Email,Shipping,Audio one-way only,Jonly Hub Mini,iOS,Tier 1,Closed,746,0,1,3,0.1
9000745,JNL000745,CU89178,2025-07-01T07:00:00.000Z,North America,CA,DE,Phone,Account,Subscription not applied,Jonly Hub Mini,Android,Tier 1,Closed,1081,0,1,5,1.0
9000746,JNL000746,CU26072,2025-05-27T09:00:00.000Z,APAC,AU,EN,Phone,Account,Order not delivered,Jonly Cam Indoor,Android,Tier 1,Closed,1494,0,1,4,0.39
9000747,JNL000747,CU73470,2025-07-25T00:00:00.000Z,APAC,AU,EN,Phone,Inquiry,Charged twice,Jonly Cam Outdoor,iOS,Tier 1,Closed,752,1,1,3,-0.07
9000748,JNL000748,CU33034,2025-06-26T00:28:00.000Z,North America,CA,EN,Phone,Functionality,Order not delivered,Jonly Cam Indoor,Android,Tier 2,Closed,1798,0,1,4,0.43
9000749,JNL000749,CU60897,2025-05-03T08:54:00.000Z,North America,CA,DE,Phone,Connectivity,Doorbell not ringing,Jonly Floodlight Max,iOS,Tier 1,In Progress,1177,1,1,4,-0.19
9000750,JNL000750,CU99121,2025-07-11T10:57:00.000Z,APAC,NZ,EN,Email,Shipping,Video not loading,Jonly Floodlight Max,Android,Escalation,Closed,798,1,1,4,0.4
9000751,JNL000751,CU53133,2025-06-02T15:39:00.000Z,North America,CA,FR,Phone,Connectivity,Order not delivered,Jonly Floodlight Max,Android,Tier 2,Closed,619,1,1,4,0.41
9000752,JNL000752,CU66397,2025-05-02T04:39:00.000Z,APAC,SG,NL,Chat,Billing,Audio one-way only,Jonly Cam Indoor,Web,Tier 1,Closed,821,0,1,1,-1.0
9000753,JNL000753,CU39347,2025-06-09T19:21:00.000Z,Europe,FR,DE,Phone,Connectivity,Video not loading,Jonly Doorbell Pro,Other,Tier 1,Closed,1193,1,1,2,-0.16
9000754,JNL000754,CU20278,2025-05-01T15:01:00.000Z,Europe,DE,DE,Phone,Inquiry,Charged twice,Jonly Hub Mini,iOS,Tier 1,Closed,1375,0,1,4,0.42
9000755,JNL000755,CU87125,2025-06-11T22:03:00.000Z,North America,CA,EN,Web Form,Connectivity,Camera offline,Jonly Doorbell Pro,Android,Tier 1,Escalated,1054,0,1,4,0.42
9000756,JNL000756,CU96126,2025-07-23T16:50:00.000Z,Europe,GB,EN,Chat,Functionality,Camera offline,Jonly Doorbell Pro,Web,Tier 1,Closed,357,0,1,4,0.69
9000757,JNL000757,CU14626,2025-06-07T16:50:00.000Z,Europe,GB,DE,Email,Functionality,Audio one-way only,Jonly Hub Mini,Web,Tier 2,Closed,625,0,1,4,0.89
9000758,JNL000758,CU98265,2025-07-20T10:03:00.000Z,North America,CA,EN,Email,Shipping,False motion alerts,Jonly Doorbell Pro,Android,Tier 2,Closed,1129,1,1,4,0.48
9000759,JNL000759,CU53513,2025-06-16T00:35:00.000Z,Europe,FR,EN,Email,Billing,Video not loading,Jonly Cam Indoor,iOS,Tier 1,Closed,960,1,1,1,-1.0
9000760,JNL000760,CU40235,2025-05-04T21:44:00.000Z,North America,US,EN,Phone,Billing,No motion alerts,Jonly Hub Mini,Android,Tier 1,Closed,919,0,1,4,0.47
9000761,JNL000761,CU59049,2025-07-04T21:26:00.000Z,North America,CA,EN,Phone,Connectivity,Order not delivered,Jonly Doorbell Pro,Web,Tier 1,Closed,815,2,1,3,0.12
9000762,JNL000762,CU55485,2025-06-02T15:34:00.000Z,North America,US,DE,Phone,Connectivity,Doorbell not ringing,Jonly Cam Outdoor,iOS,Tier 1,Closed,1399,1,1,3,0.59
9000763,JNL000763,CU51513,2025-06-13T07:35:00.000Z,Europe,NL,EN,Phone,Functionality,Wrong item received,Jonly Secure Subscription,iOS,Tier 1,In Progress,874,2,1,2,-0.49
9000764,JNL000764,CU19215,2025-07-18T05:48:00.000Z,North America,CA,EN,Email,Shipping,Subscription not applied,Jonly Hub Plus,Web,Tier 2,Closed,675,1,1,4,0.65
9000765,JNL000765,CU90549,2025-05-23T06:06:00.000Z,North America,CA,EN,Email,Inquiry,No motion alerts,Jonly Cam Indoor,iOS,Tier 1,Closed,809,0,1,3,0.09
9000766,JNL000766,CU69389,2025-06-01T02:51:00.000Z,Europe,FR,EN,Phone,Billing,Cannot login to app,Jonly Floodlight Max,iOS,Tier 1,Closed,1979,1,1,3,0.04
9000767,JNL000767,CU14170,2025-07-16T16:58:00.000Z,Europe,NL,DE,Phone,Functionality,Charged twice,Jonly Hub Plus,Android,Tier 1,Closed,871,1,0,1,-1.0
9000768,JNL000768,CU61525,2025-05-07T05:15:00.000Z,North America,US,DE,Phone,Connectivity,Wrong item received,Jonly Hub Mini,iOS,Tier 2,Closed,1067,0,1,5,0.95
9000769,JNL000769,CU11016,2025-06-06T13:42:00.000Z,North America,US,FR,Chat,Setup,Audio one-way only,Jonly Cam Indoor,iOS,Tier 1,Closed,1293,1,0,3,-0.35
9000770,JNL000770,CU62246,2025-06-10T13:33:00.000Z,Europe,DE,FR,Phone,Functionality,Device will not pair,Jonly Hub Mini,iOS,Tier 1,Closed,1124,0,1,4,1.0
9000771,JNL000771,CU92580,2025-07-27T03:21:00.000Z,Europe,FR,EN,Email,Inquiry,Charged twice,Jonly Hub Plus,iOS,Tier 2,Closed,813,0,1,4,1.0
9000772,JNL000772,CU95618,2025-05-23T01:24:00.000Z,North America,CA,EN,Phone,Inquiry,Audio one-way only,Jonly Hub Mini,Android,Tier 1,Closed,1103,0,1,3,-0.34
9000773,JNL000773,CU20892,2025-07-31T07:19:00.000Z,North America,US,EN,Web Form,Shipping,Order not delivered,Jonly Hub Mini,Android,Tier 1,Closed,1340,0,0,5,1.0
9000774,JNL000774,CU79425,2025-06-05T15:39:00.000Z,North America,US,FR,Phone,Account,Charged twice,Jonly Hub Mini,Android,Tier 2,Closed,1313,1,1,4,0.73
9000775,JNL000775,CU78525,2025-06-20T14:47:00.000Z,Europe,FR,EN,Chat,Setup,False motion alerts,Jonly Doorbell Pro,Android,Tier 1,Closed,991,1,1,5,0.76
9000776,JNL000776,CU67710,2025-07-15T02:15:00.000Z,North America,CA,EN,Chat,Inquiry,Order not delivered,Jonly Hub Mini,Android,Tier 2,Closed,884,0,1,5,1.0
9000777,JNL000777,CU66746,2025-05-24T10:53:00.000Z,Europe,NL,EN,Phone,Functionality,Subscription not applied,Jonly Floodlight Max,Android,Tier 2,Closed,1052,0,1,5,0.89
9000778,JNL000778,CU39035,2025-05-20T04:38:00.000Z,APAC,AU,DE,Phone,Inquiry,Audio one-way only,Jonly Cam Indoor,Web,Tier 1,In Progress,735,0,1,4,0.1
9000779,JNL000779,CU62227,2025-06-08T22:00:00.000Z,APAC,AU,EN,Community,Billing,Two-factor issues,Jonly Hub Plus,Android,Tier 1,Closed,418,1,1,3,0.73
9000780,JNL000780,CU34582,2025-06-02T15:54:00.000Z,North America,CA,EN,Community,Account,Cannot login to app,Jonly Cam Indoor,iOS,Tier 1,Closed,459,1,1,5,0.89
9000781,JNL000781,CU87055,2025-07-03T15:18:00.000Z,North America,CA,EN,Chat,Inquiry,Order not delivered,Jonly Secure Subscription,Android,Tier 1,Escalated,397,0,1,3,-0.18
9000782,JNL000782,CU74196,2025-05-08T18:45:00.000Z,North America,CA,EN,Email,Setup,Camera offline,Jonly Floodlight Max,Android,Tier 1,Closed,863,0,1,4,0.46
9000783,JNL000783,CU52944,2025-07-10T03:50:00.000Z,North America,US,EN,Chat,Functionality,Doorbell not ringing,Jonly Cam Outdoor,iOS,Tier 2,Closed,301,0,1,4,0.01
9000784,JNL000784,CU29141,2025-05-25T01:18:00.000Z,North America,CA,EN,Chat,Inquiry,Charged twice,Jonly Secure Subscription,Web,Tier 1,Closed,315,0,1,5,1.0
9000785,JNL000785,CU12260,2025-05-20T10:01:00.000Z,North America,CA,EN,Phone,Setup,Doorbell not ringing,Jonly Cam Indoor,iOS,Tier 1,Closed,1781,1,1,3,-0.43
9000786,JNL000786,CU95659,2025-06-17T16:11:00.000Z,North America,CA,EN,Email,Billing,Subscription not applied,Jonly Hub Plus,iOS,Escalation,Closed,838,1,0,4,0.91
9000787,JNL000787,CU41106,2025-05-31T02:51:00.000Z,North America,CA,EN,Phone,Setup,Doorbell not ringing,Jonly Secure Subscription,iOS,Tier 1,Closed,1515,0,1,1,-0.5
9000788,JNL000788,CU68753,2025-06-21T01:49:00.000Z,North America,CA,EN,Chat,Functionality,No motion alerts,Jonly Doorbell Pro,Android,Tier 2,Closed,894,3,1,4,0.26
9000789,JNL000789,CU34110,2025-07-12T15:19:00.000Z,APAC,AU,DE,Phone,Billing,No motion alerts,Jonly Doorbell Pro,Android,Tier 1,Closed,811,0,1,3,-0.44
9000790,JNL000790,CU61770,2025-07-04T06:57:00.000Z,Europe,NL,EN,Community,Functionality,Order not delivered,Jonly Doorbell Pro,Android,Tier 2,Escalated,745,0,1,3,0.31
9000791,JNL000791,CU27509,2025-06-11T01:16:00.000Z,Europe,NL,NL,Phone,Functionality,Doorbell not ringing,Jonly Secure Subscription,Web,Tier 2,Closed,1505,0,1,2,-0.46
9000792,JNL000792,CU10828,2025-07-12T22:45:00.000Z,North America,CA,FR,Phone,Inquiry,False motion alerts,Jonly Cam Outdoor,Other,Tier 1,Closed,1060,0,1,4,0.86
9000793,JNL000793,CU63712,2025-07-17T05:05:00.000Z,North America,CA,EN,Phone,Inquiry,Charged twice,Jonly Doorbell Pro,iOS,Tier 2,Closed,1776,0,1,3,0.23
9000794,JNL000794,CU88626,2025-05-19T21:42:00.000Z,North America,CA,EN,Chat,Inquiry,Two-factor issues,Jonly Hub Plus,Android,Tier 1,Closed,1454,0,1,3,0.09
9000795,JNL000795,CU64654,2025-05-08T04:08:00.000Z,Europe,DE,EN,Phone,Shipping,Camera offline,Jonly Hub Plus,Android,Tier 1,Closed,1816,1,1,3,-0.82
9000796,JNL000796,CU12063,2025-05-31T09:32:00.000Z,North America,US,DE,Phone,Inquiry,Poor night vision,Jonly Secure Subscription,Web,Tier 1,Closed,1357,0,1,4,1.0
9000797,JNL000797,CU60282,2025-05-16T09:25:00.000Z,North America,CA,EN,Phone,Connectivity,Cannot login to app,Jonly Cam Indoor,Android,Tier 1,Closed,739,1,1,4,0.66
9000798,JNL000798,CU80461,2025-05-05T20:45:00.000Z,APAC,AU,EN,Email,Billing,Poor night vision,Jonly Doorbell Pro,iOS,Tier 1,Closed,889,1,1,3,0.32
9000799,JNL000799,CU97687,2025-07-10T00:49:00.000Z,North America,CA,EN,Phone,Billing,Video not loading,Jonly Hub Plus,Android,Tier 1,Closed,1277,0,1,2,-0.35
9000800,JNL000800,CU67405,2025-07-16T11:38:00.000Z,North America,CA,DE,Chat,Billing,Subscription not applied,Jonly Cam Outdoor,Android,Tier 2,Escalated,886,0,1,5,1.0
9000801,JNL000801,CU63194,2025-06-17T01:55:00.000Z,North America,CA,NL,Chat,Setup,Subscription not applied,Jonly Secure Subscription,Android,Tier 1,Closed,239,1,1,4,0.68
9000802,JNL000802,CU82833,2025-05-10T19:06:00.000Z,Europe,NL,EN,Phone,Functionality,Camera offline,Jonly Doorbell Pro,Other,Tier 1,Closed,1655,0,1,5,0.73
9000803,JNL000803,CU17204,2025-07-03T11:24:00.000Z,APAC,NZ,EN,Phone,Functionality,Laggy live view,Jonly Hub Plus,Android,Tier 1,Closed,1031,0,1,4,0.6
9000804,JNL000804,CU33631,2025-07-23T07:35:00.000Z,North America,CA,NL,Community,Inquiry,Device will not pair,Jonly Secure Subscription,Android,Tier 2,Closed,343,0,1,5,1.0
9000805,JNL000805,CU17778,2025-06-04T10:12:00.000Z,North America,CA,DE,Email,Connectivity,Cannot login to app,Jonly Floodlight Max,Web,Tier 1,Closed,949,0,1,4,0.75
9000806,JNL000806,CU30766,2025-07-04T16:43:00.000Z,North America,CA,DE,Chat,Billing,Laggy live view,Jonly Hub Plus,Web,Tier 1,Closed,1406,0,1,4,1.0
9000807,JNL000807,CU37912,2025-07-14T08:25:00.000Z,North America,CA,EN,Email,Account,Wrong item received,Jonly Floodlight Max,iOS,Tier 2,Closed,793,0,0,4,0.44
9000808,JNL000808,CU27638,2025-05-25T18:00:00.000Z,Europe,NL,EN,Web Form,Account,Device will not pair,Jonly Cam Outdoor,Web,Tier 1,Closed,836,0,1,4,0.57
9000809,JNL000809,CU93083,2025-06-27T01:31:00.000Z,Europe,GB,EN,Email,Shipping,Order not delivered,Jonly Hub Mini,Web,Tier 1,Closed,782,1,0,4,0.45
9000810,JNL000810,CU52407,2025-06-04T23:50:00.000Z,Europe,FR,EN,Web Form,Setup,Camera offline,Jonly Cam Indoor,iOS,Tier 1,Closed,1097,1,1,3,0.17
9000811,JNL000811,CU78539,2025-05-18T02:02:00.000Z,North America,CA,EN,Chat,Setup,False motion alerts,Jonly Hub Mini,Android,Tier 1,Closed,959,1,1,5,0.86
9000812,JNL000812,CU22775,2025-07-02T04:30:00.000Z,North America,CA,EN,Chat,Billing,Two-factor issues,Jonly Hub Mini,Android,Tier 2,Closed,1183,1,1,1,-1.0
9000813,JNL000813,CU74817,2025-07-13T09:15:00.000Z,Europe,GB,NL,Community,Account,False motion alerts,Jonly Secure Subscription,iOS,Tier 1,Closed,501,0,0,4,0.87
9000814,JNL000814,CU28427,2025-07-07T03:38:00.000Z,North America,CA,EN,Phone,Connectivity,Order not delivered,Jonly Doorbell Pro,Android,Tier 1,Closed,812,0,1,4,0.96
9000815,JNL000815,CU82472,2025-07-07T11:09:00.000Z,APAC,SG,EN,Chat,Account,Laggy live view,Jonly Hub Mini,Android,Tier 2,Closed,590,0,1,3,-0.79
9000816,JNL000816,CU21318,2025-06-28T10:05:00.000Z,North America,CA,EN,Email,Account,Video not loading,Jonly Secure Subscription,Android,Tier 1,Closed,724,0,1,4,0.91
9000817,JNL000817,CU80001,2025-05-24T02:53:00.000Z,North America,US,DE,Phone,Inquiry,Charged twice,Jonly Doorbell Pro,Other,Tier 1,Closed,686,1,0,3,-0.56
9000818,JNL000818,CU55383,2025-07-22T15:58:00.000Z,North America,CA,EN,Phone,Account,Video not loading,Jonly Cam Indoor,Web,Tier 1,Closed,757,1,1,3,-0.29
9000819,JNL000819,CU94983,2025-06-30T04:31:00.000Z,North America,CA,EN,Email,Connectivity,Poor night vision,Jonly Cam Outdoor,Android,Tier 1,Closed,718,1,1,4,0.93
9000820,JNL000820,CU40334,2025-07-06T13:28:00.000Z,North America,CA,DE,Phone,Connectivity,Two-factor issues,Jonly Hub Plus,iOS,Tier 1,Closed,957,0,1,5,0.55
9000821,JNL000821,CU20171,2025-05-11T15:14:00.000Z,North America,US,EN,Web Form,Inquiry,Camera offline,Jonly Doorbell Pro,Android,Tier 1,Closed,669,0,1,4,0.19
9000822,JNL000822,CU13431,2025-05-16T22:58:00.000Z,North America,CA,EN,Phone,Functionality,Cannot login to app,Jonly Doorbell Pro,Android,Tier 2,Closed,691,1,1,3,0.3
9000823,JNL000823,CU61652,2025-06-20T14:16:00.000Z,Europe,DE,EN,Phone,Connectivity,Cannot login to app,Jonly Hub Mini,iOS,Tier 2,Closed,1102,1,1,3,0.56
9000824,JNL000824,CU71551,2025-07-06T17:43:00.000Z,Europe,NL,EN,Chat,Inquiry,Video not loading,Jonly Cam Outdoor,Web,Tier 1,Closed,792,0,1,5,0.45
9000825,JNL000825,CU87540,2025-07-27T19:16:00.000Z,Europe,GB,NL,Phone,Account,Device will not pair,Jonly Hub Plus,Android,Tier 1,Closed,1357,0,1,3,-0.51
9000826,JNL000826,CU92987,2025-07-07T00:26:00.000Z,APAC,AU,DE,Phone,Inquiry,Video not loading,Jonly Floodlight Max,Android,Tier 2,Escalated,1695,0,1,3,-0.36
9000827,JNL000827,CU58716,2025-05-17T12:07:00.000Z,Europe,NL,EN,Chat,Connectivity,Order not delivered,Jonly Doorbell Pro,Android,Tier 1,Closed,721,0,1,5,0.56
9000828,JNL000828,CU87842,2025-06-04T11:02:00.000Z,North America,US,FR,Phone,Billing,Camera offline,Jonly Doorbell Pro,Android,Tier 1,Escalated,993,0,0,3,-0.48
9000829,JNL000829,CU86828,2025-06-02T05:27:00.000Z,APAC,AU,DE,Chat,Functionality,Device will not pair,Jonly Doorbell Pro,iOS,Tier 1,Closed,1391,0,1,4,1.0
9000830,JNL000830,CU46487,2025-07-18T09:51:00.000Z,North America,US,DE,Email,Account,Camera offline,Jonly Hub Plus,Android,Tier 2,Closed,895,0,1,4,0.7
9000831,JNL000831,CU86226,2025-07-06T04:39:00.000Z,North America,CA,DE,Chat,Setup,Poor night vision,Jonly Hub Mini,Web,Tier 1,Closed,1476,1,1,4,0.34
9000832,JNL000832,CU70442,2025-05-30T22:50:00.000Z,North America,US,EN,Phone,Billing,Laggy live view,Jonly Floodlight Max,iOS,Tier 1,Closed,1253,0,1,2,-0.28
9000833,JNL000833,CU29278,2025-07-25T19:05:00.000Z,Europe,GB,FR,Phone,Connectivity,No motion alerts,Jonly Cam Outdoor,Android,Tier 1,Closed,2290,0,1,3,0.17
9000834,JNL000834,CU15476,2025-07-11T00:31:00.000Z,Europe,FR,EN,Phone,Setup,Laggy live view,Jonly Secure Subscription,Web,Tier 1,In Progress,519,1,1,5,1.0
9000835,JNL000835,CU14845,2025-05-19T03:18:00.000Z,North America,US,EN,Phone,Connectivity,Audio one-way only,Jonly Secure Subscription,iOS,Escalation,Closed,1328,0,1,2,-0.65
9000836,JNL000836,CU74796,2025-06-14T00:31:00.000Z,North America,US,EN,Chat,Setup,Order not delivered,Jonly Hub Mini,Android,Tier 1,Escalated,1105,1,1,5,1.0
9000837,JNL000837,CU55594,2025-05-25T12:13:00.000Z,North America,CA,EN,Phone,Inquiry,Video not loading,Jonly Secure Subscription,Android,Tier 1,Escalated,705,1,1,2,-0.53
9000838,JNL000838,CU10830,2025-05-14T03:22:00.000Z,North America,US,DE,Phone,Inquiry,Camera offline,Jonly Hub Mini,iOS,Tier 1,Closed,716,0,1,4,0.7
9000839,JNL000839,CU20789,2025-06-20T07:49:00.000Z,APAC,AU,EN,Chat,Billing,Subscription not applied,Jonly Hub Plus,iOS,Tier 2,Escalated,180,1,1,3,0.21
9000840,JNL000840,CU66998,2025-05-30T00:25:00.000Z,Europe,FR,FR,Email,Connectivity,Camera offline,Jonly Hub Plus,Android,Escalation,Closed,1489,2,1,1,-0.62
9000841,JNL000841,CU72572,2025-06-13T14:48:00.000Z,North America,CA,DE,Phone,Setup,Doorbell not ringing,Jonly Secure Subscription,Web,Tier 1,Closed,644,1,1,5,0.71
9000842,JNL000842,CU28026,2025-05-23T09:28:00.000Z,Europe,NL,EN,Chat,Functionality,Video not loading,Jonly Hub Plus,iOS,Tier 1,In Progress,1147,0,1,5,1.0
9000843,JNL000843,CU31946,2025-05-25T20:45:00.000Z,Europe,FR,EN,Web Form,Shipping,Doorbell not ringing,Jonly Hub Plus,Web,Tier 1,Closed,1211,2,1,3,1.0
9000844,JNL000844,CU71403,2025-06-29T02:16:00.000Z,Europe,FR,EN,Chat,Functionality,Cannot login to app,Jonly Doorbell Pro,Android,Tier 1,Closed,725,0,1,3,0.12
9000845,JNL000845,CU25140,2025-07-29T12:20:00.000Z,North America,CA,EN,Phone,Connectivity,Wrong item received,Jonly Cam Indoor,Android,Tier 1,Escalated,1087,1,1,4,0.13
9000846,JNL000846,CU24652,2025-05-14T19:57:00.000Z,Europe,DE,EN,Email,Functionality,Device will not pair,Jonly Floodlight Max,iOS,Tier 1,Closed,959,2,1,3,0.73
9000847,JNL000847,CU58725,2025-06-17T21:27:00.000Z,North America,US,EN,Email,Shipping,Order not delivered,Jonly Hub Mini,Web,Tier 1,Closed,1008,0,1,3,-0.21
9000848,JNL000848,CU18051,2025-06-09T09:35:00.000Z,North America,US,DE,Phone,Billing,Cannot login to app,Jonly Hub Mini,iOS,Tier 1,Closed,1561,1,1,5,1.0
9000849,JNL000849,CU50307,2025-07-12T04:09:00.000Z,North America,US,EN,Chat,Functionality,Charged twice,Jonly Hub Mini,Android,Escalation,Closed,246,2,1,5,0.65
9000850,JNL000850,CU85498,2025-07-02T14:32:00.000Z,North America,US,EN,Web Form,Account,Video not loading,Jonly Cam Outdoor,Web,Tier 1,Closed,352,0,1,4,1.0
9000851,JNL000851,CU14590,2025-05-17T14:08:00.000Z,Europe,FR,DE,Chat,Functionality,Audio one-way only,Jonly Floodlight Max,iOS,Tier 2,Closed,707,0,1,4,0.54
9000852,JNL000852,CU37002,2025-05-16T20:02:00.000Z,APAC,SG,EN,Phone,Inquiry,Charged twice,Jonly Secure Subscription,Other,Tier 1,In Progress,727,0,0,3,0.59
9000853,JNL000853,CU31395,2025-07-27T06:36:00.000Z,Europe,FR,DE,Phone,Functionality,Device will not pair,Jonly Hub Mini,iOS,Tier 1,Closed,486,0,1,5,1.0
9000854,JNL000854,CU81788,2025-06-21T07:26:00.000Z,North America,US,DE,Web Form,Setup,Charged twice,Jonly Doorbell Pro,Android,Tier 1,Closed,859,0,0,4,0.69
9000855,JNL000855,CU49721,2025-07-11T07:42:00.000Z,North America,CA,FR,Phone,Connectivity,Order not delivered,Jonly Cam Outdoor,iOS,Escalation,Closed,1223,0,1,4,1.0
9000856,JNL000856,CU65300,2025-06-05T04:37:00.000Z,North America,US,DE,Chat,Connectivity,Video not loading,Jonly Secure Subscription,Web,Tier 1,Escalated,458,0,1,4,1.0
9000857,JNL000857,CU81706,2025-05-06T02:54:00.000Z,Europe,DE,EN,Phone,Inquiry,No motion alerts,Jonly Doorbell Pro,Android,Tier 1,Closed,710,0,1,5,1.0
9000858,JNL000858,CU93308,2025-06-18T11:31:00.000Z,APAC,SG,EN,Email,Inquiry,Two-factor issues,Jonly Cam Indoor,Android,Tier 1,Closed,707,0,1,5,1.0
9000859,JNL000859,CU11531,2025-05-07T15:15:00.000Z,North America,CA,FR,Phone,Functionality,Subscription not applied,Jonly Cam Outdoor,iOS,Tier 1,Closed,768,0,1,3,-0.17
9000860,JNL000860,CU82002,2025-06-28T23:16:00.000Z,APAC,SG,EN,Email,Connectivity,Two-factor issues,Jonly Hub Plus,Web,Tier 1,Closed,1354,1,1,4,0.36
9000861,JNL000861,CU90420,2025-05-13T08:56:00.000Z,North America,CA,DE,Phone,Account,Device will not pair,Jonly Hub Plus,Android,Tier 2,Closed,2052,0,1,4,0.25
9000862,JNL000862,CU75921,2025-05-07T01:59:00.000Z,APAC,SG,EN,Chat,Setup,Order not delivered,Jonly Cam Indoor,iOS,Tier 1,Closed,895,0,1,4,0.74
9000863,JNL000863,CU23484,2025-05-31T07:00:00.000Z,Europe,DE,EN,Web Form,Inquiry,Audio one-way only,Jonly Hub Mini,Android,Tier 1,Closed,467,0,0,3,-0.2
9000864,JNL000864,CU13342,2025-07-22T09:42:00.000Z,APAC,SG,FR,Phone,Billing,Poor night vision,Jonly Cam Outdoor,Android,Tier 1,Closed,1110,0,1,5,1.0
9000865,JNL000865,CU41999,2025-06-05T06:26:00.000Z,Europe,NL,EN,Chat,Billing,False motion alerts,Jonly Hub Plus,iOS,Tier 1,Escalated,895,1,1,5,1.0
9000866,JNL000866,CU39327,2025-07-12T00:03:00.000Z,Europe,FR,NL,Web Form,Billing,Subscription not applied,Jonly Hub Mini,iOS,Tier 1,Closed,518,1,1,2,-0.67
9000867,JNL000867,CU12591,2025-06-06T03:53:00.000Z,APAC,SG,DE,Chat,Functionality,Two-factor issues,Jonly Floodlight Max,iOS,Tier 1,Closed,985,0,1,5,0.52
9000868,JNL000868,CU32459,2025-06-05T14:34:00.000Z,Europe,FR,EN,Chat,Functionality,Order not delivered,Jonly Doorbell Pro,iOS,Tier 2,In Progress,449,0,1,3,-0.07
9000869,JNL000869,CU99975,2025-05-14T14:51:00.000Z,North America,CA,DE,Chat,Inquiry,Device will not pair,Jonly Cam Indoor,Android,Tier 1,Closed,893,0,0,1,-0.79
9000870,JNL000870,CU32828,2025-05-04T01:48:00.000Z,North America,US,EN,Chat,Functionality,Video not loading,Jonly Cam Outdoor,Android,Tier 2,Closed,1046,1,1,4,0.61
9000871,JNL000871,CU13863,2025-06-09T22:46:00.000Z,APAC,NZ,EN,Email,Inquiry,Cannot login to app,Jonly Floodlight Max,iOS,Tier 1,Closed,927,0,1,4,0.7
9000872,JNL000872,CU16844,2025-05-07T01:27:00.000Z,North America,CA,EN,Email,Setup,Cannot login to app,Jonly Cam Indoor,Android,Tier 1,Closed,565,0,1,4,0.56
9000873,JNL000873,CU68271,2025-07-06T20:12:00.000Z,Europe,NL,DE,Phone,Functionality,Video not loading,Jonly Cam Outdoor,iOS,Tier 1,Closed,1538,0,1,4,0.5
9000874,JNL000874,CU59733,2025-06-10T12:40:00.000Z,North America,CA,EN,Phone,Setup,Laggy live view,Jonly Floodlight Max,iOS,Tier 1,Closed,993,0,1,5,1.0
9000875,JNL000875,CU51267,2025-07-09T14:57:00.000Z,North America,CA,EN,Phone,Shipping,Device will not pair,Jonly Doorbell Pro,iOS,Tier 1,Closed,861,0,1,4,0.43
9000876,JNL000876,CU70045,2025-06-10T21:23:00.000Z,North America,CA,EN,Phone,Inquiry,Video not loading,Jonly Secure Subscription,Web,Tier 2,Closed,851,1,1,3,0.26
9000877,JNL000877,CU21843,2025-06-17T02:35:00.000Z,APAC,SG,EN,Email,Inquiry,Order not delivered,Jonly Floodlight Max,Other,Tier 1,Closed,527,0,1,5,0.92
9000878,JNL000878,CU56455,2025-07-26T06:12:00.000Z,North America,US,EN,Email,Functionality,Video not loading,Jonly Secure Subscription,Android,Tier 1,Closed,531,0,1,4,0.61
9000879,JNL000879,CU14057,2025-05-24T02:23:00.000Z,Europe,NL,EN,Phone,Account,Video not loading,Jonly Secure Subscription,iOS,Tier 1,Closed,379,1,1,4,0.67
9000880,JNL000880,CU19320,2025-07-04T04:18:00.000Z,North America,CA,EN,Phone,Account,Cannot login to app,Jonly Secure Subscription,Android,Tier 1,Closed,1248,0,1,5,1.0
9000881,JNL000881,CU60465,2025-07-08T13:38:00.000Z,APAC,SG,FR,Email,Inquiry,Device will not pair,Jonly Secure Subscription,Android,Tier 1,Closed,1255,0,1,4,0.04
9000882,JNL000882,CU31242,2025-06-29T19:24:00.000Z,Europe,DE,EN,Community,Connectivity,Device will not pair,Jonly Hub Mini,Android,Tier 1,Closed,457,2,0,3,0.01
9000883,JNL000883,CU78239,2025-07-14T20:17:00.000Z,Europe,NL,NL,Phone,Billing,Camera offline,Jonly Hub Plus,Android,Tier 1,Closed,1103,0,1,5,0.6
9000884,JNL000884,CU39849,2025-06-22T02:35:00.000Z,North America,US,EN,Web Form,Billing,Two-factor issues,Jonly Doorbell Pro,Android,Tier 1,Closed,1158,0,1,4,0.44
9000885,JNL000885,CU95442,2025-06-19T06:58:00.000Z,North America,US,EN,Phone,Connectivity,Order not delivered,Jonly Cam Indoor,iOS,Tier 2,Closed,1533,0,1,1,-0.97
9000886,JNL000886,CU68593,2025-07-27T05:58:00.000Z,Europe,GB,EN,Email,Inquiry,Subscription not applied,Jonly Hub Plus,iOS,Tier 1,Closed,818,0,1,3,0.01
9000887,JNL000887,CU97221,2025-05-11T01:44:00.000Z,Europe,GB,EN,Chat,Connectivity,Device will not pair,Jonly Floodlight Max,iOS,Tier 1,Closed,1358,1,0,4,0.56
9000888,JNL000888,CU19776,2025-05-29T22:19:00.000Z,North America,US,EN,Phone,Functionality,Cannot login to app,Jonly Hub Mini,iOS,Tier 1,Closed,1141,0,1,3,-0.4
9000889,JNL000889,CU32582,2025-05-13T15:23:00.000Z,Europe,FR,EN,Phone,Functionality,False motion alerts,Jonly Cam Indoor,Android,Tier 1,Closed,1411,2,1,4,0.5
9000890,JNL000890,CU77311,2025-05-07T00:17:00.000Z,Europe,DE,EN,Phone,Connectivity,Doorbell not ringing,Jonly Cam Outdoor,iOS,Escalation,Closed,1067,0,1,5,0.85
9000891,JNL000891,CU55506,2025-06-07T00:19:00.000Z,North America,CA,DE,Chat,Inquiry,Video not loading,Jonly Hub Mini,Android,Tier 1,Closed,1187,0,1,4,0.52
9000892,JNL000892,CU25332,2025-06-02T12:49:00.000Z,North America,CA,EN,Phone,Billing,Cannot login to app,Jonly Hub Plus,Other,Tier 1,Closed,761,0,1,4,0.47
9000893,JNL000893,CU96379,2025-07-26T22:36:00.000Z,Europe,DE,EN,Community,Functionality,Device will not pair,Jonly Hub Mini,iOS,Tier 1,Closed,576,0,1,4,0.8
9000894,JNL000894,CU30203,2025-07-01T20:10:00.000Z,Europe,DE,EN,Phone,Connectivity,Audio one-way only,Jonly Hub Plus,Other,Tier 1,Escalated,1190,0,1,4,0.5
9000895,JNL000895,CU78883,2025-07-09T03:10:00.000Z,APAC,NZ,EN,Email,Account,Video not loading,Jonly Hub Plus,iOS,Tier 1,Closed,180,0,1,2,-0.48
9000896,JNL000896,CU69364,2025-06-06T23:20:00.000Z,North America,US,EN,Chat,Shipping,Poor night vision,Jonly Doorbell Pro,Android,Tier 2,Closed,945,1,1,4,0.02
9000897,JNL000897,CU77711,2025-07-20T17:18:00.000Z,North America,CA,EN,Email,Shipping,Poor night vision,Jonly Secure Subscription,Android,Tier 2,Closed,1173,0,1,5,0.52
9000898,JNL000898,CU68561,2025-05-04T05:35:00.000Z,North America,US,EN,Phone,Inquiry,Doorbell not ringing,Jonly Hub Mini,Android,Tier 1,Closed,1156,0,1,5,0.52
9000899,JNL000899,CU35551,2025-06-22T03:20:00.000Z,North America,US,EN,Chat,Functionality,Doorbell not ringing,Jonly Doorbell Pro,iOS,Tier 1,Closed,1319,0,0,5,0.94
9000900,JNL000900,CU61422,2025-07-09T05:11:00.000Z,North America,CA,EN,Web Form,Functionality,Poor night vision,Jonly Cam Outdoor,Android,Escalation,Closed,377,0,0,5,1.0
9000901,JNL000901,CU65805,2025-05-01T15:22:00.000Z,North America,CA,EN,Phone,Inquiry,Laggy live view,Jonly Cam Outdoor,Android,Tier 2,Closed,1064,0,1,4,0.5
9000902,JNL000902,CU61064,2025-05-05T05:18:00.000Z,North America,CA,EN,Chat,Functionality,Cannot login to app,Jonly Doorbell Pro,Android,Escalation,Closed,918,0,0,4,-0.42
9000903,JNL000903,CU35100,2025-06-04T01:59:00.000Z,Europe,FR,EN,Phone,Shipping,Video not loading,Jonly Cam Indoor,Android,Tier 1,Closed,937,0,1,5,0.78
9000904,JNL000904,CU56853,2025-07-17T23:24:00.000Z,North America,CA,DE,Email,Functionality,Laggy live view,Jonly Hub Plus,Web,Tier 1,Closed,897,1,1,1,-0.99
9000905,JNL000905,CU25203,2025-06-10T14:41:00.000Z,Europe,DE,NL,Chat,Connectivity,Poor night vision,Jonly Cam Outdoor,Android,Tier 1,Escalated,946,0,0,2,-0.34
9000906,JNL000906,CU49792,2025-07-05T03:17:00.000Z,Europe,GB,EN,Web Form,Connectivity,Order not delivered,Jonly Secure Subscription,Android,Tier 2,Closed,806,0,1,2,0.02
9000907,JNL000907,CU19542,2025-07-02T13:24:00.000Z,North America,US,EN,Web Form,Inquiry,Laggy live view,Jonly Doorbell Pro,iOS,Tier 2,Closed,640,0,1,5,0.53
9000908,JNL000908,CU30589,2025-06-14T06:31:00.000Z,North America,CA,EN,Phone,Functionality,Two-factor issues,Jonly Cam Indoor,Android,Tier 2,Closed,618,2,1,1,0.09
9000909,JNL000909,CU73434,2025-06-10T21:44:00.000Z,APAC,AU,EN,Email,Inquiry,Poor night vision,Jonly Doorbell Pro,iOS,Tier 1,Closed,541,2,1,4,0.72
9000910,JNL000910,CU29940,2025-07-15T10:56:00.000Z,APAC,SG,EN,Chat,Inquiry,Doorbell not ringing,Jonly Doorbell Pro,Android,Tier 2,Closed,711,0,1,4,0.25
9000911,JNL000911,CU52874,2025-06-26T20:26:00.000Z,Europe,DE,EN,Phone,Functionality,Order not delivered,Jonly Secure Subscription,Android,Tier 1,Closed,953,0,1,2,-1.0
9000912,JNL000912,CU85356,2025-05-05T20:37:00.000Z,North America,CA,EN,Chat,Inquiry,Two-factor issues,Jonly Doorbell Pro,iOS,Tier 1,Closed,419,0,0,5,1.0
9000913,JNL000913,CU81046,2025-07-16T23:49:00.000Z,Europe,FR,EN,Web Form,Inquiry,Charged twice,Jonly Cam Outdoor,iOS,Tier 1,Closed,774,0,1,5,1.0
9000914,JNL000914,CU98958,2025-07-01T06:03:00.000Z,APAC,SG,EN,Phone,Account,Device will not pair,Jonly Hub Plus,Android,Tier 1,Closed,1020,0,1,4,0.88
9000915,JNL000915,CU98545,2025-07-21T02:33:00.000Z,APAC,SG,DE,Email,Inquiry,Order not delivered,Jonly Secure Subscription,Other,Tier 1,Escalated,589,1,1,1,-0.77
9000916,JNL000916,CU15968,2025-05-15T20:54:00.000Z,APAC,AU,EN,Phone,Billing,Device will not pair,Jonly Floodlight Max,Android,Tier 1,Closed,1845,1,1,2,-0.82
9000917,JNL000917,CU90588,2025-05-21T11:49:00.000Z,North America,CA,DE,Chat,Inquiry,Audio one-way only,Jonly Hub Plus,iOS,Tier 1,In Progress,982,1,1,5,1.0
9000918,JNL000918,CU30602,2025-06-19T15:28:00.000Z,APAC,AU,EN,Phone,Inquiry,Audio one-way only,Jonly Secure Subscription,Web,Tier 1,Closed,988,0,1,5,1.0
9000919,JNL000919,CU88060,2025-07-08T18:02:00.000Z,North America,US,EN,Web Form,Functionality,Subscription not applied,Jonly Hub Mini,iOS,Tier 1,Closed,842,0,1,4,0.2
9000920,JNL000920,CU60904,2025-07-16T03:26:00.000Z,North America,CA,DE,Phone,Inquiry,Audio one-way only,Jonly Cam Indoor,iOS,Escalation,Closed,1727,0,1,5,0.21
9000921,JNL000921,CU50060,2025-07-31T11:52:00.000Z,APAC,SG,EN,Phone,Functionality,Wrong item received,Jonly Hub Plus,Other,Tier 1,Closed,1248,1,1,4,0.32
9000922,JNL000922,CU72932,2025-07-31T23:16:00.000Z,North America,US,DE,Chat,Setup,Camera offline,Jonly Cam Indoor,iOS,Tier 1,Closed,1085,0,0,3,0.35
9000923,JNL000923,CU65698,2025-05-30T11:18:00.000Z,North America,CA,EN,Phone,Inquiry,Two-factor issues,Jonly Doorbell Pro,Other,Tier 1,In Progress,1708,0,1,3,-0.11
9000924,JNL000924,CU29364,2025-06-09T06:50:00.000Z,North America,CA,EN,Phone,Shipping,Charged twice,Jonly Cam Indoor,iOS,Tier 2,Escalated,370,1,1,4,0.64
9000925,JNL000925,CU44540,2025-07-26T18:58:00.000Z,APAC,AU,EN,Email,Shipping,No motion alerts,Jonly Secure Subscription,iOS,Tier 2,Closed,999,1,1,5,1.0
9000926,JNL000926,CU30956,2025-07-03T19:42:00.000Z,APAC,AU,EN,Phone,Connectivity,Video not loading,Jonly Hub Plus,Android,Tier 1,Closed,1416,1,1,5,1.0
9000927,JNL000927,CU47449,2025-05-29T19:49:00.000Z,North America,CA,EN,Web Form,Inquiry,Two-factor issues,Jonly Hub Plus,iOS,Tier 2,Closed,556,1,1,5,1.0
9000928,JNL000928,CU66206,2025-05-27T19:55:00.000Z,APAC,NZ,EN,Phone,Inquiry,Audio one-way only,Jonly Hub Mini,Android,Tier 2,Closed,754,0,1,5,0.68
9000929,JNL000929,CU64427,2025-06-23T00:05:00.000Z,North America,CA,EN,Phone,Inquiry,False motion alerts,Jonly Cam Outdoor,Android,Tier 1,Closed,1202,0,1,3,0.16
9000930,JNL000930,CU75240,2025-07-31T06:45:00.000Z,North America,CA,EN,Phone,Connectivity,Subscription not applied,Jonly Cam Indoor,iOS,Tier 1,Escalated,1346,1,1,5,0.44
9000931,JNL000931,CU39119,2025-05-09T23:51:00.000Z,Europe,NL,DE,Email,Shipping,Wrong item received,Jonly Hub Plus,Web,Tier 1,Closed,1111,0,1,5,0.67
9000932,JNL000932,CU57237,2025-06-15T06:56:00.000Z,North America,US,EN,Email,Inquiry,Cannot login to app,Jonly Hub Mini,Android,Tier 2,Closed,890,0,0,4,0.46
9000933,JNL000933,CU52176,2025-07-31T09:48:00.000Z,North America,US,EN,Phone,Connectivity,Poor night vision,Jonly Floodlight Max,Android,Tier 1,Closed,1624,0,1,4,-0.17
9000934,JNL000934,CU37796,2025-07-17T05:48:00.000Z,North America,US,DE,Phone,Connectivity,Doorbell not ringing,Jonly Hub Mini,Android,Tier 1,Closed,1001,1,1,4,0.82
9000935,JNL000935,CU98939,2025-05-26T08:11:00.000Z,North America,CA,EN,Phone,Connectivity,No motion alerts,Jonly Secure Subscription,iOS,Tier 1,Closed,263,0,1,4,0.63
9000936,JNL000936,CU74670,2025-06-28T12:55:00.000Z,APAC,SG,EN,Email,Billing,Cannot login to app,Jonly Cam Outdoor,iOS,Tier 1,Closed,1374,2,1,4,-0.43
9000937,JNL000937,CU92750,2025-05-22T11:10:00.000Z,Europe,DE,NL,Phone,Billing,Laggy live view,Jonly Cam Indoor,Web,Tier 2,Closed,932,0,1,3,-0.33
9000938,JNL000938,CU52646,2025-05-29T00:23:00.000Z,North America,US,EN,Email,Connectivity,Wrong item received,Jonly Hub Plus,Web,Tier 1,Closed,950,0,0,5,1.0
9000939,JNL000939,CU96981,2025-07-03T17:59:00.000Z,APAC,AU,EN,Web Form,Connectivity,Camera offline,Jonly Hub Mini,Android,Tier 1,Closed,1305,0,1,5,1.0
9000940,JNL000940,CU51987,2025-07-05T11:59:00.000Z,Europe,GB,EN,Phone,Setup,Doorbell not ringing,Jonly Cam Indoor,Android,Tier 2,Closed,978,1,1,5,1.0
9000941,JNL000941,CU90551,2025-06-04T23:44:00.000Z,APAC,SG,EN,Phone,Billing,Charged twice,Jonly Hub Plus,Android,Tier 1,Closed,764,1,1,5,1.0
9000942,JNL000942,CU20417,2025-07-19T10:44:00.000Z,Europe,GB,EN,Web Form,Account,Cannot login to app,Jonly Secure Subscription,Android,Tier 2,In Progress,424,0,0,4,0.9
9000943,JNL000943,CU23028,2025-06-20T06:50:00.000Z,Europe,DE,DE,Web Form,Billing,Video not loading,Jonly Floodlight Max,iOS,Tier 1,Closed,1196,0,1,3,-0.56
9000944,JNL000944,CU50750,2025-06-04T11:53:00.000Z,Europe,GB,EN,Web Form,Connectivity,Wrong item received,Jonly Hub Mini,iOS,Tier 1,Closed,650,0,1,2,-0.31
9000945,JNL000945,CU94444,2025-06-20T17:03:00.000Z,North America,US,EN,Email,Connectivity,Two-factor issues,Jonly Hub Mini,iOS,Tier 1,Closed,848,3,1,5,0.07
9000946,JNL000946,CU43252,2025-05-17T13:31:00.000Z,APAC,NZ,DE,Web Form,Functionality,Doorbell not ringing,Jonly Cam Outdoor,Web,Tier 1,Closed,773,0,1,3,-0.39
9000947,JNL000947,CU83717,2025-06-16T21:24:00.000Z,North America,CA,DE,Phone,Functionality,Device will not pair,Jonly Doorbell Pro,Android,Tier 1,Closed,730,2,1,2,0.09
9000948,JNL000948,CU81600,2025-06-30T13:34:00.000Z,North America,CA,EN,Email,Functionality,Cannot login to app,Jonly Hub Plus,Android,Tier 2,Closed,866,2,1,1,-1.0
9000949,JNL000949,CU21934,2025-05-21T11:30:00.000Z,North America,US,EN,Phone,Setup,Laggy live view,Jonly Floodlight Max,iOS,Escalation,Closed,835,1,1,1,-1.0
9000950,JNL000950,CU43903,2025-06-08T12:22:00.000Z,North America,US,EN,Chat,Account,Camera offline,Jonly Cam Outdoor,Web,Tier 1,Closed,642,0,1,4,0.43
9000951,JNL000951,CU16920,2025-06-07T22:48:00.000Z,North America,CA,EN,Web Form,Connectivity,Subscription not applied,Jonly Cam Outdoor,Web,Tier 1,Closed,1147,0,0,5,1.0
9000952,JNL000952,CU88690,2025-07-04T02:27:00.000Z,North America,CA,FR,Phone,Setup,Poor night vision,Jonly Cam Outdoor,iOS,Tier 2,Closed,1622,0,1,3,0.9
9000953,JNL000953,CU48395,2025-05-31T05:33:00.000Z,North America,US,EN,Email,Billing,Camera offline,Jonly Secure Subscription,iOS,Tier 1,Closed,601,0,1,2,-0.42
9000954,JNL000954,CU84495,2025-06-23T19:28:00.000Z,APAC,AU,EN,Phone,Functionality,Order not delivered,Jonly Doorbell Pro,Android,Tier 2,Closed,650,0,1,5,0.95
9000955,JNL000955,CU28172,2025-07-25T17:52:00.000Z,North America,US,EN,Chat,Inquiry,No motion alerts,Jonly Cam Indoor,Android,Tier 1,Closed,747,0,1,4,0.37
9000956,JNL000956,CU50577,2025-07-27T21:23:00.000Z,North America,US,EN,Phone,Inquiry,False motion alerts,Jonly Secure Subscription,iOS,Tier 2,Closed,511,0,1,3,-0.23
9000957,JNL000957,CU52942,2025-07-19T14:05:00.000Z,North America,US,NL,Chat,Functionality,Charged twice,Jonly Cam Outdoor,Web,Tier 2,Closed,946,0,1,5,1.0
9000958,JNL000958,CU86618,2025-07-06T12:36:00.000Z,North America,US,FR,Web Form,Billing,Video not loading,Jonly Doorbell Pro,Android,Tier 2,Closed,947,0,0,1,-0.75
9000959,JNL000959,CU48233,2025-05-11T22:02:00.000Z,North America,CA,EN,Phone,Connectivity,Audio one-way only,Jonly Secure Subscription,Web,Tier 1,In Progress,1633,2,1,2,-0.46
9000960,JNL000960,CU74816,2025-05-01T18:36:00.000Z,Europe,GB,DE,Phone,Account,Doorbell not ringing,Jonly Doorbell Pro,Web,Tier 1,Closed,1269,0,1,5,0.84
9000961,JNL000961,CU40546,2025-07-26T20:08:00.000Z,North America,CA,EN,Community,Functionality,Doorbell not ringing,Jonly Cam Indoor,Android,Tier 1,Closed,1101,1,1,5,1.0
9000962,JNL000962,CU36979,2025-05-26T13:05:00.000Z,North America,CA,FR,Chat,Connectivity,False motion alerts,Jonly Hub Mini,Android,Tier 1,Closed,1407,0,1,3,-0.08
9000963,JNL000963,CU65411,2025-07-13T06:09:00.000Z,North America,CA,EN,Web Form,Functionality,Camera offline,Jonly Cam Outdoor,iOS,Tier 1,Closed,912,0,0,1,-0.37
9000964,JNL000964,CU99659,2025-05-23T08:29:00.000Z,Europe,GB,NL,Phone,Connectivity,Subscription not applied,Jonly Cam Outdoor,Web,Tier 1,Closed,1444,1,0,4,0.28
9000965,JNL000965,CU67392,2025-06-15T21:10:00.000Z,North America,US,EN,Email,Setup,Cannot login to app,Jonly Doorbell Pro,iOS,Tier 1,Closed,982,0,1,3,0.22
9000966,JNL000966,CU18845,2025-07-27T22:31:00.000Z,North America,CA,EN,Phone,Setup,Order not delivered,Jonly Secure Subscription,Android,Tier 2,Closed,704,0,1,4,0.87
9000967,JNL000967,CU59140,2025-07-02T11:41:00.000Z,APAC,SG,EN,Chat,Shipping,Poor night vision,Jonly Floodlight Max,Web,Tier 2,In Progress,728,1,1,5,1.0
9000968,JNL000968,CU81977,2025-05-20T23:42:00.000Z,North America,CA,EN,Chat,Inquiry,Video not loading,Jonly Doorbell Pro,iOS,Tier 2,Closed,1301,1,1,3,0.54
9000969,JNL000969,CU44687,2025-06-26T23:08:00.000Z,Europe,NL,EN,Phone,Connectivity,Wrong item received,Jonly Floodlight Max,Android,Tier 2,Escalated,1431,1,1,5,0.65
9000970,JNL000970,CU23394,2025-05-20T15:40:00.000Z,North America,CA,EN,Phone,Functionality,Two-factor issues,Jonly Hub Plus,Android,Tier 1,Closed,1614,1,1,2,-0.66
9000971,JNL000971,CU84103,2025-07-11T10:43:00.000Z,APAC,AU,EN,Phone,Account,Charged twice,Jonly Hub Mini,Android,Tier 1,Closed,979,1,1,3,-0.21
9000972,JNL000972,CU71568,2025-07-13T04:27:00.000Z,North America,CA,FR,Phone,Connectivity,Doorbell not ringing,Jonly Cam Indoor,iOS,Tier 2,Escalated,1188,0,1,4,0.86
9000973,JNL000973,CU23525,2025-06-02T02:59:00.000Z,Europe,NL,EN,Phone,Account,Device will not pair,Jonly Floodlight Max,iOS,Tier 1,Closed,1686,2,1,5,1.0
9000974,JNL000974,CU83056,2025-07-10T08:38:00.000Z,APAC,NZ,EN,Phone,Inquiry,Audio one-way only,Jonly Hub Plus,iOS,Tier 1,Closed,759,0,1,2,-1.0
9000975,JNL000975,CU87335,2025-07-25T21:53:00.000Z,APAC,SG,EN,Phone,Functionality,Cannot login to app,Jonly Hub Plus,iOS,Tier 1,Closed,1314,0,1,4,0.93
9000976,JNL000976,CU71810,2025-06-26T11:45:00.000Z,North America,CA,EN,Phone,Functionality,Poor night vision,Jonly Secure Subscription,iOS,Tier 2,Closed,447,1,1,5,0.92
9000977,JNL000977,CU18505,2025-07-06T00:38:00.000Z,North America,CA,DE,Phone,Inquiry,Poor night vision,Jonly Secure Subscription,Android,Tier 2,Closed,1446,0,1,3,-0.95
9000978,JNL000978,CU44412,2025-06-07T05:19:00.000Z,North America,CA,EN,Chat,Functionality,Two-factor issues,Jonly Hub Plus,iOS,Tier 2,Closed,1075,0,1,3,0.29
9000979,JNL000979,CU53797,2025-07-08T22:19:00.000Z,North America,US,EN,Chat,Shipping,Charged twice,Jonly Hub Mini,iOS,Tier 1,Escalated,830,0,1,5,0.79
9000980,JNL000980,CU70557,2025-07-30T12:18:00.000Z,Europe,DE,EN,Email,Setup,Poor night vision,Jonly Doorbell Pro,Other,Tier 2,Closed,1021,0,1,1,-1.0
9000981,JNL000981,CU30012,2025-06-11T08:20:00.000Z,Europe,DE,EN,Phone,Setup,False motion alerts,Jonly Hub Plus,iOS,Tier 2,Closed,180,0,1,1,-0.65
9000982,JNL000982,CU21063,2025-06-13T15:18:00.000Z,APAC,AU,EN,Email,Setup,Video not loading,Jonly Floodlight Max,Android,Tier 1,Closed,936,0,1,4,0.8
9000983,JNL000983,CU24730,2025-06-24T09:20:00.000Z,Europe,DE,EN,Phone,Inquiry,Poor night vision,Jonly Secure Subscription,iOS,Tier 1,Closed,1240,0,0,4,0.52
9000984,JNL000984,CU16946,2025-07-11T09:50:00.000Z,North America,US,FR,Community,Connectivity,Poor night vision,Jonly Cam Indoor,Android,Tier 1,In Progress,619,0,1,4,0.01
9000985,JNL000985,CU65830,2025-05-07T19:42:00.000Z,APAC,NZ,EN,Chat,Inquiry,Charged twice,Jonly Doorbell Pro,iOS,Escalation,Closed,951,0,1,5,1.0
9000986,JNL000986,CU17956,2025-05-16T22:21:00.000Z,North America,US,FR,Email,Setup,False motion alerts,Jonly Hub Mini,iOS,Tier 1,Closed,886,1,1,3,0.2
9000987,JNL000987,CU16919,2025-05-07T07:14:00.000Z,North America,US,EN,Chat,Inquiry,Audio one-way only,Jonly Floodlight Max,iOS,Tier 1,Closed,620,2,1,2,-0.1
9000988,JNL000988,CU19233,2025-05-03T23:58:00.000Z,Europe,FR,FR,Chat,Connectivity,Subscription not applied,Jonly Hub Plus,Android,Tier 1,Closed,180,0,1,5,1.0
9000989,JNL000989,CU14046,2025-07-08T15:33:00.000Z,North America,CA,EN,Phone,Connectivity,Camera offline,Jonly Secure Subscription,Android,Tier 1,Escalated,1218,0,1,5,1.0
9000990,JNL000990,CU70172,2025-06-13T06:15:00.000Z,North America,US,FR,Phone,Connectivity,Camera offline,Jonly Cam Indoor,iOS,Tier 2,In Progress,1394,1,1,5,0.84
9000991,JNL000991,CU75674,2025-06-28T00:50:00.000Z,Europe,GB,EN,Phone,Connectivity,Subscription not applied,Jonly Doorbell Pro,Other,Tier 2,Closed,1363,0,1,5,0.53
9000992,JNL000992,CU11697,2025-07-15T08:30:00.000Z,Europe,GB,EN,Email,Connectivity,Cannot login to app,Jonly Doorbell Pro,iOS,Tier 1,Closed,891,0,1,3,-0.43
9000993,JNL000993,CU54925,2025-06-21T22:38:00.000Z,Europe,GB,EN,Community,Functionality,Subscription not applied,Jonly Cam Indoor,iOS,Tier 2,Closed,376,0,1,5,0.87
9000994,JNL000994,CU51216,2025-06-13T10:03:00.000Z,North America,CA,EN,Email,Inquiry,Poor night vision,Jonly Cam Outdoor,iOS,Escalation,Closed,698,0,1,5,0.85
9000995,JNL000995,CU64068,2025-06-09T11:19:00.000Z,North America,US,EN,Phone,Inquiry,False motion alerts,Jonly Floodlight Max,iOS,Tier 2,Closed,1307,0,1,3,0.51
9000996,JNL000996,CU72942,2025-07-20T12:23:00.000Z,Europe,FR,FR,Email,Inquiry,Doorbell not ringing,Jonly Hub Mini,Web,Tier 1,Closed,214,0,1,3,0.04
9000997,JNL000997,CU85968,2025-07-14T07:51:00.000Z,Europe,DE,EN,Community,Inquiry,Audio one-way only,Jonly Cam Outdoor,Other,Tier 1,Closed,956,0,1,2,-0.74
9000998,JNL000998,CU52866,2025-06-23T06:30:00.000Z,North America,CA,EN,Chat,Connectivity,Two-factor issues,Jonly Cam Indoor,Android,Tier 1,Closed,1600,0,0,3,0.14
9000999,JNL000999,CU23452,2025-07-12T15:41:00.000Z,North America,CA,EN,Web Form,Connectivity,No motion alerts,Jonly Secure Subscription,Android,Tier 1,Escalated,751,1,1,5,1.0
9001000,JNL001000,CU14966,2025-05-14T04:37:00.000Z,Europe,FR,DE,Chat,Billing,Poor night vision,Jonly Hub Plus,iOS,Tier 1,Escalated,624,0,1,3,0.29
9001001,JNL001001,CU19173,2025-06-17T00:05:00.000Z,Europe,NL,FR,Phone,Functionality,Audio one-way only,Jonly Hub Plus,iOS,Tier 1,Closed,870,0,1,3,0.32
9001002,JNL001002,CU98894,2025-06-10T11:52:00.000Z,Europe,DE,DE,Chat,Inquiry,False motion alerts,Jonly Floodlight Max,iOS,Tier 1,Closed,1363,0,1,5,1.0
9001003,JNL001003,CU62885,2025-05-23T01:53:00.000Z,Europe,GB,FR,Chat,Account,Charged twice,Jonly Hub Plus,Android,Tier 2,Closed,1383,0,1,4,0.36
9001004,JNL001004,CU98952,2025-07-11T11:22:00.000Z,APAC,AU,EN,Phone,Inquiry,Order not delivered,Jonly Hub Plus,iOS,Tier 1,Closed,291,0,1,5,1.0
9001005,JNL001005,CU63948,2025-07-01T04:14:00.000Z,Europe,FR,EN,Chat,Functionality,Subscription not applied,Jonly Cam Outdoor,iOS,Tier 1,Closed,499,1,1,5,0.79
9001006,JNL001006,CU26821,2025-06-05T07:29:00.000Z,Europe,NL,EN,Chat,Inquiry,Poor night vision,Jonly Hub Mini,iOS,Tier 2,Closed,1210,0,1,4,0.4
9001007,JNL001007,CU74957,2025-05-05T01:26:00.000Z,Europe,NL,NL,Email,Functionality,Audio one-way only,Jonly Hub Mini,Android,Tier 1,Closed,273,0,1,5,1.0
9001008,JNL001008,CU41530,2025-07-18T19:33:00.000Z,Europe,GB,EN,Phone,Functionality,Device will not pair,Jonly Hub Plus,iOS,Tier 1,Closed,391,0,1,5,1.0
9001009,JNL001009,CU84219,2025-06-11T17:21:00.000Z,Europe,FR,EN,Phone,Connectivity,Camera offline,Jonly Cam Indoor,iOS,Tier 1,Closed,728,1,1,5,1.0
9001010,JNL001010,CU53631,2025-06-03T21:39:00.000Z,Europe,FR,DE,Chat,Functionality,Camera offline,Jonly Hub Mini,Web,Tier 1,Escalated,663,1,1,3,0.29
9001011,JNL001011,CU92605,2025-07-31T19:01:00.000Z,North America,CA,EN,Phone,Connectivity,Video not loading,Jonly Hub Mini,iOS,Tier 2,Closed,1651,1,1,4,0.86
9001012,JNL001012,CU94769,2025-07-26T07:47:00.000Z,APAC,NZ,EN,Web Form,Inquiry,Video not loading,Jonly Hub Plus,Android,Tier 1,Closed,774,1,1,4,0.6
9001013,JNL001013,CU83457,2025-07-08T15:29:00.000Z,North America,US,NL,Phone,Functionality,Order not delivered,Jonly Hub Plus,Android,Tier 1,Closed,999,0,1,3,0.41
9001014,JNL001014,CU47577,2025-05-15T03:36:00.000Z,Europe,GB,EN,Email,Inquiry,Audio one-way only,Jonly Cam Indoor,Android,Tier 1,Closed,580,0,0,4,0.83
9001015,JNL001015,CU91649,2025-07-28T19:07:00.000Z,North America,CA,EN,Email,Shipping,Video not loading,Jonly Secure Subscription,iOS,Tier 1,Closed,702,0,1,4,0.76
9001016,JNL001016,CU99246,2025-05-08T16:40:00.000Z,North America,CA,EN,Email,Connectivity,No motion alerts,Jonly Secure Subscription,Android,Tier 1,Closed,1154,2,1,4,0.99
9001017,JNL001017,CU38801,2025-06-29T20:27:00.000Z,Europe,GB,DE,Chat,Functionality,Device will not pair,Jonly Secure Subscription,Android,Tier 2,Closed,1164,0,1,5,1.0
9001018,JNL001018,CU29130,2025-06-16T06:51:00.000Z,Europe,FR,FR,Phone,Inquiry,Poor night vision,Jonly Floodlight Max,Android,Tier 2,Closed,1734,0,1,5,1.0
9001019,JNL001019,CU21282,2025-07-22T16:24:00.000Z,APAC,SG,EN,Phone,Shipping,Audio one-way only,Jonly Hub Mini,Web,Tier 1,Closed,979,0,1,5,1.0
9001020,JNL001020,CU51357,2025-06-07T17:54:00.000Z,Europe,DE,EN,Chat,Account,Camera offline,Jonly Cam Indoor,Android,Tier 1,Closed,1226,0,1,3,-0.19
9001021,JNL001021,CU33767,2025-07-29T23:40:00.000Z,Europe,NL,NL,Phone,Functionality,Two-factor issues,Jonly Secure Subscription,Other,Tier 1,In Progress,1674,1,1,3,0.54
9001022,JNL001022,CU93001,2025-05-27T21:34:00.000Z,APAC,AU,EN,Community,Account,Order not delivered,Jonly Doorbell Pro,iOS,Tier 1,In Progress,507,0,1,5,1.0
9001023,JNL001023,CU76136,2025-07-29T10:03:00.000Z,Europe,GB,FR,Email,Billing,Cannot login to app,Jonly Cam Indoor,Other,Tier 1,Closed,619,0,1,4,0.57
9001024,JNL001024,CU50431,2025-07-06T10:31:00.000Z,North America,US,EN,Email,Inquiry,Laggy live view,Jonly Cam Indoor,Android,Tier 1,Closed,1390,1,1,3,0.4
9001025,JNL001025,CU57748,2025-05-31T14:25:00.000Z,North America,CA,EN,Phone,Setup,Camera offline,Jonly Cam Outdoor,Web,Tier 1,Closed,797,1,1,5,1.0
9001026,JNL001026,CU45896,2025-06-09T14:38:00.000Z,North America,CA,EN,Phone,Shipping,Audio one-way only,Jonly Cam Indoor,iOS,Tier 2,Closed,1018,1,1,3,0.41
9001027,JNL001027,CU83936,2025-05-13T07:22:00.000Z,Europe,GB,EN,Phone,Connectivity,Poor night vision,Jonly Doorbell Pro,Android,Tier 2,Escalated,1569,0,1,4,0.62
9001028,JNL001028,CU39551,2025-05-12T12:45:00.000Z,North America,US,EN,Chat,Shipping,Subscription not applied,Jonly Cam Indoor,Web,Escalation,Closed,180,0,0,3,-0.01
9001029,JNL001029,CU26918,2025-05-11T10:09:00.000Z,North America,US,EN,Phone,Functionality,Device will not pair,Jonly Floodlight Max,Android,Tier 1,Closed,742,0,1,4,0.46
9001030,JNL001030,CU40131,2025-07-01T04:02:00.000Z,North America,CA,EN,Email,Setup,Device will not pair,Jonly Doorbell Pro,Web,Tier 2,Closed,1000,1,1,3,-0.11
9001031,JNL001031,CU77513,2025-05-26T04:41:00.000Z,North America,CA,EN,Phone,Account,Subscription not applied,Jonly Cam Outdoor,Android,Escalation,Closed,1101,0,1,3,0.43
9001032,JNL001032,CU76185,2025-06-27T10:08:00.000Z,North America,US,EN,Email,Functionality,Doorbell not ringing,Jonly Hub Plus,iOS,Tier 1,Closed,630,0,1,5,1.0
9001033,JNL001033,CU12925,2025-05-03T13:03:00.000Z,APAC,AU,EN,Chat,Shipping,Two-factor issues,Jonly Floodlight Max,Android,Tier 1,Closed,982,1,1,5,1.0
9001034,JNL001034,CU70541,2025-06-10T02:29:00.000Z,North America,US,EN,Chat,Account,Camera offline,Jonly Hub Plus,iOS,Tier 1,Escalated,1309,0,1,4,-0.19
9001035,JNL001035,CU43513,2025-05-25T18:27:00.000Z,North America,US,EN,Email,Functionality,Camera offline,Jonly Secure Subscription,Android,Tier 1,Closed,794,1,0,1,-1.0
9001036,JNL001036,CU79591,2025-05-24T21:27:00.000Z,Europe,NL,EN,Email,Inquiry,Laggy live view,Jonly Cam Indoor,iOS,Escalation,Closed,576,0,1,3,0.26
9001037,JNL001037,CU81895,2025-07-04T10:51:00.000Z,Europe,NL,DE,Phone,Connectivity,Doorbell not ringing,Jonly Doorbell Pro,iOS,Tier 1,Closed,785,0,1,3,0.18
9001038,JNL001038,CU70409,2025-07-11T13:15:00.000Z,APAC,NZ,EN,Email,Billing,Subscription not applied,Jonly Doorbell Pro,Android,Tier 2,Closed,954,0,1,3,-0.85
9001039,JNL001039,CU71930,2025-06-13T15:49:00.000Z,North America,CA,EN,Chat,Inquiry,Doorbell not ringing,Jonly Hub Plus,Web,Tier 1,Escalated,907,1,1,5,0.44
9001040,JNL001040,CU79783,2025-07-31T04:06:00.000Z,North America,US,EN,Email,Functionality,Wrong item received,Jonly Secure Subscription,Web,Tier 2,Closed,371,0,1,3,0.35
9001041,JNL001041,CU89889,2025-06-14T07:56:00.000Z,North America,US,EN,Chat,Setup,False motion alerts,Jonly Hub Mini,Android,Tier 2,In Progress,771,1,1,5,0.73
9001042,JNL001042,CU84596,2025-05-02T02:59:00.000Z,Europe,DE,EN,Chat,Inquiry,False motion alerts,Jonly Cam Indoor,iOS,Escalation,Closed,1424,1,1,4,0.39
9001043,JNL001043,CU21872,2025-06-03T10:08:00.000Z,North America,US,DE,Web Form,Connectivity,Camera offline,Jonly Cam Indoor,iOS,Tier 1,Closed,832,0,1,4,0.25
9001044,JNL001044,CU19375,2025-07-27T08:18:00.000Z,Europe,GB,EN,Chat,Account,Audio one-way only,Jonly Secure Subscription,iOS,Tier 2,Closed,989,0,1,4,0.58
9001045,JNL001045,CU26452,2025-07-15T09:19:00.000Z,North America,CA,EN,Chat,Inquiry,Poor night vision,Jonly Doorbell Pro,iOS,Tier 1,Closed,434,0,1,4,0.28
9001046,JNL001046,CU25474,2025-05-10T01:28:00.000Z,North America,US,FR,Phone,Inquiry,Poor night vision,Jonly Cam Outdoor,Android,Tier 2,Closed,1061,1,0,4,-0.56
9001047,JNL001047,CU43677,2025-07-19T17:07:00.000Z,APAC,SG,FR,Email,Connectivity,Wrong item received,Jonly Hub Mini,iOS,Escalation,Closed,911,0,1,2,-0.92
9001048,JNL001048,CU77298,2025-05-01T04:50:00.000Z,Europe,GB,EN,Phone,Inquiry,Camera offline,Jonly Doorbell Pro,iOS,Tier 1,Closed,1147,0,1,3,-0.68
9001049,JNL001049,CU82437,2025-06-04T18:58:00.000Z,APAC,AU,FR,Web Form,Connectivity,Camera offline,Jonly Secure Subscription,Web,Tier 2,Closed,492,2,1,3,0.76
9001050,JNL001050,CU78400,2025-05-11T12:09:00.000Z,North America,US,EN,Chat,Shipping,Video not loading,Jonly Secure Subscription,Android,Tier 1,Closed,1082,0,1,2,-0.67
9001051,JNL001051,CU21369,2025-06-19T10:51:00.000Z,Europe,FR,EN,Web Form,Setup,Subscription not applied,Jonly Hub Plus,Web,Tier 1,Closed,924,0,1,4,0.13
9001052,JNL001052,CU66618,2025-06-15T14:02:00.000Z,APAC,AU,EN,Phone,Account,Two-factor issues,Jonly Hub Plus,Android,Tier 1,Closed,1140,1,1,4,1.0
9001053,JNL001053,CU27656,2025-07-25T00:01:00.000Z,North America,CA,EN,Phone,Connectivity,Subscription not applied,Jonly Hub Plus,iOS,Tier 1,Closed,1434,1,1,3,0.26
9001054,JNL001054,CU95099,2025-07-29T05:25:00.000Z,Europe,GB,EN,Email,Account,Laggy live view,Jonly Cam Indoor,Android,Tier 2,Closed,1193,0,1,5,0.67
9001055,JNL001055,CU81109,2025-06-19T17:58:00.000Z,North America,US,FR,Phone,Inquiry,Poor night vision,Jonly Floodlight Max,Web,Tier 1,Closed,1003,1,1,3,-0.58
9001056,JNL001056,CU37968,2025-07-01T15:34:00.000Z,APAC,AU,EN,Chat,Connectivity,Video not loading,Jonly Hub Plus,Android,Tier 1,Closed,542,0,1,3,0.29
9001057,JNL001057,CU96680,2025-06-11T20:02:00.000Z,Europe,DE,EN,Phone,Account,Laggy live view,Jonly Floodlight Max,Android,Tier 1,In Progress,385,0,1,3,-0.2
9001058,JNL001058,CU18993,2025-05-28T18:41:00.000Z,APAC,SG,FR,Phone,Billing,Poor night vision,Jonly Hub Mini,iOS,Tier 1,Closed,801,0,0,4,0.08
9001059,JNL001059,CU53529,2025-06-21T22:05:00.000Z,North America,US,NL,Phone,Inquiry,Camera offline,Jonly Hub Mini,Android,Tier 1,Closed,720,0,1,1,-0.78
9001060,JNL001060,CU54114,2025-07-04T10:24:00.000Z,Europe,GB,DE,Phone,Billing,False motion alerts,Jonly Hub Plus,Other,Tier 1,Closed,1255,0,0,2,-0.36
9001061,JNL001061,CU12519,2025-06-05T15:56:00.000Z,Europe,NL,EN,Chat,Inquiry,Doorbell not ringing,Jonly Hub Plus,iOS,Tier 2,In Progress,950,2,1,4,0.02
9001062,JNL001062,CU29256,2025-06-26T20:43:00.000Z,Europe,DE,EN,Email,Functionality,Laggy live view,Jonly Hub Plus,Android,Tier 1,Closed,419,0,1,3,0.23
9001063,JNL001063,CU83397,2025-06-14T17:40:00.000Z,North America,CA,FR,Chat,Functionality,Subscription not applied,Jonly Doorbell Pro,Android,Tier 1,Closed,998,0,0,2,-0.51
9001064,JNL001064,CU84960,2025-07-17T11:39:00.000Z,North America,US,EN,Phone,Inquiry,Poor night vision,Jonly Hub Mini,Web,Tier 1,Closed,849,0,1,5,0.95
9001065,JNL001065,CU27879,2025-06-29T03:14:00.000Z,North America,US,DE,Phone,Functionality,Device will not pair,Jonly Secure Subscription,iOS,Tier 1,Closed,848,0,1,4,-0.09
9001066,JNL001066,CU65946,2025-06-22T01:13:00.000Z,North America,CA,EN,Web Form,Billing,Order not delivered,Jonly Secure Subscription,iOS,Tier 2,Closed,862,0,1,4,0.2
9001067,JNL001067,CU42969,2025-06-06T11:34:00.000Z,Europe,DE,FR,Phone,Billing,Doorbell not ringing,Jonly Cam Indoor,Web,Tier 2,Closed,1420,1,0,2,-0.4
9001068,JNL001068,CU68405,2025-06-22T16:07:00.000Z,North America,CA,EN,Chat,Inquiry,Charged twice,Jonly Floodlight Max,iOS,Tier 1,Closed,967,0,0,3,-0.18
9001069,JNL001069,CU21353,2025-07-10T01:07:00.000Z,Europe,NL,DE,Phone,Inquiry,False motion alerts,Jonly Doorbell Pro,Android,Tier 1,In Progress,1492,0,1,5,0.94
9001070,JNL001070,CU59494,2025-06-05T02:21:00.000Z,North America,US,EN,Chat,Shipping,Device will not pair,Jonly Hub Plus,Other,Tier 1,Closed,1241,2,1,2,-0.47
9001071,JNL001071,CU94139,2025-07-08T01:06:00.000Z,North America,CA,EN,Phone,Inquiry,Poor night vision,Jonly Secure Subscription,Android,Tier 2,Closed,1339,0,1,5,1.0
9001072,JNL001072,CU12503,2025-07-25T16:09:00.000Z,North America,US,EN,Chat,Setup,Audio one-way only,Jonly Cam Indoor,Android,Tier 1,Closed,1077,2,1,1,-1.0
9001073,JNL001073,CU96058,2025-05-31T15:58:00.000Z,APAC,NZ,DE,Web Form,Setup,False motion alerts,Jonly Cam Outdoor,Android,Tier 1,Closed,646,1,1,4,0.02
9001074,JNL001074,CU45547,2025-05-20T04:39:00.000Z,North America,CA,DE,Phone,Setup,False motion alerts,Jonly Hub Mini,Android,Tier 1,Closed,1859,3,1,2,-0.89
9001075,JNL001075,CU16912,2025-06-20T17:10:00.000Z,North America,CA,DE,Chat,Setup,Poor night vision,Jonly Hub Mini,Android,Tier 2,Closed,477,1,1,4,0.08
9001076,JNL001076,CU20615,2025-06-20T06:05:00.000Z,North America,CA,DE,Phone,Connectivity,Camera offline,Jonly Doorbell Pro,Android,Tier 1,Escalated,624,2,1,3,0.34
9001077,JNL001077,CU76023,2025-07-09T11:09:00.000Z,APAC,AU,EN,Phone,Inquiry,No motion alerts,Jonly Cam Indoor,Android,Tier 1,Closed,1058,1,1,4,0.61
9001078,JNL001078,CU59734,2025-06-15T01:59:00.000Z,North America,US,NL,Phone,Billing,False motion alerts,Jonly Hub Mini,Android,Tier 2,Closed,1235,2,0,4,0.37
9001079,JNL001079,CU80861,2025-07-17T00:05:00.000Z,North America,CA,EN,Phone,Functionality,No motion alerts,Jonly Cam Outdoor,Android,Tier 1,Closed,1476,0,0,3,0.07
9001080,JNL001080,CU71201,2025-07-12T19:52:00.000Z,North America,US,EN,Phone,Inquiry,Two-factor issues,Jonly Secure Subscription,iOS,Tier 1,Closed,747,0,1,4,0.36
9001081,JNL001081,CU87651,2025-06-01T06:10:00.000Z,North America,US,FR,Web Form,Billing,Order not delivered,Jonly Hub Mini,iOS,Tier 2,Closed,1281,0,1,3,0.88
9001082,JNL001082,CU17394,2025-05-06T08:26:00.000Z,APAC,SG,EN,Phone,Connectivity,Device will not pair,Jonly Secure Subscription,iOS,Tier 1,Closed,1546,1,1,3,0.12
9001083,JNL001083,CU73336,2025-07-27T05:44:00.000Z,North America,CA,EN,Email,Setup,Cannot login to app,Jonly Hub Mini,Android,Tier 1,Closed,736,0,1,4,0.47
9001084,JNL001084,CU11844,2025-06-22T18:58:00.000Z,North America,US,EN,Web Form,Functionality,Cannot login to app,Jonly Doorbell Pro,Android,Tier 1,Closed,818,1,1,3,0.08
9001085,JNL001085,CU70790,2025-05-19T17:53:00.000Z,North America,CA,EN,Phone,Connectivity,Poor night vision,Jonly Doorbell Pro,Web,Tier 1,Closed,1574,0,1,4,0.32
9001086,JNL001086,CU42981,2025-06-11T16:17:00.000Z,North America,US,EN,Phone,Setup,Laggy live view,Jonly Cam Indoor,Android,Tier 1,Closed,1377,0,1,5,1.0
9001087,JNL001087,CU94727,2025-05-17T14:38:00.000Z,North America,US,EN,Phone,Inquiry,Video not loading,Jonly Doorbell Pro,iOS,Tier 1,Closed,1053,0,0,4,0.99
9001088,JNL001088,CU65721,2025-07-23T21:30:00.000Z,North America,US,FR,Email,Account,Two-factor issues,Jonly Hub Plus,Android,Tier 1,Closed,180,0,1,5,0.22
9001089,JNL001089,CU47899,2025-06-08T23:35:00.000Z,APAC,NZ,FR,Email,Inquiry,Subscription not applied,Jonly Cam Indoor,Android,Tier 2,Closed,957,0,1,5,0.93
9001090,JNL001090,CU80256,2025-05-13T07:26:00.000Z,North America,US,EN,Chat,Account,Poor night vision,Jonly Cam Indoor,Android,Tier 1,Escalated,649,0,1,2,-0.8
9001091,JNL001091,CU19449,2025-05-13T08:56:00.000Z,North America,CA,EN,Phone,Billing,Wrong item received,Jonly Doorbell Pro,Android,Tier 1,Closed,770,0,1,3,0.16
9001092,JNL001092,CU68034,2025-06-26T11:25:00.000Z,North America,US,EN,Phone,Inquiry,Poor night vision,Jonly Cam Indoor,Android,Tier 1,Closed,958,1,1,2,-0.59
9001093,JNL001093,CU64052,2025-06-28T19:21:00.000Z,North America,US,EN,Phone,Billing,Camera offline,Jonly Cam Outdoor,Android,Tier 2,Closed,980,0,1,4,0.56
9001094,JNL001094,CU64656,2025-07-30T09:34:00.000Z,North America,US,EN,Phone,Connectivity,Two-factor issues,Jonly Cam Outdoor,iOS,Escalation,Closed,1530,1,1,1,-0.32
9001095,JNL001095,CU54899,2025-07-07T16:31:00.000Z,North America,US,EN,Phone,Inquiry,Video not loading,Jonly Cam Outdoor,Android,Tier 2,Closed,812,0,1,5,1.0
9001096,JNL001096,CU95542,2025-05-12T15:01:00.000Z,North America,CA,DE,Community,Connectivity,Doorbell not ringing,Jonly Floodlight Max,iOS,Tier 1,Closed,354,0,0,3,-0.36
9001097,JNL001097,CU30246,2025-07-25T00:08:00.000Z,North America,US,EN,Phone,Inquiry,Camera offline,Jonly Cam Indoor,Android,Tier 2,Closed,180,0,1,5,0.97
9001098,JNL001098,CU13551,2025-06-28T18:07:00.000Z,APAC,SG,EN,Phone,Functionality,Camera offline,Jonly Cam Indoor,Web,Tier 1,Closed,1383,1,1,5,0.95
9001099,JNL001099,CU93036,2025-05-23T12:53:00.000Z,North America,CA,NL,Chat,Functionality,Cannot login to app,Jonly Hub Mini,Android,Tier 1,Escalated,1724,1,1,1,-1.0
9001100,JNL001100,CU93216,2025-06-11T07:00:00.000Z,North America,CA,EN,Email,Account,Camera offline,Jonly Hub Plus,iOS,Tier 1,Closed,816,1,1,5,1.0
9001101,JNL001101,CU82299,2025-07-18T14:47:00.000Z,North America,CA,EN,Phone,Account,Order not delivered,Jonly Doorbell Pro,iOS,Tier 1,Closed,1224,0,0,5,0.89
9001102,JNL001102,CU29566,2025-05-21T07:36:00.000Z,Europe,GB,EN,Web Form,Setup,Charged twice,Jonly Doorbell Pro,iOS,Tier 1,Closed,1123,1,1,5,1.0
9001103,JNL001103,CU89817,2025-07-08T15:55:00.000Z,Europe,NL,EN,Community,Functionality,Two-factor issues,Jonly Hub Mini,iOS,Tier 1,Escalated,274,0,0,3,0.32
9001104,JNL001104,CU63580,2025-05-11T07:42:00.000Z,North America,US,EN,Web Form,Inquiry,Order not delivered,Jonly Secure Subscription,Android,Tier 1,Closed,518,0,1,5,0.86
9001105,JNL001105,CU48565,2025-05-13T20:38:00.000Z,North America,CA,EN,Phone,Inquiry,Doorbell not ringing,Jonly Floodlight Max,iOS,Tier 1,Escalated,1049,0,1,3,-0.18
9001106,JNL001106,CU87339,2025-05-04T00:49:00.000Z,North America,CA,EN,Phone,Inquiry,Charged twice,Jonly Floodlight Max,Android,Tier 1,Escalated,1065,1,1,4,0.31
9001107,JNL001107,CU75748,2025-05-21T04:42:00.000Z,North America,CA,EN,Chat,Billing,Camera offline,Jonly Cam Indoor,iOS,Tier 2,Closed,752,0,1,5,1.0
9001108,JNL001108,CU85494,2025-06-07T21:23:00.000Z,Europe,GB,EN,Chat,Connectivity,Order not delivered,Jonly Cam Outdoor,Other,Tier 1,Closed,607,1,1,4,0.45
9001109,JNL001109,CU76586,2025-07-17T17:38:00.000Z,North America,US,NL,Email,Functionality,Order not delivered,Jonly Cam Outdoor,iOS,Tier 1,Closed,1350,0,0,4,0.4
9001110,JNL001110,CU38739,2025-07-31T22:41:00.000Z,Europe,NL,EN,Chat,Shipping,No motion alerts,Jonly Floodlight Max,Web,Tier 2,Closed,680,0,1,4,0.36
9001111,JNL001111,CU89781,2025-06-30T03:11:00.000Z,North America,US,EN,Chat,Functionality,Two-factor issues,Jonly Doorbell Pro,iOS,Tier 1,Closed,1240,1,0,3,-0.4
9001112,JNL001112,CU64569,2025-07-27T12:41:00.000Z,Europe,FR,EN,Chat,Inquiry,Charged twice,Jonly Hub Plus,Other,Tier 2,Closed,1079,0,1,3,0.03
9001113,JNL001113,CU71974,2025-06-26T02:01:00.000Z,North America,US,FR,Email,Setup,Camera offline,Jonly Floodlight Max,Web,Tier 2,Closed,1091,0,1,3,-0.07
9001114,JNL001114,CU17329,2025-06-23T22:51:00.000Z,North America,CA,EN,Phone,Shipping,Doorbell not ringing,Jonly Hub Mini,Android,Tier 2,Closed,1319,0,1,5,1.0
9001115,JNL001115,CU35511,2025-06-05T08:57:00.000Z,Europe,GB,FR,Phone,Shipping,Audio one-way only,Jonly Cam Outdoor,Android,Tier 1,Closed,1211,2,1,3,-0.89
9001116,JNL001116,CU22672,2025-05-18T03:43:00.000Z,Europe,NL,EN,Phone,Functionality,Laggy live view,Jonly Cam Outdoor,iOS,Tier 1,Closed,791,1,1,2,-0.86
9001117,JNL001117,CU39802,2025-05-11T03:25:00.000Z,North America,CA,EN,Chat,Billing,Device will not pair,Jonly Cam Indoor,iOS,Tier 2,Closed,845,2,1,2,-0.49
9001118,JNL001118,CU64402,2025-05-19T10:22:00.000Z,APAC,NZ,DE,Phone,Billing,Subscription not applied,Jonly Doorbell Pro,Other,Tier 1,Closed,881,1,1,2,-0.89
9001119,JNL001119,CU16161,2025-05-12T02:14:00.000Z,Europe,FR,EN,Email,Billing,Charged twice,Jonly Secure Subscription,iOS,Tier 1,Closed,773,0,1,4,0.79
9001120,JNL001120,CU32965,2025-06-25T20:46:00.000Z,Europe,GB,DE,Community,Inquiry,Subscription not applied,Jonly Hub Mini,iOS,Tier 1,Closed,758,1,1,3,0.86
9001121,JNL001121,CU49652,2025-05-29T22:35:00.000Z,Europe,DE,NL,Phone,Setup,Video not loading,Jonly Cam Outdoor,Android,Tier 1,In Progress,1089,0,1,2,-0.65
9001122,JNL001122,CU23301,2025-05-22T05:15:00.000Z,Europe,GB,EN,Phone,Inquiry,Two-factor issues,Jonly Hub Plus,Android,Tier 1,Escalated,852,0,1,4,0.07
9001123,JNL001123,CU72781,2025-05-18T19:37:00.000Z,Europe,GB,EN,Email,Functionality,Poor night vision,Jonly Secure Subscription,Web,Tier 1,Closed,1144,0,1,3,0.14
9001124,JNL001124,CU62894,2025-07-19T09:57:00.000Z,Europe,GB,DE,Email,Functionality,Device will not pair,Jonly Cam Indoor,iOS,Tier 1,Closed,515,1,1,5,0.78
9001125,JNL001125,CU59704,2025-05-22T07:27:00.000Z,North America,US,EN,Email,Inquiry,No motion alerts,Jonly Floodlight Max,Web,Tier 1,Closed,860,1,1,3,-0.1
9001126,JNL001126,CU23921,2025-05-27T07:44:00.000Z,Europe,FR,EN,Phone,Setup,Video not loading,Jonly Hub Plus,iOS,Tier 1,Closed,829,0,1,4,0.34
9001127,JNL001127,CU26264,2025-06-17T15:16:00.000Z,Europe,NL,NL,Phone,Setup,Cannot login to app,Jonly Hub Plus,iOS,Tier 2,Closed,1047,0,1,2,-0.17
9001128,JNL001128,CU83809,2025-06-16T17:11:00.000Z,North America,US,EN,Email,Inquiry,No motion alerts,Jonly Floodlight Max,Android,Tier 1,Closed,623,0,1,4,0.07
9001129,JNL001129,CU89800,2025-05-25T02:21:00.000Z,North America,CA,EN,Phone,Connectivity,Wrong item received,Jonly Doorbell Pro,Android,Tier 2,Closed,546,0,1,4,0.83
9001130,JNL001130,CU77980,2025-05-01T12:19:00.000Z,North America,CA,EN,Web Form,Functionality,No motion alerts,Jonly Cam Indoor,Android,Tier 2,Closed,859,0,1,4,0.6
9001131,JNL001131,CU30851,2025-05-05T20:15:00.000Z,Europe,FR,DE,Phone,Functionality,Video not loading,Jonly Cam Indoor,iOS,Tier 2,Closed,1731,0,1,5,0.75
9001132,JNL001132,CU47605,2025-05-09T15:21:00.000Z,North America,US,EN,Phone,Setup,Wrong item received,Jonly Hub Plus,Web,Tier 1,In Progress,1093,2,1,3,0.24
9001133,JNL001133,CU12573,2025-07-09T10:40:00.000Z,North America,US,EN,Phone,Functionality,False motion alerts,Jonly Hub Plus,iOS,Tier 1,Closed,973,1,1,3,0.18
9001134,JNL001134,CU55069,2025-05-20T15:35:00.000Z,APAC,AU,EN,Phone,Billing,Subscription not applied,Jonly Doorbell Pro,iOS,Tier 1,Closed,657,0,1,2,-0.78
9001135,JNL001135,CU64786,2025-05-10T22:23:00.000Z,North America,CA,NL,Web Form,Setup,Charged twice,Jonly Secure Subscription,Android,Tier 1,Closed,425,0,1,2,-0.77
9001136,JNL001136,CU84821,2025-07-30T09:32:00.000Z,APAC,NZ,EN,Email,Setup,Two-factor issues,Jonly Doorbell Pro,Android,Tier 1,Closed,545,2,1,2,0.33
9001137,JNL001137,CU52340,2025-05-16T14:53:00.000Z,Europe,GB,EN,Phone,Account,Charged twice,Jonly Hub Plus,iOS,Tier 1,Closed,1079,0,1,3,0.28
9001138,JNL001138,CU24158,2025-07-16T04:29:00.000Z,North America,US,DE,Phone,Functionality,No motion alerts,Jonly Cam Indoor,iOS,Tier 2,Closed,1821,0,1,4,0.43
9001139,JNL001139,CU43351,2025-07-01T21:57:00.000Z,Europe,DE,FR,Chat,Connectivity,Camera offline,Jonly Floodlight Max,iOS,Tier 1,Closed,840,0,1,3,-0.44
9001140,JNL001140,CU67929,2025-06-24T19:12:00.000Z,North America,US,EN,Web Form,Account,Doorbell not ringing,Jonly Cam Indoor,Android,Escalation,Closed,931,0,1,5,1.0
9001141,JNL001141,CU50230,2025-06-14T06:20:00.000Z,North America,CA,DE,Email,Functionality,Audio one-way only,Jonly Doorbell Pro,iOS,Tier 1,Closed,766,0,1,4,0.34
9001142,JNL001142,CU18014,2025-05-26T23:42:00.000Z,North America,CA,EN,Chat,Setup,Cannot login to app,Jonly Secure Subscription,Android,Tier 1,Closed,972,0,1,1,-1.0
9001143,JNL001143,CU48384,2025-05-17T17:33:00.000Z,Europe,GB,DE,Phone,Setup,Subscription not applied,Jonly Doorbell Pro,iOS,Tier 1,Closed,795,0,1,4,0.29
9001144,JNL001144,CU97236,2025-07-09T10:42:00.000Z,Europe,DE,EN,Web Form,Functionality,Order not delivered,Jonly Floodlight Max,Android,Tier 2,Closed,825,0,0,1,-1.0
9001145,JNL001145,CU29384,2025-05-17T23:58:00.000Z,APAC,SG,NL,Community,Setup,Doorbell not ringing,Jonly Secure Subscription,Web,Tier 1,Closed,180,3,1,5,0.23
9001146,JNL001146,CU44731,2025-06-05T13:25:00.000Z,North America,US,EN,Email,Account,Laggy live view,Jonly Cam Indoor,Android,Tier 1,Closed,1168,0,1,3,0.12
9001147,JNL001147,CU78782,2025-07-27T20:15:00.000Z,North America,US,EN,Phone,Inquiry,Camera offline,Jonly Floodlight Max,iOS,Tier 1,Closed,1201,0,1,4,0.34
9001148,JNL001148,CU34854,2025-07-16T17:39:00.000Z,APAC,AU,EN,Web Form,Inquiry,Wrong item received,Jonly Floodlight Max,iOS,Tier 1,Escalated,1094,1,1,4,-0.08
9001149,JNL001149,CU69638,2025-05-20T11:13:00.000Z,APAC,NZ,EN,Phone,Inquiry,Two-factor issues,Jonly Cam Indoor,Android,Tier 2,In Progress,1233,0,1,5,1.0
9001150,JNL001150,CU94213,2025-07-18T17:28:00.000Z,North America,US,FR,Chat,Inquiry,Laggy live view,Jonly Hub Mini,iOS,Tier 2,Escalated,739,0,1,4,1.0
9001151,JNL001151,CU31559,2025-05-06T06:56:00.000Z,Europe,NL,EN,Web Form,Account,Order not delivered,Jonly Hub Plus,Android,Tier 1,Closed,721,1,0,5,0.78
9001152,JNL001152,CU76554,2025-06-04T18:29:00.000Z,North America,CA,DE,Phone,Inquiry,Cannot login to app,Jonly Hub Mini,Android,Tier 2,Escalated,1432,0,1,5,1.0
9001153,JNL001153,CU93224,2025-06-28T21:30:00.000Z,North America,CA,DE,Email,Setup,Subscription not applied,Jonly Doorbell Pro,Android,Tier 1,Closed,1124,0,1,5,0.97
9001154,JNL001154,CU32445,2025-05-12T02:14:00.000Z,APAC,NZ,EN,Phone,Billing,False motion alerts,Jonly Hub Mini,Android,Tier 2,Closed,718,0,1,4,0.51
9001155,JNL001155,CU95258,2025-06-17T05:26:00.000Z,Europe,FR,DE,Phone,Account,Cannot login to app,Jonly Cam Outdoor,iOS,Tier 1,In Progress,546,0,1,5,1.0
9001156,JNL001156,CU36714,2025-06-15T04:48:00.000Z,North America,CA,EN,Email,Account,Laggy live view,Jonly Cam Outdoor,iOS,Tier 2,Closed,1379,0,1,3,0.31
9001157,JNL001157,CU86035,2025-05-27T15:44:00.000Z,APAC,SG,EN,Email,Connectivity,Wrong item received,Jonly Floodlight Max,Android,Tier 1,Closed,180,1,0,3,0.09
9001158,JNL001158,CU54802,2025-07-06T04:36:00.000Z,Europe,GB,EN,Email,Functionality,Doorbell not ringing,Jonly Floodlight Max,Android,Tier 1,Closed,1270,2,0,3,0.32
9001159,JNL001159,CU88397,2025-06-08T15:35:00.000Z,Europe,FR,EN,Phone,Setup,Order not delivered,Jonly Cam Indoor,iOS,Tier 1,Closed,959,1,1,5,0.75
9001160,JNL001160,CU14752,2025-06-25T10:54:00.000Z,North America,US,EN,Chat,Functionality,Audio one-way only,Jonly Cam Outdoor,Android,Escalation,Escalated,1003,0,1,5,0.94
9001161,JNL001161,CU24359,2025-07-31T19:14:00.000Z,North America,US,DE,Chat,Functionality,Device will not pair,Jonly Floodlight Max,iOS,Tier 1,Closed,278,0,1,5,0.97
9001162,JNL001162,CU89155,2025-05-24T18:36:00.000Z,Europe,NL,FR,Chat,Connectivity,Laggy live view,Jonly Floodlight Max,Android,Tier 1,In Progress,1052,0,1,2,0.09
9001163,JNL001163,CU91096,2025-06-07T18:35:00.000Z,North America,CA,EN,Phone,Setup,No motion alerts,Jonly Floodlight Max,Android,Escalation,In Progress,831,2,1,4,1.0
9001164,JNL001164,CU61034,2025-05-17T20:30:00.000Z,North America,US,EN,Web Form,Billing,Subscription not applied,Jonly Secure Subscription,iOS,Tier 2,Closed,1051,1,1,5,1.0
9001165,JNL001165,CU67272,2025-05-11T02:31:00.000Z,APAC,AU,EN,Chat,Inquiry,Camera offline,Jonly Cam Indoor,iOS,Tier 1,Closed,451,1,1,3,-0.13
9001166,JNL001166,CU14760,2025-05-21T14:00:00.000Z,North America,US,DE,Chat,Inquiry,Order not delivered,Jonly Hub Plus,Web,Tier 1,Closed,871,1,1,5,0.32
9001167,JNL001167,CU95416,2025-06-11T03:21:00.000Z,North America,US,EN,Chat,Shipping,Two-factor issues,Jonly Hub Mini,Android,Tier 1,Closed,1497,0,1,2,0.25
9001168,JNL001168,CU31701,2025-06-28T14:40:00.000Z,APAC,NZ,EN,Email,Inquiry,Charged twice,Jonly Floodlight Max,iOS,Tier 2,Closed,1331,1,1,5,0.32
9001169,JNL001169,CU98269,2025-05-04T13:47:00.000Z,North America,US,EN,Phone,Connectivity,Subscription not applied,Jonly Cam Outdoor,iOS,Tier 1,In Progress,1468,0,0,3,-0.12
9001170,JNL001170,CU24391,2025-07-23T07:29:00.000Z,Europe,FR,EN,Chat,Functionality,Device will not pair,Jonly Doorbell Pro,Other,Tier 1,Closed,451,0,1,5,1.0
9001171,JNL001171,CU35476,2025-05-15T20:05:00.000Z,North America,US,EN,Web Form,Account,Two-factor issues,Jonly Hub Plus,Android,Tier 1,Closed,733,1,1,5,0.85
9001172,JNL001172,CU89621,2025-05-23T13:35:00.000Z,North America,US,FR,Phone,Connectivity,Wrong item received,Jonly Cam Outdoor,Android,Tier 1,Closed,547,1,1,4,0.39
9001173,JNL001173,CU47538,2025-06-30T18:24:00.000Z,North America,CA,FR,Phone,Connectivity,Cannot login to app,Jonly Hub Plus,Android,Tier 1,Closed,1543,1,0,4,0.64
9001174,JNL001174,CU11309,2025-07-08T00:00:00.000Z,North America,US,EN,Phone,Inquiry,False motion alerts,Jonly Hub Mini,Android,Tier 1,Escalated,1660,0,0,4,0.64
9001175,JNL001175,CU76862,2025-07-30T07:36:00.000Z,North America,US,EN,Phone,Functionality,Device will not pair,Jonly Hub Plus,Web,Tier 2,Closed,487,0,1,2,0.02
9001176,JNL001176,CU82266,2025-07-25T12:21:00.000Z,Europe,GB,EN,Web Form,Account,Doorbell not ringing,Jonly Hub Mini,Android,Tier 1,Closed,1167,0,1,2,-0.74
9001177,JNL001177,CU11595,2025-06-11T10:25:00.000Z,North America,US,EN,Chat,Connectivity,Wrong item received,Jonly Doorbell Pro,Android,Tier 1,Closed,512,0,1,4,0.69
9001178,JNL001178,CU49206,2025-05-13T17:07:00.000Z,APAC,NZ,DE,Community,Inquiry,Video not loading,Jonly Hub Mini,Android,Tier 2,Closed,734,0,1,4,0.28
9001179,JNL001179,CU53264,2025-07-12T22:06:00.000Z,Europe,FR,DE,Chat,Billing,False motion alerts,Jonly Doorbell Pro,iOS,Tier 1,Closed,1482,2,1,4,0.44
9001180,JNL001180,CU18931,2025-06-09T03:00:00.000Z,North America,CA,EN,Chat,Connectivity,Wrong item received,Jonly Secure Subscription,iOS,Tier 1,Closed,1168,1,1,5,0.66
9001181,JNL001181,CU75687,2025-07-16T00:28:00.000Z,Europe,GB,EN,Phone,Functionality,Wrong item received,Jonly Doorbell Pro,iOS,Tier 1,Closed,985,0,1,4,0.99
9001182,JNL001182,CU85414,2025-06-11T09:23:00.000Z,Europe,DE,DE,Phone,Connectivity,Camera offline,Jonly Floodlight Max,Android,Tier 2,Closed,658,1,1,3,-0.16
9001183,JNL001183,CU42996,2025-06-14T12:10:00.000Z,Europe,DE,NL,Email,Billing,Charged twice,Jonly Cam Indoor,Other,Tier 1,Closed,1180,0,1,2,-0.74
9001184,JNL001184,CU98902,2025-06-23T19:50:00.000Z,Europe,FR,DE,Phone,Functionality,No motion alerts,Jonly Doorbell Pro,Web,Tier 1,Closed,1049,0,0,4,-0.14
9001185,JNL001185,CU61460,2025-05-30T02:36:00.000Z,North America,CA,EN,Chat,Account,Cannot login to app,Jonly Cam Outdoor,iOS,Tier 1,Closed,1629,1,1,3,0.55
9001186,JNL001186,CU36894,2025-05-27T08:03:00.000Z,North America,US,FR,Phone,Setup,Camera offline,Jonly Floodlight Max,iOS,Escalation,Closed,1636,0,1,3,-0.07
9001187,JNL001187,CU75368,2025-06-04T11:21:00.000Z,APAC,SG,EN,Chat,Inquiry,Wrong item received,Jonly Floodlight Max,Android,Tier 2,Closed,999,0,1,1,-0.99
9001188,JNL001188,CU95965,2025-06-20T11:56:00.000Z,North America,CA,DE,Email,Inquiry,Device will not pair,Jonly Secure Subscription,Android,Tier 1,Escalated,758,1,1,5,1.0
9001189,JNL001189,CU74894,2025-05-01T03:45:00.000Z,North America,US,EN,Phone,Account,Audio one-way only,Jonly Secure Subscription,Android,Tier 1,In Progress,180,1,1,3,-0.09
9001190,JNL001190,CU45264,2025-07-18T05:58:00.000Z,Europe,DE,EN,Phone,Inquiry,Cannot login to app,Jonly Cam Indoor,iOS,Tier 2,Closed,1688,0,1,5,0.88
9001191,JNL001191,CU53335,2025-05-14T07:24:00.000Z,North America,CA,EN,Phone,Setup,Audio one-way only,Jonly Hub Mini,Android,Tier 1,Closed,1694,1,1,5,1.0
9001192,JNL001192,CU36743,2025-06-26T04:43:00.000Z,Europe,GB,EN,Chat,Setup,Two-factor issues,Jonly Cam Indoor,Android,Tier 1,Closed,907,1,1,4,0.23
9001193,JNL001193,CU30304,2025-07-27T12:03:00.000Z,North America,CA,DE,Email,Setup,Video not loading,Jonly Floodlight Max,Android,Escalation,Escalated,307,1,1,3,0.23
9001194,JNL001194,CU41728,2025-06-25T21:58:00.000Z,North America,US,EN,Web Form,Billing,Device will not pair,Jonly Floodlight Max,Android,Tier 1,Closed,1091,1,1,3,-0.21
9001195,JNL001195,CU11235,2025-07-15T15:09:00.000Z,Europe,NL,EN,Phone,Connectivity,Laggy live view,Jonly Hub Mini,Android,Tier 1,Closed,454,1,1,3,0.07
9001196,JNL001196,CU17249,2025-06-05T12:58:00.000Z,North America,CA,EN,Phone,Functionality,Audio one-way only,Jonly Cam Indoor,Android,Tier 1,Escalated,1546,1,0,3,-0.07
9001197,JNL001197,CU74100,2025-05-30T04:20:00.000Z,North America,CA,DE,Phone,Functionality,Wrong item received,Jonly Floodlight Max,iOS,Tier 1,Closed,983,0,1,2,-0.95
9001198,JNL001198,CU27547,2025-05-19T14:03:00.000Z,North America,CA,EN,Phone,Billing,No motion alerts,Jonly Secure Subscription,iOS,Tier 1,Closed,992,0,1,4,0.44
9001199,JNL001199,CU90720,2025-06-29T14:00:00.000Z,North America,US,EN,Web Form,Functionality,Wrong item received,Jonly Cam Indoor,Android,Tier 1,Closed,180,0,1,3,-0.38
9001200,JNL001200,CU70039,2025-05-28T22:49:00.000Z,North America,US,EN,Phone,Shipping,False motion alerts,Jonly Doorbell Pro,iOS,Tier 1,Closed,1273,0,1,3,-0.27
9001201,JNL001201,CU15545,2025-06-02T13:51:00.000Z,North America,CA,EN,Phone,Functionality,Subscription not applied,Jonly Floodlight Max,iOS,Tier 1,Closed,1889,1,1,2,-0.83
9001202,JNL001202,CU73915,2025-05-24T16:28:00.000Z,Europe,GB,EN,Chat,Inquiry,Poor night vision,Jonly Hub Plus,iOS,Tier 1,Closed,899,0,1,5,0.87
9001203,JNL001203,CU94896,2025-05-17T09:36:00.000Z,North America,CA,NL,Email,Inquiry,Order not delivered,Jonly Hub Plus,Android,Tier 1,Closed,611,0,1,5,1.0
9001204,JNL001204,CU74156,2025-05-26T23:42:00.000Z,North America,CA,EN,Chat,Connectivity,Laggy live view,Jonly Cam Outdoor,Android,Tier 2,Escalated,648,1,1,3,0.0
9001205,JNL001205,CU49328,2025-06-18T03:38:00.000Z,Europe,GB,EN,Phone,Inquiry,Device will not pair,Jonly Hub Mini,Web,Tier 2,Closed,551,1,1,4,0.89
9001206,JNL001206,CU72178,2025-06-10T00:10:00.000Z,North America,US,EN,Phone,Connectivity,Camera offline,Jonly Cam Indoor,iOS,Tier 1,Closed,1006,2,1,3,-0.06
9001207,JNL001207,CU17970,2025-06-16T03:58:00.000Z,APAC,AU,EN,Chat,Inquiry,Camera offline,Jonly Cam Outdoor,Android,Tier 1,Closed,218,0,1,4,0.78
9001208,JNL001208,CU84115,2025-06-09T18:32:00.000Z,Europe,FR,EN,Web Form,Functionality,Doorbell not ringing,Jonly Hub Plus,Android,Tier 1,Escalated,263,1,0,4,0.54
9001209,JNL001209,CU93051,2025-05-05T22:34:00.000Z,North America,US,EN,Community,Billing,Laggy live view,Jonly Hub Mini,Web,Tier 1,Closed,622,0,1,5,1.0
9001210,JNL001210,CU76033,2025-07-23T08:58:00.000Z,North America,US,EN,Phone,Inquiry,Two-factor issues,Jonly Secure Subscription,iOS,Tier 2,Closed,1154,0,1,2,0.06
9001211,JNL001211,CU49727,2025-06-18T20:54:00.000Z,Europe,NL,EN,Chat,Inquiry,Charged twice,Jonly Secure Subscription,Web,Tier 1,Closed,957,0,1,5,1.0
9001212,JNL001212,CU91423,2025-05-17T02:30:00.000Z,North America,US,DE,Chat,Connectivity,Cannot login to app,Jonly Floodlight Max,Android,Tier 2,Closed,1333,2,1,4,0.69
9001213,JNL001213,CU42782,2025-06-12T14:25:00.000Z,APAC,AU,DE,Chat,Connectivity,Device will not pair,Jonly Hub Mini,Android,Tier 1,Escalated,1034,0,1,2,-0.55
9001214,JNL001214,CU60474,2025-06-19T15:34:00.000Z,Europe,GB,EN,Web Form,Inquiry,No motion alerts,Jonly Hub Mini,Android,Tier 1,Escalated,625,0,1,3,0.26
9001215,JNL001215,CU92628,2025-05-10T04:16:00.000Z,North America,US,DE,Phone,Shipping,Video not loading,Jonly Hub Plus,Android,Tier 1,Closed,1094,0,1,4,1.0
9001216,JNL001216,CU81236,2025-06-24T09:51:00.000Z,Europe,DE,FR,Web Form,Connectivity,Poor night vision,Jonly Cam Outdoor,Web,Tier 1,In Progress,849,0,1,4,0.37
9001217,JNL001217,CU22842,2025-07-23T08:11:00.000Z,North America,US,EN,Phone,Connectivity,Video not loading,Jonly Floodlight Max,Web,Tier 1,Closed,1672,1,1,5,1.0
9001218,JNL001218,CU51072,2025-07-07T10:55:00.000Z,North America,US,EN,Phone,Account,No motion alerts,Jonly Doorbell Pro,Other,Tier 1,Closed,573,0,1,1,-0.87
9001219,JNL001219,CU56631,2025-07-07T22:58:00.000Z,APAC,NZ,FR,Phone,Connectivity,Cannot login to app,Jonly Cam Outdoor,Web,Tier 1,Closed,1138,2,1,3,0.72
9001220,JNL001220,CU37605,2025-07-07T10:22:00.000Z,Europe,NL,EN,Email,Inquiry,Subscription not applied,Jonly Doorbell Pro,Other,Tier 1,Closed,941,0,1,4,-0.32
9001221,JNL001221,CU13597,2025-07-30T17:06:00.000Z,North America,CA,DE,Phone,Shipping,Wrong item received,Jonly Secure Subscription,iOS,Tier 1,Escalated,843,1,1,2,0.22
9001222,JNL001222,CU49419,2025-05-25T04:19:00.000Z,Europe,GB,DE,Email,Functionality,Video not loading,Jonly Cam Outdoor,Android,Tier 1,Closed,1336,0,1,4,0.41
9001223,JNL001223,CU12937,2025-06-22T03:58:00.000Z,North America,US,EN,Chat,Account,Cannot login to app,Jonly Doorbell Pro,iOS,Tier 1,Closed,646,0,1,4,0.58
9001224,JNL001224,CU39739,2025-07-16T14:22:00.000Z,North America,US,EN,Phone,Functionality,Cannot login to app,Jonly Doorbell Pro,Android,Tier 1,Closed,1468,2,1,3,0.03
9001225,JNL001225,CU94488,2025-07-31T07:55:00.000Z,North America,US,EN,Chat,Inquiry,Laggy live view,Jonly Cam Outdoor,Other,Tier 2,Closed,712,0,1,3,0.51
9001226,JNL001226,CU25875,2025-05-04T06:07:00.000Z,North America,CA,EN,Phone,Setup,Camera offline,Jonly Doorbell Pro,Android,Tier 1,Closed,180,0,1,4,0.26
9001227,JNL001227,CU29191,2025-05-03T09:16:00.000Z,North America,CA,DE,Phone,Functionality,False motion alerts,Jonly Floodlight Max,Other,Tier 2,Closed,627,0,1,2,-0.52
9001228,JNL001228,CU30475,2025-07-07T13:15:00.000Z,Europe,FR,DE,Email,Account,Doorbell not ringing,Jonly Cam Indoor,iOS,Tier 2,Closed,465,0,1,4,0.54
9001229,JNL001229,CU72152,2025-07-25T05:19:00.000Z,North America,US,EN,Email,Connectivity,Audio one-way only,Jonly Secure Subscription,iOS,Tier 1,Closed,792,0,1,4,0.8
9001230,JNL001230,CU44482,2025-05-31T20:21:00.000Z,North America,US,FR,Email,Inquiry,Wrong item received,Jonly Hub Plus,Web,Tier 1,Closed,909,0,1,3,-0.02
9001231,JNL001231,CU95073,2025-06-30T05:39:00.000Z,North America,US,DE,Phone,Account,Wrong item received,Jonly Doorbell Pro,iOS,Tier 2,In Progress,1586,0,1,3,-0.31
9001232,JNL001232,CU99245,2025-07-05T04:51:00.000Z,North America,US,EN,Phone,Inquiry,Doorbell not ringing,Jonly Floodlight Max,iOS,Tier 1,Closed,664,0,0,3,-0.06
9001233,JNL001233,CU54658,2025-06-28T09:26:00.000Z,APAC,NZ,EN,Web Form,Functionality,Laggy live view,Jonly Cam Indoor,Android,Tier 1,Escalated,1061,0,1,5,1.0
9001234,JNL001234,CU78238,2025-06-24T00:14:00.000Z,North America,CA,EN,Chat,Functionality,Poor night vision,Jonly Hub Mini,Web,Tier 1,Escalated,780,0,1,5,1.0
9001235,JNL001235,CU57727,2025-06-01T19:47:00.000Z,North America,US,NL,Chat,Setup,Video not loading,Jonly Cam Outdoor,Android,Tier 1,Closed,791,0,1,3,-0.24
9001236,JNL001236,CU15722,2025-07-10T09:04:00.000Z,North America,US,EN,Phone,Setup,Poor night vision,Jonly Hub Plus,Android,Tier 2,Closed,1142,0,1,3,0.21
9001237,JNL001237,CU50013,2025-05-13T21:57:00.000Z,Europe,FR,EN,Phone,Connectivity,Subscription not applied,Jonly Cam Indoor,iOS,Tier 1,Closed,864,1,0,2,-0.81
9001238,JNL001238,CU72661,2025-06-04T12:56:00.000Z,Europe,DE,EN,Email,Setup,Charged twice,Jonly Floodlight Max,iOS,Tier 2,Closed,748,1,1,4,0.72
9001239,JNL001239,CU51111,2025-05-25T11:23:00.000Z,Europe,GB,EN,Chat,Inquiry,No motion alerts,Jonly Secure Subscription,Android,Escalation,Closed,566,0,1,2,0.0
9001240,JNL001240,CU93780,2025-05-01T17:53:00.000Z,North America,CA,DE,Phone,Billing,Poor night vision,Jonly Hub Plus,Android,Tier 1,In Progress,180,1,1,4,0.34
9001241,JNL001241,CU80802,2025-05-28T20:28:00.000Z,North America,CA,EN,Chat,Connectivity,Audio one-way only,Jonly Secure Subscription,iOS,Tier 1,Closed,1056,0,1,2,-0.4
9001242,JNL001242,CU59461,2025-06-13T00:06:00.000Z,North America,US,DE,Web Form,Functionality,Laggy live view,Jonly Cam Indoor,iOS,Tier 1,Closed,943,0,1,3,0.44
9001243,JNL001243,CU41397,2025-05-26T05:46:00.000Z,North America,US,EN,Chat,Connectivity,Subscription not applied,Jonly Hub Mini,iOS,Tier 1,Closed,1028,1,1,4,0.18
9001244,JNL001244,CU86453,2025-07-07T03:39:00.000Z,North America,CA,EN,Community,Inquiry,No motion alerts,Jonly Cam Indoor,Android,Tier 1,Closed,376,2,1,4,0.24
9001245,JNL001245,CU70188,2025-07-25T13:17:00.000Z,North America,US,DE,Phone,Account,Camera offline,Jonly Floodlight Max,Android,Tier 2,Closed,1358,0,1,4,0.25
9001246,JNL001246,CU61796,2025-06-10T16:12:00.000Z,North America,CA,EN,Phone,Functionality,Laggy live view,Jonly Hub Plus,Android,Tier 2,Escalated,779,0,1,5,0.47
9001247,JNL001247,CU11376,2025-05-04T03:52:00.000Z,North America,CA,EN,Email,Account,Audio one-way only,Jonly Cam Outdoor,Other,Tier 2,Escalated,688,0,1,4,0.43
9001248,JNL001248,CU70941,2025-06-22T11:04:00.000Z,North America,US,EN,Web Form,Connectivity,Laggy live view,Jonly Cam Outdoor,Android,Tier 1,Closed,180,0,1,2,-0.69
9001249,JNL001249,CU68548,2025-05-22T21:11:00.000Z,APAC,NZ,FR,Chat,Setup,Video not loading,Jonly Cam Indoor,iOS,Tier 1,Closed,793,1,0,5,0.89
9001250,JNL001250,CU63845,2025-07-26T07:53:00.000Z,Europe,FR,EN,Phone,Inquiry,Doorbell not ringing,Jonly Hub Mini,Web,Tier 1,Closed,961,0,1,3,0.09
9001251,JNL001251,CU81180,2025-06-03T10:22:00.000Z,North America,US,EN,Chat,Connectivity,No motion alerts,Jonly Hub Mini,iOS,Tier 1,Closed,943,0,1,4,1.0
9001252,JNL001252,CU93053,2025-06-29T06:19:00.000Z,North America,CA,DE,Phone,Billing,Audio one-way only,Jonly Hub Mini,iOS,Tier 2,Closed,1610,1,0,5,0.75
9001253,JNL001253,CU84992,2025-06-05T15:47:00.000Z,North America,CA,DE,Phone,Functionality,Doorbell not ringing,Jonly Hub Plus,iOS,Tier 2,Escalated,881,0,1,3,-0.49
9001254,JNL001254,CU37439,2025-07-06T00:13:00.000Z,Europe,FR,EN,Web Form,Functionality,Laggy live view,Jonly Cam Indoor,Android,Tier 1,Closed,1198,0,1,5,1.0
9001255,JNL001255,CU70599,2025-05-30T17:35:00.000Z,Europe,DE,FR,Web Form,Connectivity,Cannot login to app,Jonly Cam Outdoor,iOS,Tier 2,Closed,882,3,1,2,0.08
9001256,JNL001256,CU62605,2025-07-22T12:01:00.000Z,North America,US,EN,Phone,Shipping,Camera offline,Jonly Floodlight Max,iOS,Tier 1,In Progress,1624,0,1,4,0.05
9001257,JNL001257,CU84658,2025-05-25T03:07:00.000Z,North America,CA,EN,Phone,Billing,Audio one-way only,Jonly Floodlight Max,iOS,Tier 1,Closed,682,1,1,3,-0.1
9001258,JNL001258,CU29988,2025-06-11T01:24:00.000Z,North America,US,EN,Phone,Billing,Subscription not applied,Jonly Secure Subscription,Web,Tier 2,Closed,933,0,1,3,-0.75
9001259,JNL001259,CU16315,2025-06-29T16:24:00.000Z,Europe,GB,EN,Chat,Account,Two-factor issues,Jonly Floodlight Max,Android,Tier 1,Closed,1186,0,0,4,0.58
9001260,JNL001260,CU54519,2025-05-11T16:16:00.000Z,Europe,GB,EN,Web Form,Billing,Order not delivered,Jonly Doorbell Pro,iOS,Tier 2,Closed,545,1,1,5,1.0
9001261,JNL001261,CU68894,2025-05-28T05:17:00.000Z,Europe,GB,EN,Chat,Inquiry,Wrong item received,Jonly Cam Outdoor,Android,Tier 1,Closed,1442,0,1,4,0.69
9001262,JNL001262,CU84264,2025-05-14T09:51:00.000Z,North America,US,EN,Phone,Account,Laggy live view,Jonly Hub Plus,iOS,Tier 1,Closed,653,1,1,3,-0.31
9001263,JNL001263,CU94347,2025-05-28T13:13:00.000Z,Europe,DE,EN,Email,Inquiry,Cannot login to app,Jonly Floodlight Max,Android,Tier 2,In Progress,613,0,1,4,0.42
9001264,JNL001264,CU93685,2025-05-09T04:04:00.000Z,North America,CA,EN,Phone,Setup,Camera offline,Jonly Hub Plus,iOS,Tier 1,Closed,1080,3,1,2,-0.45
9001265,JNL001265,CU53937,2025-06-13T07:31:00.000Z,Europe,DE,EN,Phone,Connectivity,Order not delivered,Jonly Secure Subscription,Android,Tier 1,Closed,1129,0,1,2,-0.32
9001266,JNL001266,CU25411,2025-07-10T23:12:00.000Z,Europe,GB,EN,Chat,Inquiry,False motion alerts,Jonly Hub Mini,Android,Tier 2,Closed,1342,1,1,2,0.21
9001267,JNL001267,CU54660,2025-06-19T10:57:00.000Z,North America,US,EN,Phone,Billing,Doorbell not ringing,Jonly Cam Outdoor,iOS,Tier 1,Closed,724,0,1,4,0.3
9001268,JNL001268,CU11706,2025-05-29T05:43:00.000Z,North America,CA,EN,Phone,Shipping,False motion alerts,Jonly Hub Mini,Android,Tier 1,Closed,692,1,0,4,0.55
9001269,JNL001269,CU22192,2025-05-02T15:48:00.000Z,North America,US,EN,Chat,Shipping,Audio one-way only,Jonly Hub Plus,Web,Tier 1,Escalated,490,0,1,3,0.04
9001270,JNL001270,CU53863,2025-07-07T13:04:00.000Z,APAC,AU,FR,Chat,Connectivity,Video not loading,Jonly Cam Outdoor,Web,Tier 1,Closed,1063,0,1,5,0.72
9001271,JNL001271,CU73145,2025-07-04T01:18:00.000Z,APAC,NZ,EN,Phone,Functionality,Order not delivered,Jonly Doorbell Pro,Web,Tier 1,Escalated,1757,0,1,5,0.73
9001272,JNL001272,CU54934,2025-06-28T08:43:00.000Z,North America,US,EN,Email,Connectivity,No motion alerts,Jonly Secure Subscription,iOS,Tier 1,Closed,904,0,1,3,-0.29
9001273,JNL001273,CU77270,2025-06-14T21:58:00.000Z,APAC,SG,DE,Email,Inquiry,Device will not pair,Jonly Floodlight Max,iOS,Tier 1,In Progress,778,1,1,4,0.82
9001274,JNL001274,CU75526,2025-06-08T04:56:00.000Z,North America,CA,EN,Phone,Functionality,Doorbell not ringing,Jonly Hub Mini,iOS,Tier 1,Escalated,1623,0,1,5,1.0
9001275,JNL001275,CU91362,2025-05-03T22:50:00.000Z,North America,CA,EN,Chat,Account,Two-factor issues,Jonly Floodlight Max,Android,Tier 2,Closed,1021,0,1,4,0.33
9001276,JNL001276,CU48164,2025-07-03T01:16:00.000Z,Europe,DE,EN,Chat,Functionality,Charged twice,Jonly Hub Plus,Android,Tier 1,Closed,877,1,1,3,-0.11
9001277,JNL001277,CU18276,2025-06-19T22:05:00.000Z,Europe,GB,EN,Phone,Inquiry,Wrong item received,Jonly Floodlight Max,iOS,Tier 1,Closed,1043,0,1,4,0.06
9001278,JNL001278,CU45743,2025-07-08T21:05:00.000Z,North America,US,EN,Phone,Connectivity,Order not delivered,Jonly Doorbell Pro,iOS,Tier 1,Closed,666,0,1,2,-0.57
9001279,JNL001279,CU37241,2025-05-11T09:40:00.000Z,North America,US,EN,Chat,Functionality,Doorbell not ringing,Jonly Hub Plus,iOS,Tier 1,Closed,1700,0,1,5,0.92
9001280,JNL001280,CU78651,2025-06-29T21:30:00.000Z,North America,CA,EN,Community,Functionality,Order not delivered,Jonly Secure Subscription,iOS,Tier 1,Closed,715,1,1,5,1.0
9001281,JNL001281,CU25944,2025-05-18T02:56:00.000Z,APAC,SG,EN,Chat,Connectivity,Wrong item received,Jonly Cam Indoor,Android,Tier 1,Closed,1047,0,1,4,0.54
9001282,JNL001282,CU36821,2025-05-24T13:40:00.000Z,APAC,AU,NL,Chat,Connectivity,Doorbell not ringing,Jonly Hub Plus,iOS,Tier 1,Closed,1258,1,1,4,1.0
9001283,JNL001283,CU64992,2025-07-12T21:17:00.000Z,Europe,FR,EN,Web Form,Account,Camera offline,Jonly Cam Indoor,Web,Tier 1,Closed,852,0,1,3,-0.6
9001284,JNL001284,CU42161,2025-07-21T21:18:00.000Z,Europe,FR,EN,Web Form,Inquiry,Video not loading,Jonly Doorbell Pro,iOS,Tier 1,Closed,520,0,1,1,-0.94
9001285,JNL001285,CU66480,2025-06-22T16:51:00.000Z,Europe,GB,EN,Phone,Account,Subscription not applied,Jonly Floodlight Max,Android,Escalation,Closed,180,1,1,3,0.08
9001286,JNL001286,CU92266,2025-07-16T05:04:00.000Z,APAC,NZ,FR,Phone,Functionality,Subscription not applied,Jonly Secure Subscription,Web,Tier 1,Closed,1308,0,1,1,-0.71
9001287,JNL001287,CU83350,2025-07-04T22:12:00.000Z,North America,CA,EN,Web Form,Connectivity,Device will not pair,Jonly Hub Plus,iOS,Tier 2,Closed,1025,0,1,2,-0.47
9001288,JNL001288,CU47553,2025-07-02T17:29:00.000Z,North America,CA,DE,Phone,Setup,Audio one-way only,Jonly Hub Plus,iOS,Tier 1,Closed,1577,1,1,5,1.0
9001289,JNL001289,CU34145,2025-07-03T06:15:00.000Z,North America,CA,EN,Chat,Connectivity,Two-factor issues,Jonly Doorbell Pro,iOS,Escalation,Closed,352,2,0,4,0.07
9001290,JNL001290,CU18952,2025-06-13T07:41:00.000Z,North America,US,FR,Chat,Billing,Doorbell not ringing,Jonly Hub Mini,Android,Tier 2,Closed,1180,2,1,2,-0.77
9001291,JNL001291,CU31347,2025-05-24T18:46:00.000Z,North America,CA,EN,Phone,Billing,Poor night vision,Jonly Hub Mini,Android,Tier 1,Closed,609,1,1,5,0.9
9001292,JNL001292,CU82403,2025-06-29T23:26:00.000Z,North America,CA,EN,Phone,Functionality,Charged twice,Jonly Secure Subscription,Web,Tier 1,Closed,796,0,1,5,0.84
9001293,JNL001293,CU69350,2025-06-02T13:31:00.000Z,North America,US,FR,Email,Functionality,False motion alerts,Jonly Secure Subscription,iOS,Tier 2,Closed,300,0,1,5,1.0
9001294,JNL001294,CU90096,2025-06-14T15:48:00.000Z,North America,CA,EN,Phone,Connectivity,Wrong item received,Jonly Hub Plus,iOS,Tier 1,Escalated,797,1,0,4,1.0
9001295,JNL001295,CU11308,2025-06-24T02:23:00.000Z,North America,CA,EN,Email,Billing,False motion alerts,Jonly Doorbell Pro,iOS,Tier 1,Closed,674,0,1,5,1.0
9001296,JNL001296,CU22503,2025-05-09T17:29:00.000Z,Europe,FR,EN,Email,Functionality,Laggy live view,Jonly Hub Plus,Web,Tier 1,Closed,870,1,1,5,0.59
9001297,JNL001297,CU50436,2025-06-10T16:24:00.000Z,Europe,FR,DE,Community,Billing,Order not delivered,Jonly Doorbell Pro,iOS,Tier 1,Closed,882,1,1,3,-0.13
9001298,JNL001298,CU10569,2025-05-20T18:29:00.000Z,North America,US,EN,Chat,Functionality,Cannot login to app,Jonly Cam Outdoor,Android,Tier 1,Closed,857,0,1,5,1.0
9001299,JNL001299,CU86626,2025-05-20T16:49:00.000Z,North America,CA,EN,Chat,Connectivity,Camera offline,Jonly Hub Plus,iOS,Tier 1,Closed,1260,0,1,5,0.69
9001300,JNL001300,CU63620,2025-07-03T11:56:00.000Z,North America,US,DE,Phone,Functionality,Camera offline,Jonly Cam Indoor,iOS,Tier 1,Escalated,1571,1,1,3,0.37
9001301,JNL001301,CU57846,2025-06-06T23:21:00.000Z,North America,CA,EN,Chat,Shipping,Audio one-way only,Jonly Hub Plus,Android,Tier 2,Closed,633,1,1,3,0.47
9001302,JNL001302,CU67393,2025-06-11T14:14:00.000Z,North America,US,EN,Chat,Inquiry,Audio one-way only,Jonly Floodlight Max,Web,Tier 2,In Progress,1124,1,1,4,1.0
9001303,JNL001303,CU68531,2025-06-10T03:17:00.000Z,North America,CA,NL,Web Form,Connectivity,Two-factor issues,Jonly Cam Outdoor,iOS,Tier 2,Closed,308,2,1,5,0.32
9001304,JNL001304,CU26620,2025-07-13T19:11:00.000Z,APAC,SG,EN,Chat,Connectivity,Two-factor issues,Jonly Hub Mini,Android,Tier 1,Closed,1018,0,0,1,-0.96
9001305,JNL001305,CU96555,2025-05-05T14:10:00.000Z,APAC,NZ,EN,Phone,Billing,Subscription not applied,Jonly Cam Outdoor,Android,Tier 1,Closed,1967,0,1,2,-0.42
9001306,JNL001306,CU51726,2025-05-05T18:12:00.000Z,North America,CA,EN,Email,Functionality,Poor night vision,Jonly Doorbell Pro,iOS,Tier 2,Closed,893,0,1,4,0.82
9001307,JNL001307,CU76491,2025-05-17T21:49:00.000Z,Europe,DE,EN,Phone,Billing,No motion alerts,Jonly Secure Subscription,iOS,Tier 1,Closed,1408,1,0,5,1.0
9001308,JNL001308,CU93326,2025-06-06T06:18:00.000Z,Europe,NL,EN,Email,Billing,Order not delivered,Jonly Hub Mini,iOS,Tier 2,Closed,180,2,1,4,1.0
9001309,JNL001309,CU56631,2025-05-18T18:50:00.000Z,North America,US,EN,Phone,Inquiry,Subscription not applied,Jonly Hub Plus,Android,Tier 1,Closed,720,0,1,4,0.54
9001310,JNL001310,CU16042,2025-06-10T00:33:00.000Z,North America,US,EN,Phone,Billing,No motion alerts,Jonly Hub Plus,Android,Tier 1,Closed,1112,2,1,4,0.72
9001311,JNL001311,CU27727,2025-06-15T12:03:00.000Z,APAC,AU,DE,Phone,Inquiry,Doorbell not ringing,Jonly Cam Outdoor,iOS,Tier 1,Escalated,1562,1,1,5,0.13
9001312,JNL001312,CU33598,2025-05-27T03:18:00.000Z,North America,CA,EN,Phone,Connectivity,Laggy live view,Jonly Secure Subscription,Android,Tier 2,Closed,1569,0,1,5,1.0
9001313,JNL001313,CU45539,2025-05-15T11:45:00.000Z,North America,CA,EN,Phone,Shipping,Wrong item received,Jonly Cam Outdoor,Other,Tier 1,Closed,846,0,1,5,1.0
9001314,JNL001314,CU67855,2025-07-16T07:53:00.000Z,North America,CA,EN,Phone,Setup,No motion alerts,Jonly Cam Indoor,Other,Tier 1,Escalated,1082,2,1,3,0.51
9001315,JNL001315,CU11917,2025-05-24T03:35:00.000Z,North America,US,EN,Phone,Account,Doorbell not ringing,Jonly Cam Indoor,Android,Tier 1,Closed,1385,0,1,4,0.41
9001316,JNL001316,CU19986,2025-06-13T13:34:00.000Z,North America,CA,EN,Email,Account,Subscription not applied,Jonly Cam Outdoor,iOS,Tier 2,Closed,1033,0,1,3,0.5
9001317,JNL001317,CU50661,2025-07-26T05:31:00.000Z,North America,US,FR,Web Form,Billing,Subscription not applied,Jonly Secure Subscription,Android,Tier 2,Closed,754,0,1,5,1.0
9001318,JNL001318,CU83839,2025-07-12T10:47:00.000Z,APAC,AU,EN,Phone,Inquiry,Wrong item received,Jonly Secure Subscription,Android,Tier 1,Closed,1382,0,1,5,1.0
9001319,JNL001319,CU35364,2025-05-22T18:28:00.000Z,North America,US,NL,Chat,Connectivity,Charged twice,Jonly Doorbell Pro,Web,Tier 1,Closed,1163,1,0,4,0.25
9001320,JNL001320,CU82408,2025-07-22T07:20:00.000Z,Europe,DE,DE,Community,Setup,Two-factor issues,Jonly Cam Outdoor,iOS,Tier 1,In Progress,525,0,1,4,0.47
9001321,JNL001321,CU11351,2025-05-02T16:19:00.000Z,North America,US,DE,Email,Inquiry,Laggy live view,Jonly Cam Outdoor,iOS,Tier 1,Closed,349,1,0,4,1.0
9001322,JNL001322,CU79981,2025-05-11T02:48:00.000Z,North America,CA,NL,Chat,Inquiry,Laggy live view,Jonly Cam Indoor,iOS,Escalation,Closed,794,1,1,2,-0.37
9001323,JNL001323,CU85301,2025-05-12T13:17:00.000Z,Europe,GB,EN,Phone,Setup,Order not delivered,Jonly Floodlight Max,iOS,Tier 1,Escalated,1274,0,1,5,0.49
9001324,JNL001324,CU70119,2025-05-02T08:07:00.000Z,APAC,NZ,EN,Chat,Connectivity,Poor night vision,Jonly Floodlight Max,Android,Tier 2,Closed,655,0,1,5,1.0
9001325,JNL001325,CU18172,2025-06-04T12:41:00.000Z,Europe,GB,EN,Community,Billing,Order not delivered,Jonly Hub Mini,iOS,Tier 2,Escalated,567,1,0,2,-0.92
9001326,JNL001326,CU83859,2025-06-07T08:01:00.000Z,Europe,NL,EN,Email,Functionality,Doorbell not ringing,Jonly Cam Indoor,iOS,Tier 1,Closed,434,0,1,5,1.0
9001327,JNL001327,CU25671,2025-06-18T14:01:00.000Z,North America,US,DE,Phone,Inquiry,Order not delivered,Jonly Secure Subscription,iOS,Tier 1,Closed,1385,0,1,5,0.57
9001328,JNL001328,CU56782,2025-06-18T19:07:00.000Z,Europe,DE,DE,Phone,Functionality,False motion alerts,Jonly Cam Indoor,iOS,Tier 1,Closed,589,0,1,3,0.75
9001329,JNL001329,CU43347,2025-05-02T16:01:00.000Z,Europe,GB,EN,Phone,Functionality,Subscription not applied,Jonly Cam Indoor,iOS,Escalation,Closed,735,0,1,5,0.82
9001330,JNL001330,CU79027,2025-07-29T11:13:00.000Z,North America,CA,DE,Web Form,Functionality,Doorbell not ringing,Jonly Cam Outdoor,iOS,Tier 1,Closed,1221,0,1,5,1.0
9001331,JNL001331,CU71930,2025-06-30T06:09:00.000Z,Europe,DE,DE,Chat,Billing,Poor night vision,Jonly Hub Plus,Android,Tier 1,Closed,1683,1,0,4,-0.2
9001332,JNL001332,CU31485,2025-06-10T23:02:00.000Z,Europe,NL,DE,Phone,Inquiry,Laggy live view,Jonly Cam Outdoor,Android,Tier 1,Escalated,1048,0,1,1,-1.0
9001333,JNL001333,CU60011,2025-07-09T13:18:00.000Z,North America,US,EN,Chat,Inquiry,No motion alerts,Jonly Cam Outdoor,Android,Tier 1,Closed,674,1,1,5,1.0
9001334,JNL001334,CU88796,2025-07-31T18:27:00.000Z,North America,CA,EN,Chat,Billing,Wrong item received,Jonly Cam Outdoor,Web,Tier 1,Escalated,808,1,1,4,1.0
9001335,JNL001335,CU19886,2025-07-21T22:59:00.000Z,APAC,SG,EN,Email,Billing,Wrong item received,Jonly Secure Subscription,Android,Tier 2,Closed,305,0,1,4,0.69
9001336,JNL001336,CU50962,2025-06-15T02:16:00.000Z,Europe,DE,EN,Phone,Functionality,False motion alerts,Jonly Secure Subscription,Android,Tier 1,Escalated,937,0,0,5,1.0
9001337,JNL001337,CU30970,2025-06-15T22:33:00.000Z,North America,US,EN,Phone,Shipping,False motion alerts,Jonly Hub Mini,iOS,Tier 1,In Progress,1002,0,1,3,0.31
9001338,JNL001338,CU27118,2025-05-07T16:28:00.000Z,North America,CA,EN,Email,Inquiry,Audio one-way only,Jonly Cam Indoor,Android,Tier 1,Closed,606,0,1,2,-0.87
9001339,JNL001339,CU15944,2025-05-31T12:49:00.000Z,Europe,GB,DE,Phone,Shipping,Camera offline,Jonly Hub Mini,Android,Tier 1,Closed,331,1,1,1,-0.59
9001340,JNL001340,CU74819,2025-07-01T07:48:00.000Z,APAC,SG,EN,Phone,Functionality,Laggy live view,Jonly Hub Plus,iOS,Tier 2,Closed,1875,0,1,4,0.7
9001341,JNL001341,CU30640,2025-05-25T13:14:00.000Z,APAC,AU,DE,Web Form,Inquiry,Device will not pair,Jonly Hub Plus,Android,Tier 1,Escalated,771,0,1,5,0.87
9001342,JNL001342,CU81094,2025-06-21T17:12:00.000Z,North America,CA,NL,Phone,Connectivity,Audio one-way only,Jonly Floodlight Max,Android,Escalation,Closed,668,2,1,2,0.39
9001343,JNL001343,CU68760,2025-05-25T01:07:00.000Z,APAC,NZ,FR,Email,Inquiry,Doorbell not ringing,Jonly Floodlight Max,Android,Tier 1,Closed,998,0,1,2,-0.8
9001344,JNL001344,CU20900,2025-07-06T22:00:00.000Z,North America,CA,DE,Web Form,Inquiry,Doorbell not ringing,Jonly Cam Indoor,Android,Tier 1,Closed,638,0,1,5,1.0
9001345,JNL001345,CU68704,2025-06-23T01:47:00.000Z,North America,US,EN,Phone,Account,Camera offline,Jonly Hub Plus,iOS,Tier 1,Closed,936,0,1,4,0.74
9001346,JNL001346,CU60546,2025-06-18T19:00:00.000Z,North America,US,EN,Email,Account,Two-factor issues,Jonly Doorbell Pro,iOS,Tier 1,Closed,769,1,1,5,1.0
9001347,JNL001347,CU55609,2025-05-05T08:44:00.000Z,APAC,NZ,DE,Chat,Account,Cannot login to app,Jonly Doorbell Pro,iOS,Escalation,Closed,1241,0,1,5,0.9
9001348,JNL001348,CU93084,2025-07-12T00:23:00.000Z,Europe,NL,EN,Web Form,Functionality,Device will not pair,Jonly Hub Plus,Android,Tier 1,Closed,934,0,1,5,0.76
9001349,JNL001349,CU38544,2025-05-12T18:32:00.000Z,Europe,DE,FR,Chat,Billing,Poor night vision,Jonly Doorbell Pro,iOS,Tier 1,Closed,846,0,1,4,0.34
9001350,JNL001350,CU64489,2025-06-20T02:06:00.000Z,Europe,GB,EN,Email,Inquiry,Two-factor issues,Jonly Floodlight Max,Android,Tier 1,Closed,1071,0,1,4,0.85
9001351,JNL001351,CU69108,2025-07-24T22:14:00.000Z,North America,US,NL,Phone,Functionality,Poor night vision,Jonly Hub Mini,iOS,Tier 2,Closed,1373,1,1,5,1.0
9001352,JNL001352,CU55022,2025-07-13T14:50:00.000Z,Europe,FR,NL,Chat,Billing,Wrong item received,Jonly Doorbell Pro,iOS,Tier 1,Escalated,1569,0,1,1,-1.0
9001353,JNL001353,CU30172,2025-06-03T22:44:00.000Z,North America,CA,EN,Web Form,Setup,Device will not pair,Jonly Cam Outdoor,Android,Tier 1,Closed,486,1,1,4,0.9
9001354,JNL001354,CU34250,2025-05-22T07:39:00.000Z,APAC,AU,EN,Phone,Connectivity,Order not delivered,Jonly Floodlight Max,iOS,Tier 2,Escalated,1139,1,1,5,0.81
9001355,JNL001355,CU86659,2025-05-18T13:12:00.000Z,APAC,SG,EN,Phone,Inquiry,Order not delivered,Jonly Cam Indoor,iOS,Tier 2,Closed,1419,0,1,4,0.37
9001356,JNL001356,CU65069,2025-05-28T16:52:00.000Z,Europe,NL,EN,Chat,Connectivity,Device will not pair,Jonly Secure Subscription,Android,Tier 1,Closed,754,1,1,4,0.78
9001357,JNL001357,CU30767,2025-05-23T15:14:00.000Z,Europe,DE,NL,Email,Functionality,Device will not pair,Jonly Floodlight Max,iOS,Tier 1,Closed,617,0,1,3,-0.18
9001358,JNL001358,CU63292,2025-06-22T18:11:00.000Z,North America,CA,EN,Phone,Setup,Video not loading,Jonly Floodlight Max,Android,Tier 2,Closed,1626,2,1,2,-0.18
9001359,JNL001359,CU94955,2025-07-31T08:05:00.000Z,APAC,SG,EN,Phone,Connectivity,False motion alerts,Jonly Floodlight Max,iOS,Tier 1,Closed,465,2,1,4,0.65
9001360,JNL001360,CU65017,2025-05-17T22:52:00.000Z,North America,CA,EN,Phone,Inquiry,False motion alerts,Jonly Cam Outdoor,Android,Tier 1,Closed,653,0,1,3,0.44
9001361,JNL001361,CU75963,2025-05-20T20:42:00.000Z,APAC,AU,EN,Chat,Connectivity,Laggy live view,Jonly Secure Subscription,iOS,Escalation,Closed,407,1,1,5,1.0
9001362,JNL001362,CU23542,2025-06-04T06:42:00.000Z,Europe,NL,EN,Chat,Connectivity,No motion alerts,Jonly Doorbell Pro,Android,Tier 1,Closed,1182,0,1,3,-0.28
9001363,JNL001363,CU19260,2025-06-03T02:33:00.000Z,North America,CA,DE,Phone,Billing,No motion alerts,Jonly Hub Plus,Android,Tier 1,Closed,652,0,1,3,-0.47
9001364,JNL001364,CU31283,2025-05-14T00:37:00.000Z,Europe,FR,EN,Email,Connectivity,Charged twice,Jonly Floodlight Max,iOS,Tier 2,Closed,560,0,1,2,-0.27
9001365,JNL001365,CU73843,2025-05-28T07:56:00.000Z,North America,CA,EN,Phone,Connectivity,False motion alerts,Jonly Hub Mini,Other,Tier 1,Closed,777,0,1,5,1.0
9001366,JNL001366,CU18734,2025-06-18T04:50:00.000Z,Europe,GB,EN,Phone,Connectivity,Doorbell not ringing,Jonly Cam Outdoor,Android,Tier 1,In Progress,1496,2,1,4,0.15
9001367,JNL001367,CU64629,2025-05-06T21:03:00.000Z,North America,US,EN,Email,Connectivity,Wrong item received,Jonly Hub Mini,Android,Tier 1,Closed,908,0,1,5,0.66
9001368,JNL001368,CU31865,2025-06-28T10:46:00.000Z,North America,US,EN,Phone,Functionality,Doorbell not ringing,Jonly Secure Subscription,Android,Tier 2,Closed,817,0,1,2,-0.13
9001369,JNL001369,CU23561,2025-07-30T18:00:00.000Z,North America,CA,EN,Chat,Inquiry,No motion alerts,Jonly Hub Mini,Web,Tier 1,Closed,1236,0,1,5,0.82
9001370,JNL001370,CU41742,2025-06-26T23:28:00.000Z,Europe,DE,EN,Email,Functionality,Device will not pair,Jonly Secure Subscription,Android,Tier 2,Closed,925,0,1,3,-0.4
9001371,JNL001371,CU80425,2025-05-13T21:21:00.000Z,Europe,DE,EN,Email,Functionality,Audio one-way only,Jonly Cam Indoor,iOS,Tier 1,Escalated,954,0,1,5,1.0
9001372,JNL001372,CU93452,2025-07-28T21:02:00.000Z,North America,CA,EN,Chat,Functionality,Camera offline,Jonly Floodlight Max,Other,Tier 1,Closed,1451,1,1,4,0.98
9001373,JNL001373,CU97409,2025-05-13T03:47:00.000Z,Europe,GB,FR,Phone,Inquiry,Subscription not applied,Jonly Floodlight Max,iOS,Tier 2,Closed,774,0,1,4,1.0
9001374,JNL001374,CU38622,2025-06-29T17:44:00.000Z,North America,US,EN,Phone,Functionality,Cannot login to app,Jonly Cam Outdoor,iOS,Escalation,Closed,1166,2,1,4,0.58
9001375,JNL001375,CU74875,2025-06-02T23:30:00.000Z,North America,US,EN,Phone,Account,Cannot login to app,Jonly Cam Indoor,iOS,Tier 2,Closed,1473,0,1,5,1.0
9001376,JNL001376,CU27858,2025-06-23T18:57:00.000Z,North America,US,EN,Chat,Functionality,Video not loading,Jonly Cam Indoor,iOS,Tier 1,Escalated,767,1,1,4,0.52
9001377,JNL001377,CU96064,2025-05-03T01:53:00.000Z,North America,CA,EN,Email,Inquiry,Camera offline,Jonly Doorbell Pro,Web,Tier 1,In Progress,764,0,1,4,0.74
9001378,JNL001378,CU51624,2025-06-25T04:38:00.000Z,Europe,DE,EN,Web Form,Setup,Video not loading,Jonly Hub Mini,Android,Tier 1,Closed,491,0,1,4,0.65
9001379,JNL001379,CU86640,2025-06-27T11:54:00.000Z,North America,US,EN,Phone,Setup,Device will not pair,Jonly Cam Outdoor,Web,Tier 2,Escalated,877,1,1,5,1.0
9001380,JNL001380,CU21652,2025-07-29T00:42:00.000Z,North America,CA,EN,Web Form,Connectivity,Device will not pair,Jonly Cam Indoor,iOS,Tier 2,Closed,1251,1,1,3,-0.01
9001381,JNL001381,CU55018,2025-05-08T13:38:00.000Z,North America,US,DE,Phone,Account,Audio one-way only,Jonly Cam Outdoor,iOS,Tier 1,Closed,1627,1,1,4,0.29
9001382,JNL001382,CU98557,2025-05-08T09:35:00.000Z,North America,CA,EN,Chat,Inquiry,Subscription not applied,Jonly Hub Mini,iOS,Tier 1,In Progress,1038,0,1,2,-1.0
9001383,JNL001383,CU55907,2025-05-04T09:29:00.000Z,Europe,NL,DE,Chat,Shipping,Charged twice,Jonly Hub Plus,Android,Escalation,Closed,939,2,1,1,-0.51
9001384,JNL001384,CU10098,2025-07-09T01:06:00.000Z,North America,US,FR,Chat,Functionality,Wrong item received,Jonly Cam Outdoor,iOS,Tier 1,Closed,309,1,1,5,0.99
9001385,JNL001385,CU44481,2025-06-28T02:26:00.000Z,Europe,DE,FR,Email,Connectivity,Laggy live view,Jonly Floodlight Max,Android,Tier 2,In Progress,791,2,1,2,-0.24
9001386,JNL001386,CU69555,2025-07-15T15:31:00.000Z,APAC,SG,EN,Phone,Connectivity,Order not delivered,Jonly Hub Plus,Web,Escalation,In Progress,727,1,1,4,0.6
9001387,JNL001387,CU66567,2025-05-05T18:40:00.000Z,North America,CA,NL,Phone,Inquiry,Laggy live view,Jonly Floodlight Max,Android,Tier 1,Escalated,1034,0,1,5,1.0
9001388,JNL001388,CU88128,2025-05-13T12:08:00.000Z,Europe,FR,EN,Phone,Setup,False motion alerts,Jonly Cam Outdoor,Web,Tier 1,Closed,744,0,1,4,0.39
9001389,JNL001389,CU80136,2025-05-06T17:05:00.000Z,North America,US,EN,Chat,Connectivity,False motion alerts,Jonly Cam Indoor,Web,Tier 2,Escalated,942,0,1,4,0.31
9001390,JNL001390,CU93990,2025-05-15T01:31:00.000Z,Europe,NL,EN,Phone,Inquiry,Two-factor issues,Jonly Floodlight Max,Android,Tier 2,Closed,1354,0,1,3,-0.17
9001391,JNL001391,CU17814,2025-06-02T15:05:00.000Z,North America,US,EN,Phone,Billing,Video not loading,Jonly Hub Plus,iOS,Tier 1,Closed,1739,1,1,2,-0.2
9001392,JNL001392,CU57434,2025-06-18T22:33:00.000Z,North America,CA,DE,Phone,Inquiry,Doorbell not ringing,Jonly Hub Mini,Android,Tier 1,Closed,938,1,1,5,1.0
9001393,JNL001393,CU20461,2025-06-07T09:48:00.000Z,North America,US,EN,Phone,Inquiry,False motion alerts,Jonly Cam Indoor,iOS,Tier 1,Closed,1748,0,1,4,0.17
9001394,JNL001394,CU23838,2025-05-04T00:18:00.000Z,Europe,FR,EN,Chat,Connectivity,Charged twice,Jonly Floodlight Max,Android,Tier 2,Closed,523,2,1,4,0.67
9001395,JNL001395,CU47868,2025-07-13T08:57:00.000Z,North America,CA,DE,Email,Functionality,Charged twice,Jonly Cam Indoor,Android,Tier 2,Closed,879,0,1,4,0.22
9001396,JNL001396,CU13009,2025-07-10T19:49:00.000Z,APAC,SG,DE,Chat,Inquiry,No motion alerts,Jonly Cam Indoor,iOS,Tier 1,Closed,1458,0,0,1,-1.0
9001397,JNL001397,CU76613,2025-07-24T09:25:00.000Z,North America,CA,EN,Phone,Inquiry,False motion alerts,Jonly Hub Mini,iOS,Tier 1,In Progress,747,0,1,4,0.6
9001398,JNL001398,CU79001,2025-07-25T23:42:00.000Z,Europe,FR,EN,Chat,Functionality,Order not delivered,Jonly Hub Plus,Android,Tier 1,Closed,1016,1,1,5,1.0
9001399,JNL001399,CU61099,2025-07-09T19:43:00.000Z,North America,CA,FR,Phone,Inquiry,Device will not pair,Jonly Hub Mini,iOS,Tier 1,Closed,1231,1,1,3,-0.15
9001400,JNL001400,CU66855,2025-06-18T15:11:00.000Z,North America,US,FR,Phone,Inquiry,Audio one-way only,Jonly Secure Subscription,iOS,Tier 1,Closed,593,0,1,5,1.0
9001401,JNL001401,CU86633,2025-06-14T02:20:00.000Z,APAC,SG,DE,Web Form,Connectivity,Device will not pair,Jonly Hub Mini,iOS,Tier 1,Closed,954,2,1,4,1.0
9001402,JNL001402,CU10452,2025-05-12T16:06:00.000Z,North America,CA,EN,Phone,Billing,Poor night vision,Jonly Hub Plus,Android,Tier 1,Closed,1381,1,1,4,0.27
9001403,JNL001403,CU89624,2025-07-29T16:20:00.000Z,North America,US,EN,Phone,Functionality,Camera offline,Jonly Hub Mini,Android,Tier 1,Closed,1377,0,1,4,0.82
9001404,JNL001404,CU24228,2025-05-05T19:57:00.000Z,North America,US,FR,Phone,Functionality,False motion alerts,Jonly Cam Indoor,Android,Tier 1,Closed,1706,0,1,5,1.0
9001405,JNL001405,CU50386,2025-07-04T17:10:00.000Z,APAC,SG,EN,Chat,Functionality,Cannot login to app,Jonly Floodlight Max,Android,Tier 1,In Progress,395,2,0,1,-1.0
9001406,JNL001406,CU86561,2025-05-22T09:55:00.000Z,North America,US,FR,Web Form,Inquiry,Cannot login to app,Jonly Secure Subscription,iOS,Tier 1,Closed,1089,1,1,5,1.0
9001407,JNL001407,CU72087,2025-06-07T22:56:00.000Z,North America,CA,EN,Chat,Setup,Doorbell not ringing,Jonly Cam Indoor,iOS,Tier 1,Escalated,842,0,1,3,-0.15
9001408,JNL001408,CU40327,2025-06-11T19:39:00.000Z,APAC,AU,FR,Chat,Shipping,Poor night vision,Jonly Hub Plus,Web,Tier 1,In Progress,302,0,1,4,0.62
9001409,JNL001409,CU83744,2025-05-05T16:44:00.000Z,North America,CA,EN,Web Form,Shipping,Doorbell not ringing,Jonly Doorbell Pro,iOS,Escalation,Closed,580,1,1,3,0.68
9001410,JNL001410,CU41685,2025-06-26T00:57:00.000Z,North America,CA,EN,Web Form,Connectivity,Video not loading,Jonly Cam Indoor,Android,Tier 2,Closed,785,1,1,1,-1.0
9001411,JNL001411,CU56943,2025-05-22T20:43:00.000Z,North America,CA,EN,Email,Inquiry,False motion alerts,Jonly Cam Outdoor,iOS,Tier 1,Closed,596,0,1,3,-0.44
9001412,JNL001412,CU93523,2025-06-26T09:24:00.000Z,Europe,NL,EN,Phone,Functionality,Doorbell not ringing,Jonly Cam Indoor,Other,Escalation,Closed,1238,1,1,2,-1.0
9001413,JNL001413,CU60027,2025-06-17T03:37:00.000Z,North America,CA,EN,Web Form,Inquiry,Wrong item received,Jonly Doorbell Pro,Android,Tier 2,Closed,450,0,1,5,0.9
9001414,JNL001414,CU26801,2025-06-11T22:15:00.000Z,Europe,NL,EN,Email,Inquiry,Subscription not applied,Jonly Cam Outdoor,Web,Tier 2,Escalated,620,1,1,3,-0.35
9001415,JNL001415,CU96814,2025-05-02T10:55:00.000Z,Europe,GB,EN,Phone,Functionality,Doorbell not ringing,Jonly Doorbell Pro,Android,Tier 1,Escalated,542,1,1,3,0.09
9001416,JNL001416,CU90375,2025-07-27T06:57:00.000Z,North America,US,EN,Phone,Billing,False motion alerts,Jonly Hub Plus,Android,Tier 1,Closed,1186,2,1,4,1.0
9001417,JNL001417,CU29635,2025-05-25T15:31:00.000Z,APAC,SG,NL,Chat,Functionality,Subscription not applied,Jonly Secure Subscription,iOS,Tier 1,Closed,550,0,1,3,-0.13
9001418,JNL001418,CU20828,2025-07-25T22:11:00.000Z,APAC,NZ,NL,Phone,Connectivity,Device will not pair,Jonly Secure Subscription,Web,Tier 1,Closed,1095,1,0,3,0.16
9001419,JNL001419,CU75968,2025-07-12T00:26:00.000Z,North America,US,EN,Chat,Shipping,Device will not pair,Jonly Doorbell Pro,Web,Tier 1,Closed,721,0,0,4,0.3
9001420,JNL001420,CU77441,2025-07-25T00:33:00.000Z,North America,CA,EN,Web Form,Connectivity,Wrong item received,Jonly Doorbell Pro,iOS,Tier 1,Closed,998,1,1,1,-0.63
9001421,JNL001421,CU62281,2025-07-04T18:06:00.000Z,North America,US,DE,Phone,Billing,False motion alerts,Jonly Hub Mini,Android,Tier 1,Closed,802,1,1,4,-0.11
9001422,JNL001422,CU16115,2025-06-13T23:48:00.000Z,North America,CA,EN,Email,Account,Video not loading,Jonly Hub Plus,Other,Tier 1,Closed,923,1,0,5,0.8
9001423,JNL001423,CU19436,2025-07-29T16:51:00.000Z,North America,CA,FR,Email,Connectivity,Wrong item received,Jonly Floodlight Max,Web,Tier 1,Closed,919,0,1,5,1.0
9001424,JNL001424,CU43147,2025-05-30T04:28:00.000Z,North America,US,NL,Phone,Inquiry,Audio one-way only,Jonly Hub Plus,Android,Tier 1,Closed,1158,0,1,4,0.95
9001425,JNL001425,CU46875,2025-07-07T05:53:00.000Z,North America,CA,EN,Chat,Inquiry,Video not loading,Jonly Secure Subscription,iOS,Tier 1,Closed,795,2,1,4,1.0
9001426,JNL001426,CU68922,2025-07-24T00:04:00.000Z,North America,CA,EN,Phone,Billing,Laggy live view,Jonly Floodlight Max,iOS,Tier 1,Closed,459,1,1,2,-0.39
9001427,JNL001427,CU33285,2025-06-24T15:25:00.000Z,North America,CA,DE,Chat,Shipping,Cannot login to app,Jonly Hub Mini,Android,Tier 1,Closed,634,0,1,4,0.86
9001428,JNL001428,CU69100,2025-06-14T12:13:00.000Z,North America,CA,FR,Web Form,Functionality,Doorbell not ringing,Jonly Hub Plus,iOS,Tier 1,Closed,878,0,1,2,-0.27
9001429,JNL001429,CU40419,2025-06-02T02:27:00.000Z,Europe,GB,EN,Chat,Billing,Two-factor issues,Jonly Secure Subscription,iOS,Tier 1,Closed,968,1,1,3,0.07
9001430,JNL001430,CU78731,2025-07-23T22:55:00.000Z,Europe,GB,EN,Phone,Billing,Charged twice,Jonly Floodlight Max,Android,Tier 1,Closed,819,2,1,3,-0.06
9001431,JNL001431,CU61315,2025-07-18T03:24:00.000Z,North America,US,FR,Phone,Functionality,Camera offline,Jonly Hub Mini,Android,Tier 1,In Progress,344,0,1,5,0.87
9001432,JNL001432,CU28310,2025-07-29T13:13:00.000Z,North America,CA,EN,Phone,Account,Poor night vision,Jonly Doorbell Pro,iOS,Tier 2,Closed,740,1,1,3,-0.39
9001433,JNL001433,CU31615,2025-06-18T00:20:00.000Z,APAC,AU,EN,Phone,Shipping,Two-factor issues,Jonly Floodlight Max,Android,Tier 1,Closed,1461,0,1,5,0.88
9001434,JNL001434,CU99991,2025-06-13T06:51:00.000Z,Europe,FR,EN,Phone,Connectivity,Video not loading,Jonly Doorbell Pro,Web,Escalation,Closed,967,1,1,1,-0.63
9001435,JNL001435,CU22584,2025-05-05T23:55:00.000Z,North America,US,EN,Chat,Shipping,Audio one-way only,Jonly Doorbell Pro,Web,Tier 1,Closed,1118,0,1,2,-0.3
9001436,JNL001436,CU36929,2025-07-15T01:39:00.000Z,North America,CA,EN,Email,Connectivity,Subscription not applied,Jonly Secure Subscription,iOS,Tier 1,In Progress,1203,1,1,1,-1.0
9001437,JNL001437,CU94264,2025-07-22T05:10:00.000Z,APAC,AU,EN,Chat,Inquiry,Camera offline,Jonly Cam Indoor,Android,Tier 1,Closed,964,1,1,5,0.54
9001438,JNL001438,CU21540,2025-06-25T22:09:00.000Z,North America,US,FR,Phone,Account,Subscription not applied,Jonly Cam Indoor,iOS,Tier 1,Closed,1170,0,0,5,0.46
9001439,JNL001439,CU71985,2025-07-18T22:25:00.000Z,North America,US,EN,Phone,Billing,Poor night vision,Jonly Cam Outdoor,iOS,Tier 1,Closed,1227,0,1,4,0.55
9001440,JNL001440,CU61951,2025-07-30T06:52:00.000Z,North America,US,EN,Email,Account,Wrong item received,Jonly Floodlight Max,Android,Tier 1,In Progress,496,0,1,4,0.7
9001441,JNL001441,CU82576,2025-06-01T01:01:00.000Z,North America,US,DE,Email,Billing,Cannot login to app,Jonly Doorbell Pro,iOS,Tier 2,Closed,407,3,1,2,-0.64
9001442,JNL001442,CU23172,2025-07-30T23:38:00.000Z,North America,CA,DE,Chat,Account,Two-factor issues,Jonly Floodlight Max,iOS,Tier 1,Closed,1251,0,1,4,0.6
9001443,JNL001443,CU70838,2025-07-09T13:47:00.000Z,North America,CA,EN,Email,Account,No motion alerts,Jonly Floodlight Max,iOS,Tier 1,Escalated,1248,0,1,2,-1.0
9001444,JNL001444,CU79496,2025-07-22T12:38:00.000Z,North America,US,EN,Phone,Inquiry,Doorbell not ringing,Jonly Hub Mini,Android,Tier 2,Closed,1312,0,0,4,-0.0
9001445,JNL001445,CU52242,2025-07-22T04:31:00.000Z,Europe,DE,EN,Community,Functionality,Device will not pair,Jonly Cam Indoor,Android,Tier 1,Closed,924,0,1,4,0.91
9001446,JNL001446,CU67290,2025-07-18T06:28:00.000Z,APAC,NZ,FR,Web Form,Shipping,Poor night vision,Jonly Secure Subscription,iOS,Tier 1,Closed,897,1,1,5,0.99
9001447,JNL001447,CU90153,2025-05-11T00:04:00.000Z,North America,US,EN,Phone,Functionality,False motion alerts,Jonly Cam Outdoor,Android,Tier 1,Closed,1401,1,1,5,0.81
9001448,JNL001448,CU84132,2025-07-14T12:13:00.000Z,North America,US,EN,Phone,Inquiry,Charged twice,Jonly Doorbell Pro,iOS,Tier 1,Escalated,1307,0,1,4,-0.11
9001449,JNL001449,CU35951,2025-07-20T17:10:00.000Z,Europe,FR,EN,Phone,Inquiry,Audio one-way only,Jonly Hub Plus,Web,Tier 1,Closed,1457,1,1,3,0.08
9001450,JNL001450,CU79880,2025-05-20T17:22:00.000Z,APAC,NZ,EN,Email,Inquiry,Doorbell not ringing,Jonly Cam Indoor,iOS,Tier 1,Closed,388,0,1,5,0.83
9001451,JNL001451,CU62321,2025-05-28T08:29:00.000Z,North America,CA,EN,Phone,Setup,Device will not pair,Jonly Hub Plus,iOS,Tier 2,Escalated,309,2,1,3,0.12
9001452,JNL001452,CU69125,2025-07-17T23:12:00.000Z,Europe,DE,NL,Phone,Connectivity,Laggy live view,Jonly Hub Mini,Android,Tier 2,Closed,837,0,1,3,0.36
9001453,JNL001453,CU73512,2025-07-08T09:36:00.000Z,North America,US,FR,Phone,Functionality,Charged twice,Jonly Cam Outdoor,Android,Tier 1,Closed,1901,0,1,1,-0.57
9001454,JNL001454,CU84587,2025-06-10T15:28:00.000Z,Europe,NL,EN,Email,Billing,Device will not pair,Jonly Cam Outdoor,iOS,Tier 2,Closed,443,1,1,1,-1.0
9001455,JNL001455,CU20182,2025-06-28T12:48:00.000Z,North America,CA,EN,Email,Inquiry,Laggy live view,Jonly Floodlight Max,Android,Tier 2,Closed,1581,0,1,4,0.31
9001456,JNL001456,CU52877,2025-05-04T14:26:00.000Z,Europe,GB,EN,Phone,Account,Doorbell not ringing,Jonly Hub Mini,Android,Tier 1,In Progress,342,0,1,4,0.56
9001457,JNL001457,CU41496,2025-06-02T11:29:00.000Z,Europe,NL,EN,Chat,Connectivity,Subscription not applied,Jonly Hub Plus,iOS,Tier 1,In Progress,760,0,1,4,0.46
9001458,JNL001458,CU98385,2025-07-01T12:40:00.000Z,Europe,DE,EN,Email,Billing,No motion alerts,Jonly Floodlight Max,Web,Tier 1,Closed,1278,0,1,3,0.32
9001459,JNL001459,CU63656,2025-05-04T08:40:00.000Z,Europe,FR,DE,Phone,Account,False motion alerts,Jonly Cam Outdoor,iOS,Escalation,Closed,1852,0,1,3,-0.32
9001460,JNL001460,CU45877,2025-06-12T21:12:00.000Z,APAC,NZ,EN,Phone,Inquiry,Order not delivered,Jonly Hub Mini,Android,Tier 1,Closed,1341,0,0,5,0.81
9001461,JNL001461,CU13940,2025-05-28T07:14:00.000Z,APAC,SG,DE,Community,Functionality,Two-factor issues,Jonly Cam Outdoor,iOS,Tier 1,Closed,912,0,1,3,-0.18
9001462,JNL001462,CU98225,2025-06-18T15:19:00.000Z,North America,CA,EN,Phone,Setup,Subscription not applied,Jonly Cam Outdoor,Android,Tier 1,Closed,662,0,1,5,1.0
9001463,JNL001463,CU67535,2025-05-07T19:32:00.000Z,APAC,AU,DE,Phone,Connectivity,Device will not pair,Jonly Cam Outdoor,iOS,Tier 2,Closed,993,0,1,3,-0.19
9001464,JNL001464,CU73833,2025-05-18T16:05:00.000Z,North America,CA,DE,Phone,Billing,Audio one-way only,Jonly Floodlight Max,iOS,Tier 1,Closed,1237,1,1,5,0.73
9001465,JNL001465,CU47167,2025-05-04T03:39:00.000Z,North America,US,EN,Community,Inquiry,No motion alerts,Jonly Cam Indoor,iOS,Tier 1,Closed,534,0,1,4,-0.09
9001466,JNL001466,CU82697,2025-05-06T14:21:00.000Z,North America,CA,EN,Web Form,Connectivity,Cannot login to app,Jonly Cam Outdoor,Other,Tier 2,Closed,755,1,0,5,1.0
9001467,JNL001467,CU14798,2025-06-26T03:25:00.000Z,APAC,AU,FR,Phone,Functionality,False motion alerts,Jonly Cam Outdoor,Android,Tier 1,Closed,925,1,1,5,1.0
9001468,JNL001468,CU95680,2025-05-10T06:18:00.000Z,North America,US,FR,Email,Billing,Poor night vision,Jonly Hub Plus,Android,Tier 2,Closed,539,1,1,4,0.9
9001469,JNL001469,CU37156,2025-06-26T13:36:00.000Z,APAC,NZ,FR,Chat,Inquiry,Laggy live view,Jonly Floodlight Max,Android,Tier 1,Escalated,456,1,1,5,1.0
9001470,JNL001470,CU24175,2025-06-22T01:48:00.000Z,North America,US,FR,Phone,Inquiry,No motion alerts,Jonly Hub Mini,iOS,Tier 2,Closed,1091,0,1,5,0.58
9001471,JNL001471,CU70020,2025-07-01T19:38:00.000Z,APAC,NZ,DE,Phone,Functionality,False motion alerts,Jonly Doorbell Pro,Android,Tier 2,Closed,1044,1,1,4,0.37
9001472,JNL001472,CU37874,2025-05-13T08:45:00.000Z,North America,US,EN,Web Form,Account,Subscription not applied,Jonly Secure Subscription,iOS,Tier 1,Closed,180,0,1,4,0.09
9001473,JNL001473,CU57475,2025-06-08T01:44:00.000Z,North America,US,DE,Phone,Inquiry,Camera offline,Jonly Secure Subscription,Android,Tier 1,Closed,1648,0,1,3,0.11
9001474,JNL001474,CU71810,2025-05-02T18:03:00.000Z,North America,CA,EN,Phone,Setup,False motion alerts,Jonly Doorbell Pro,Android,Tier 2,Closed,1119,0,1,4,0.31
9001475,JNL001475,CU58459,2025-05-16T06:56:00.000Z,North America,US,EN,Phone,Billing,Two-factor issues,Jonly Cam Indoor,Web,Tier 1,Closed,752,0,1,3,-0.22
9001476,JNL001476,CU81929,2025-05-05T21:42:00.000Z,North America,US,DE,Web Form,Inquiry,Order not delivered,Jonly Hub Mini,Web,Tier 2,Closed,396,0,0,5,0.32
9001477,JNL001477,CU53339,2025-06-20T14:58:00.000Z,North America,US,EN,Email,Inquiry,Two-factor issues,Jonly Cam Outdoor,Web,Tier 2,Closed,766,0,1,3,-0.21
9001478,JNL001478,CU28115,2025-06-05T07:47:00.000Z,North America,CA,EN,Web Form,Billing,No motion alerts,Jonly Secure Subscription,Android,Tier 1,Closed,469,0,1,4,0.65
9001479,JNL001479,CU58293,2025-05-31T23:09:00.000Z,Europe,DE,EN,Phone,Billing,Video not loading,Jonly Floodlight Max,Android,Tier 1,Closed,1142,0,0,3,-0.06
9001480,JNL001480,CU48791,2025-07-16T06:20:00.000Z,Europe,FR,DE,Phone,Setup,Order not delivered,Jonly Floodlight Max,Android,Tier 1,Closed,1069,0,0,2,-0.22
9001481,JNL001481,CU77127,2025-05-24T23:48:00.000Z,APAC,SG,EN,Email,Connectivity,No motion alerts,Jonly Hub Mini,Android,Tier 1,Closed,767,1,1,3,0.13
9001482,JNL001482,CU59797,2025-07-24T23:19:00.000Z,North America,CA,NL,Phone,Connectivity,Charged twice,Jonly Secure Subscription,Android,Tier 1,Closed,662,0,1,5,1.0
9001483,JNL001483,CU52880,2025-06-14T17:40:00.000Z,North America,US,DE,Chat,Account,Cannot login to app,Jonly Cam Outdoor,iOS,Tier 1,Closed,1173,1,1,3,-0.11
9001484,JNL001484,CU51922,2025-07-13T19:46:00.000Z,North America,US,NL,Phone,Functionality,Two-factor issues,Jonly Hub Mini,iOS,Escalation,Closed,764,0,1,4,0.72
9001485,JNL001485,CU17086,2025-06-07T02:37:00.000Z,North America,CA,EN,Chat,Functionality,Subscription not applied,Jonly Cam Outdoor,Other,Tier 2,Closed,842,1,1,4,0.96
9001486,JNL001486,CU15569,2025-05-31T23:17:00.000Z,North America,CA,EN,Phone,Inquiry,False motion alerts,Jonly Doorbell Pro,Web,Tier 1,Closed,1571,0,1,5,0.71
9001487,JNL001487,CU66626,2025-05-06T17:09:00.000Z,Europe,FR,NL,Email,Billing,Camera offline,Jonly Cam Outdoor,Android,Tier 1,Closed,180,1,0,4,0.7
9001488,JNL001488,CU50160,2025-06-22T00:49:00.000Z,North America,US,EN,Phone,Connectivity,Camera offline,Jonly Hub Plus,iOS,Escalation,Closed,1501,0,1,4,0.08
9001489,JNL001489,CU51030,2025-06-17T05:20:00.000Z,North America,CA,DE,Phone,Account,Camera offline,Jonly Cam Outdoor,iOS,Tier 1,Closed,1530,1,1,4,0.63
9001490,JNL001490,CU27721,2025-07-18T23:22:00.000Z,APAC,AU,EN,Web Form,Inquiry,Device will not pair,Jonly Hub Plus,Android,Tier 1,Closed,418,0,1,5,1.0
9001491,JNL001491,CU26444,2025-07-07T05:52:00.000Z,Europe,FR,EN,Chat,Setup,Cannot login to app,Jonly Secure Subscription,iOS,Tier 1,Closed,1139,1,0,5,1.0
9001492,JNL001492,CU18286,2025-05-31T13:14:00.000Z,APAC,SG,EN,Phone,Setup,Camera offline,Jonly Doorbell Pro,iOS,Tier 2,Closed,1488,1,1,4,0.93
9001493,JNL001493,CU26321,2025-06-16T22:08:00.000Z,Europe,DE,FR,Web Form,Inquiry,Video not loading,Jonly Hub Mini,Web,Tier 2,Closed,611,0,1,4,0.25
9001494,JNL001494,CU51068,2025-06-11T03:30:00.000Z,North America,US,DE,Phone,Functionality,No motion alerts,Jonly Cam Indoor,Android,Tier 2,Escalated,1205,0,0,1,-0.71
9001495,JNL001495,CU84361,2025-06-08T10:05:00.000Z,APAC,AU,FR,Phone,Shipping,Camera offline,Jonly Cam Indoor,Android,Tier 1,Closed,943,1,1,5,1.0
9001496,JNL001496,CU74354,2025-06-04T16:23:00.000Z,Europe,GB,EN,Phone,Shipping,Subscription not applied,Jonly Hub Mini,iOS,Tier 2,Closed,713,0,1,4,0.33
9001497,JNL001497,CU78475,2025-05-06T02:53:00.000Z,Europe,FR,EN,Email,Billing,Doorbell not ringing,Jonly Cam Indoor,Other,Tier 1,Closed,577,1,1,2,-0.77
9001498,JNL001498,CU58875,2025-05-27T12:27:00.000Z,Europe,NL,DE,Phone,Inquiry,Camera offline,Jonly Floodlight Max,Android,Tier 1,Closed,1312,1,0,3,-0.03
9001499,JNL001499,CU66475,2025-05-28T09:10:00.000Z,North America,CA,EN,Phone,Connectivity,Charged twice,Jonly Cam Indoor,iOS,Tier 1,Closed,1475,0,1,5,1.0
9001500,JNL001500,CU67222,2025-07-08T17:58:00.000Z,North America,US,EN,Phone,Setup,Poor night vision,Jonly Floodlight Max,iOS,Tier 2,Closed,370,1,1,4,0.76
9001501,JNL001501,CU78404,2025-07-06T19:28:00.000Z,Europe,GB,DE,Community,Setup,Laggy live view,Jonly Floodlight Max,iOS,Tier 1,In Progress,307,1,1,3,0.29
9001502,JNL001502,CU79896,2025-06-23T02:38:00.000Z,North America,CA,DE,Phone,Connectivity,Two-factor issues,Jonly Cam Indoor,Other,Tier 1,Closed,1161,0,1,5,0.42
9001503,JNL001503,CU18075,2025-05-04T11:19:00.000Z,Europe,FR,EN,Chat,Inquiry,Camera offline,Jonly Cam Outdoor,iOS,Tier 1,Closed,889,0,1,5,0.78
9001504,JNL001504,CU43632,2025-07-01T14:57:00.000Z,North America,US,EN,Phone,Billing,False motion alerts,Jonly Secure Subscription,Web,Tier 1,Closed,1361,0,0,5,0.49
9001505,JNL001505,CU38253,2025-05-09T01:16:00.000Z,APAC,NZ,EN,Phone,Setup,Charged twice,Jonly Cam Outdoor,iOS,Tier 1,Closed,1437,0,1,1,-0.79
9001506,JNL001506,CU90580,2025-05-22T11:50:00.000Z,Europe,NL,EN,Chat,Functionality,Charged twice,Jonly Doorbell Pro,Web,Tier 2,Closed,1373,0,1,3,0.36
9001507,JNL001507,CU16364,2025-05-21T18:58:00.000Z,North America,CA,EN,Phone,Connectivity,No motion alerts,Jonly Cam Indoor,Android,Tier 1,Closed,1371,0,0,5,0.91
9001508,JNL001508,CU63554,2025-07-22T04:16:00.000Z,North America,US,EN,Chat,Connectivity,Wrong item received,Jonly Cam Indoor,Android,Tier 1,Closed,1043,0,1,5,0.78
9001509,JNL001509,CU83785,2025-07-06T06:21:00.000Z,North America,CA,FR,Email,Shipping,False motion alerts,Jonly Floodlight Max,iOS,Tier 1,Closed,213,0,1,4,0.43
9001510,JNL001510,CU10819,2025-07-22T17:46:00.000Z,APAC,NZ,EN,Phone,Billing,Video not loading,Jonly Hub Plus,Android,Tier 1,Closed,1467,0,1,1,-0.88
9001511,JNL001511,CU49691,2025-07-24T19:29:00.000Z,Europe,DE,DE,Email,Account,Audio one-way only,Jonly Hub Plus,iOS,Escalation,Closed,469,0,1,3,-0.32
9001512,JNL001512,CU90451,2025-05-24T04:05:00.000Z,Europe,FR,EN,Email,Setup,Cannot login to app,Jonly Cam Indoor,Android,Tier 1,In Progress,690,0,1,3,-0.54
9001513,JNL001513,CU95294,2025-06-04T06:15:00.000Z,Europe,GB,EN,Email,Functionality,Order not delivered,Jonly Secure Subscription,Web,Tier 1,Escalated,1105,0,1,5,1.0
9001514,JNL001514,CU66614,2025-05-25T13:26:00.000Z,APAC,AU,DE,Phone,Inquiry,Subscription not applied,Jonly Doorbell Pro,iOS,Tier 1,Closed,229,1,1,3,0.09
9001515,JNL001515,CU27679,2025-07-23T00:50:00.000Z,North America,US,EN,Phone,Setup,Audio one-way only,Jonly Doorbell Pro,Android,Tier 2,In Progress,768,0,1,5,1.0
9001516,JNL001516,CU97263,2025-07-05T06:07:00.000Z,North America,CA,EN,Phone,Billing,False motion alerts,Jonly Hub Mini,iOS,Tier 1,Closed,944,0,1,4,0.66
9001517,JNL001517,CU25244,2025-06-17T21:14:00.000Z,North America,US,DE,Web Form,Inquiry,No motion alerts,Jonly Secure Subscription,Android,Tier 1,Closed,832,1,1,4,0.35
9001518,JNL001518,CU75392,2025-07-16T19:41:00.000Z,Europe,NL,EN,Email,Inquiry,Order not delivered,Jonly Secure Subscription,Android,Escalation,Closed,598,0,1,5,0.92
9001519,JNL001519,CU51706,2025-05-30T01:33:00.000Z,Europe,GB,EN,Chat,Account,Order not delivered,Jonly Cam Outdoor,Android,Tier 1,Closed,608,0,1,3,0.15
9001520,JNL001520,CU39193,2025-07-26T17:23:00.000Z,North America,CA,DE,Email,Inquiry,Order not delivered,Jonly Floodlight Max,Android,Tier 1,In Progress,1255,0,1,4,0.92
9001521,JNL001521,CU94540,2025-05-08T00:51:00.000Z,North America,CA,NL,Phone,Functionality,Audio one-way only,Jonly Doorbell Pro,Web,Tier 1,Closed,1375,0,1,4,0.71
9001522,JNL001522,CU56896,2025-06-20T02:36:00.000Z,North America,CA,FR,Chat,Inquiry,Video not loading,Jonly Hub Plus,Android,Tier 1,Closed,846,1,1,5,0.9
9001523,JNL001523,CU49459,2025-07-13T22:29:00.000Z,North America,US,FR,Web Form,Inquiry,Doorbell not ringing,Jonly Hub Plus,iOS,Tier 1,Closed,911,0,1,5,0.15
9001524,JNL001524,CU28510,2025-05-29T14:33:00.000Z,Europe,GB,EN,Phone,Functionality,Two-factor issues,Jonly Doorbell Pro,iOS,Tier 1,Closed,1461,1,1,4,0.39
9001525,JNL001525,CU50335,2025-05-20T19:31:00.000Z,North America,CA,EN,Chat,Connectivity,False motion alerts,Jonly Hub Mini,iOS,Tier 1,Closed,1420,0,1,3,0.17
9001526,JNL001526,CU70503,2025-06-23T23:53:00.000Z,North America,US,EN,Chat,Account,Wrong item received,Jonly Cam Outdoor,Web,Tier 1,In Progress,1143,1,1,5,1.0
9001527,JNL001527,CU42031,2025-05-31T13:26:00.000Z,North America,US,EN,Phone,Connectivity,Subscription not applied,Jonly Secure Subscription,iOS,Tier 1,Closed,1287,0,1,4,0.26
9001528,JNL001528,CU82350,2025-07-31T20:40:00.000Z,Europe,FR,EN,Phone,Connectivity,No motion alerts,Jonly Secure Subscription,Android,Tier 1,Closed,730,3,1,3,-0.12
9001529,JNL001529,CU38725,2025-07-08T04:35:00.000Z,North America,US,EN,Web Form,Setup,Laggy live view,Jonly Secure Subscription,Web,Tier 2,Closed,285,0,1,4,0.25
9001530,JNL001530,CU83080,2025-05-06T17:29:00.000Z,APAC,AU,EN,Chat,Inquiry,Camera offline,Jonly Hub Plus,Android,Escalation,Escalated,1152,0,1,5,0.59
9001531,JNL001531,CU63844,2025-05-09T02:58:00.000Z,North America,CA,EN,Chat,Inquiry,No motion alerts,Jonly Hub Mini,Android,Tier 2,Closed,1204,0,1,1,-0.68
9001532,JNL001532,CU22760,2025-06-25T14:06:00.000Z,Europe,NL,EN,Phone,Setup,Cannot login to app,Jonly Doorbell Pro,Android,Tier 1,Closed,770,1,1,2,-1.0
9001533,JNL001533,CU46274,2025-05-14T10:51:00.000Z,APAC,SG,NL,Phone,Inquiry,Cannot login to app,Jonly Cam Indoor,Other,Tier 1,Closed,945,0,1,3,-0.14
9001534,JNL001534,CU85117,2025-07-26T06:12:00.000Z,North America,US,EN,Phone,Connectivity,Cannot login to app,Jonly Hub Plus,Android,Tier 2,In Progress,1813,2,1,3,-0.36
9001535,JNL001535,CU75507,2025-06-18T20:41:00.000Z,North America,CA,EN,Phone,Inquiry,Subscription not applied,Jonly Floodlight Max,Android,Tier 2,Closed,1099,0,0,5,0.31
9001536,JNL001536,CU16320,2025-06-13T08:41:00.000Z,APAC,SG,EN,Community,Connectivity,Wrong item received,Jonly Hub Mini,iOS,Tier 1,Closed,180,0,1,3,0.21
9001537,JNL001537,CU15859,2025-06-05T14:17:00.000Z,Europe,DE,EN,Chat,Connectivity,Order not delivered,Jonly Doorbell Pro,iOS,Tier 1,Closed,1115,1,1,2,0.03
9001538,JNL001538,CU28332,2025-06-25T12:00:00.000Z,North America,US,EN,Phone,Setup,Video not loading,Jonly Hub Plus,Other,Tier 1,Escalated,855,3,1,5,0.63
9001539,JNL001539,CU69762,2025-06-02T08:36:00.000Z,North America,US,EN,Phone,Setup,Charged twice,Jonly Hub Mini,Web,Tier 1,Closed,1031,2,1,1,-1.0
9001540,JNL001540,CU23433,2025-06-01T01:19:00.000Z,North America,CA,EN,Web Form,Account,Laggy live view,Jonly Floodlight Max,iOS,Tier 1,Closed,455,0,1,3,-0.51
9001541,JNL001541,CU26504,2025-05-04T20:18:00.000Z,North America,US,EN,Chat,Connectivity,Camera offline,Jonly Hub Plus,iOS,Tier 2,Closed,795,0,0,3,-0.23
9001542,JNL001542,CU72164,2025-07-13T18:34:00.000Z,North America,CA,EN,Phone,Inquiry,Video not loading,Jonly Cam Indoor,Android,Tier 2,Closed,1123,1,0,3,0.58
9001543,JNL001543,CU67389,2025-07-15T00:43:00.000Z,Europe,GB,DE,Phone,Billing,Order not delivered,Jonly Hub Mini,Android,Tier 1,Closed,947,0,1,4,0.36
9001544,JNL001544,CU20455,2025-06-11T15:56:00.000Z,North America,US,DE,Chat,Functionality,Cannot login to app,Jonly Hub Plus,Android,Tier 1,Closed,1037,2,0,5,0.89
9001545,JNL001545,CU38992,2025-05-15T22:51:00.000Z,APAC,NZ,DE,Chat,Functionality,Poor night vision,Jonly Doorbell Pro,iOS,Tier 2,Closed,219,0,1,5,1.0
9001546,JNL001546,CU39487,2025-06-22T21:25:00.000Z,APAC,NZ,EN,Phone,Inquiry,Laggy live view,Jonly Secure Subscription,iOS,Tier 2,Closed,1373,1,1,4,0.91
9001547,JNL001547,CU33416,2025-06-13T16:45:00.000Z,Europe,NL,NL,Web Form,Account,Camera offline,Jonly Cam Indoor,Web,Escalation,Closed,690,2,1,3,0.12
9001548,JNL001548,CU69078,2025-07-26T07:02:00.000Z,North America,CA,EN,Chat,Inquiry,Cannot login to app,Jonly Hub Plus,iOS,Tier 1,Closed,1272,0,1,5,0.77
9001549,JNL001549,CU41220,2025-05-24T13:28:00.000Z,North America,CA,DE,Web Form,Connectivity,Poor night vision,Jonly Doorbell Pro,iOS,Tier 1,Closed,1091,0,1,4,0.29
9001550,JNL001550,CU21486,2025-07-27T16:06:00.000Z,APAC,SG,EN,Phone,Account,Order not delivered,Jonly Cam Outdoor,Android,Tier 1,Closed,1634,0,1,5,0.6
9001551,JNL001551,CU57885,2025-07-25T18:00:00.000Z,North America,CA,EN,Phone,Connectivity,Charged twice,Jonly Hub Plus,Web,Escalation,Closed,1516,0,1,4,0.23
9001552,JNL001552,CU15381,2025-06-17T07:43:00.000Z,APAC,AU,EN,Phone,Billing,Video not loading,Jonly Cam Indoor,iOS,Tier 1,Closed,586,0,1,5,1.0
9001553,JNL001553,CU71825,2025-06-09T20:20:00.000Z,North America,CA,NL,Community,Inquiry,Charged twice,Jonly Cam Outdoor,Android,Tier 2,Closed,834,0,1,4,0.4
9001554,JNL001554,CU13464,2025-06-13T01:57:00.000Z,APAC,NZ,EN,Email,Functionality,Charged twice,Jonly Cam Outdoor,Web,Tier 2,Closed,1011,0,1,5,0.81
9001555,JNL001555,CU97807,2025-06-16T07:16:00.000Z,North America,US,DE,Community,Inquiry,Charged twice,Jonly Hub Mini,Android,Tier 1,Closed,548,0,1,3,-0.22
9001556,JNL001556,CU77036,2025-05-05T12:52:00.000Z,Europe,DE,DE,Phone,Connectivity,False motion alerts,Jonly Hub Mini,Android,Tier 2,Closed,493,0,1,4,0.3
9001557,JNL001557,CU79930,2025-05-16T06:26:00.000Z,North America,US,FR,Phone,Connectivity,Video not loading,Jonly Doorbell Pro,Other,Tier 1,Closed,2010,0,1,2,-1.0
9001558,JNL001558,CU89757,2025-07-06T16:46:00.000Z,North America,US,EN,Phone,Functionality,Wrong item received,Jonly Cam Indoor,Android,Tier 1,Escalated,1047,0,1,3,-0.02
9001559,JNL001559,CU29840,2025-06-03T13:40:00.000Z,North America,CA,NL,Chat,Connectivity,Device will not pair,Jonly Doorbell Pro,Android,Tier 1,Closed,1110,0,0,1,-0.12
9001560,JNL001560,CU15772,2025-07-23T13:00:00.000Z,North America,US,DE,Phone,Billing,Cannot login to app,Jonly Hub Plus,iOS,Tier 2,Closed,1923,2,1,5,0.46
9001561,JNL001561,CU79390,2025-05-06T07:28:00.000Z,Europe,NL,EN,Phone,Inquiry,Video not loading,Jonly Secure Subscription,iOS,Tier 1,Closed,1482,0,1,5,0.95
9001562,JNL001562,CU70040,2025-06-20T16:13:00.000Z,North America,CA,NL,Email,Inquiry,Subscription not applied,Jonly Hub Mini,iOS,Tier 2,Closed,1032,0,1,4,0.71
9001563,JNL001563,CU55340,2025-06-25T08:40:00.000Z,Europe,NL,EN,Chat,Inquiry,Audio one-way only,Jonly Hub Plus,Web,Tier 2,Closed,1141,0,1,5,1.0
9001564,JNL001564,CU82291,2025-05-14T05:17:00.000Z,Europe,FR,EN,Phone,Functionality,Cannot login to app,Jonly Floodlight Max,Web,Tier 2,Closed,1607,1,1,3,0.01
9001565,JNL001565,CU33520,2025-07-30T13:08:00.000Z,North America,US,EN,Phone,Billing,No motion alerts,Jonly Hub Mini,Android,Tier 1,Closed,251,2,0,3,-0.33
9001566,JNL001566,CU11906,2025-06-09T16:15:00.000Z,North America,US,EN,Phone,Account,Audio one-way only,Jonly Hub Mini,iOS,Tier 1,Closed,342,0,1,4,-0.01
9001567,JNL001567,CU47197,2025-07-05T12:28:00.000Z,North America,CA,EN,Phone,Shipping,Audio one-way only,Jonly Floodlight Max,Android,Tier 1,Closed,1025,0,1,1,-0.89
9001568,JNL001568,CU86634,2025-07-20T02:34:00.000Z,North America,CA,EN,Chat,Connectivity,Doorbell not ringing,Jonly Cam Outdoor,iOS,Tier 1,Escalated,1429,1,1,3,0.55
9001569,JNL001569,CU46094,2025-07-13T19:11:00.000Z,North America,CA,EN,Web Form,Inquiry,Wrong item received,Jonly Secure Subscription,iOS,Tier 1,Closed,741,0,1,4,0.66
9001570,JNL001570,CU29092,2025-06-24T12:18:00.000Z,North America,CA,EN,Community,Functionality,Video not loading,Jonly Doorbell Pro,iOS,Tier 2,Closed,674,0,1,5,1.0
9001571,JNL001571,CU45474,2025-05-11T15:00:00.000Z,Europe,NL,NL,Phone,Functionality,Audio one-way only,Jonly Floodlight Max,Web,Escalation,In Progress,894,0,1,5,0.85
9001572,JNL001572,CU74932,2025-06-27T09:21:00.000Z,North America,CA,EN,Chat,Functionality,Laggy live view,Jonly Hub Mini,iOS,Tier 1,Closed,599,0,1,4,0.68
9001573,JNL001573,CU23969,2025-07-05T05:39:00.000Z,North America,CA,EN,Phone,Billing,Subscription not applied,Jonly Hub Plus,Android,Tier 1,Closed,368,0,1,3,-0.48
9001574,JNL001574,CU75408,2025-06-18T10:46:00.000Z,APAC,NZ,FR,Phone,Functionality,Cannot login to app,Jonly Hub Mini,Other,Tier 1,Closed,742,1,1,4,0.53
9001575,JNL001575,CU52583,2025-05-13T17:49:00.000Z,North America,CA,DE,Chat,Functionality,No motion alerts,Jonly Hub Mini,Android,Tier 1,Closed,1117,0,1,2,-0.8
9001576,JNL001576,CU36589,2025-06-18T17:58:00.000Z,North America,US,EN,Community,Functionality,Order not delivered,Jonly Cam Outdoor,Android,Tier 1,Closed,370,1,1,1,-0.81
9001577,JNL001577,CU60330,2025-06-30T19:14:00.000Z,North America,CA,EN,Chat,Inquiry,Order not delivered,Jonly Floodlight Max,Web,Tier 1,Closed,422,0,1,5,0.95
9001578,JNL001578,CU67238,2025-06-04T15:03:00.000Z,North America,CA,EN,Chat,Inquiry,Wrong item received,Jonly Hub Plus,Android,Tier 1,Closed,947,0,1,4,0.79
9001579,JNL001579,CU92165,2025-05-14T08:15:00.000Z,North America,CA,EN,Web Form,Functionality,Wrong item received,Jonly Cam Outdoor,Other,Tier 2,Closed,853,0,1,5,0.65
9001580,JNL001580,CU64510,2025-05-24T05:35:00.000Z,Europe,DE,EN,Web Form,Inquiry,Laggy live view,Jonly Cam Indoor,iOS,Tier 1,Closed,794,0,1,3,-0.16
9001581,JNL001581,CU47251,2025-06-09T05:54:00.000Z,North America,US,EN,Chat,Billing,Wrong item received,Jonly Hub Plus,Android,Tier 1,Closed,469,0,1,1,-0.85
9001582,JNL001582,CU40169,2025-06-08T09:16:00.000Z,APAC,NZ,EN,Phone,Billing,Camera offline,Jonly Cam Outdoor,Web,Escalation,Closed,782,0,1,5,0.72
9001583,JNL001583,CU89640,2025-07-17T14:41:00.000Z,North America,CA,DE,Email,Connectivity,Doorbell not ringing,Jonly Doorbell Pro,Android,Tier 2,Closed,484,1,1,2,-0.58
9001584,JNL001584,CU12759,2025-05-26T17:26:00.000Z,North America,CA,EN,Phone,Shipping,Cannot login to app,Jonly Secure Subscription,Android,Tier 2,Closed,808,1,1,5,1.0
9001585,JNL001585,CU59894,2025-05-07T22:42:00.000Z,North America,CA,EN,Email,Connectivity,No motion alerts,Jonly Cam Outdoor,Android,Tier 2,Closed,516,0,0,3,0.65
9001586,JNL001586,CU88419,2025-07-14T07:10:00.000Z,North America,US,EN,Chat,Setup,Cannot login to app,Jonly Cam Indoor,Android,Tier 1,In Progress,547,0,1,3,-0.03
9001587,JNL001587,CU65062,2025-05-07T19:47:00.000Z,APAC,AU,DE,Phone,Inquiry,Device will not pair,Jonly Secure Subscription,Android,Tier 1,Closed,1448,0,1,4,0.8
9001588,JNL001588,CU47915,2025-06-10T05:26:00.000Z,North America,US,EN,Phone,Setup,Device will not pair,Jonly Secure Subscription,Android,Tier 1,Closed,1713,0,1,5,1.0
9001589,JNL001589,CU91685,2025-06-13T10:47:00.000Z,North America,US,EN,Phone,Inquiry,Camera offline,Jonly Floodlight Max,iOS,Escalation,Closed,1184,1,1,4,0.59
9001590,JNL001590,CU86757,2025-07-24T09:37:00.000Z,Europe,DE,FR,Chat,Connectivity,Doorbell not ringing,Jonly Floodlight Max,Web,Tier 2,Closed,954,0,1,2,-0.76
9001591,JNL001591,CU59597,2025-06-22T23:30:00.000Z,North America,US,EN,Chat,Connectivity,Device will not pair,Jonly Floodlight Max,Android,Tier 2,Closed,812,0,0,4,0.71
9001592,JNL001592,CU82498,2025-05-24T12:27:00.000Z,APAC,AU,EN,Chat,Functionality,Charged twice,Jonly Cam Outdoor,iOS,Tier 1,Closed,753,0,1,3,-0.7
9001593,JNL001593,CU94732,2025-06-19T01:13:00.000Z,Europe,NL,EN,Chat,Connectivity,Two-factor issues,Jonly Secure Subscription,iOS,Tier 1,Closed,845,0,1,2,-0.2
9001594,JNL001594,CU30688,2025-05-12T08:11:00.000Z,North America,CA,NL,Phone,Functionality,Audio one-way only,Jonly Secure Subscription,Other,Tier 1,Closed,1179,0,1,4,0.61
9001595,JNL001595,CU28241,2025-06-25T18:30:00.000Z,Europe,DE,FR,Phone,Functionality,No motion alerts,Jonly Cam Indoor,Android,Tier 1,Closed,975,1,1,5,0.67
9001596,JNL001596,CU78666,2025-07-12T00:17:00.000Z,North America,US,DE,Phone,Account,Two-factor issues,Jonly Doorbell Pro,Other,Tier 1,Closed,482,1,1,4,0.09
9001597,JNL001597,CU65459,2025-07-28T09:23:00.000Z,Europe,NL,EN,Email,Inquiry,No motion alerts,Jonly Hub Mini,Other,Tier 1,Escalated,991,0,1,3,0.36
9001598,JNL001598,CU73503,2025-05-22T11:42:00.000Z,North America,CA,EN,Phone,Shipping,Subscription not applied,Jonly Doorbell Pro,Android,Tier 2,Escalated,1239,0,1,5,0.81
9001599,JNL001599,CU24562,2025-06-23T08:52:00.000Z,North America,US,EN,Phone,Inquiry,False motion alerts,Jonly Hub Mini,iOS,Tier 1,Closed,394,0,1,4,0.32
9001600,JNL001600,CU97653,2025-07-23T09:26:00.000Z,North America,US,EN,Phone,Connectivity,Camera offline,Jonly Floodlight Max,iOS,Tier 1,Closed,1266,0,1,3,-0.68
9001601,JNL001601,CU49383,2025-07-31T04:18:00.000Z,Europe,NL,EN,Chat,Functionality,Device will not pair,Jonly Hub Mini,Web,Tier 1,Escalated,180,1,1,5,0.64
9001602,JNL001602,CU57390,2025-05-13T06:46:00.000Z,North America,CA,EN,Web Form,Inquiry,Two-factor issues,Jonly Hub Plus,Android,Tier 1,In Progress,922,0,1,3,0.26
9001603,JNL001603,CU16076,2025-06-24T17:19:00.000Z,North America,US,EN,Chat,Inquiry,No motion alerts,Jonly Hub Mini,Android,Tier 1,Closed,735,1,1,5,1.0
9001604,JNL001604,CU61533,2025-07-31T20:28:00.000Z,North America,US,EN,Community,Connectivity,False motion alerts,Jonly Doorbell Pro,iOS,Tier 1,Closed,988,2,1,4,0.48
9001605,JNL001605,CU33111,2025-07-11T12:49:00.000Z,North America,US,EN,Chat,Connectivity,Cannot login to app,Jonly Cam Indoor,Android,Tier 2,Escalated,995,1,1,4,0.84
9001606,JNL001606,CU75375,2025-07-10T06:06:00.000Z,North America,CA,DE,Phone,Functionality,Wrong item received,Jonly Secure Subscription,Android,Tier 2,Closed,301,1,1,3,-0.42
9001607,JNL001607,CU74934,2025-07-23T11:48:00.000Z,North America,CA,EN,Chat,Connectivity,False motion alerts,Jonly Secure Subscription,Android,Tier 1,Closed,1093,1,1,1,-0.61
9001608,JNL001608,CU21321,2025-07-21T08:31:00.000Z,North America,CA,EN,Email,Inquiry,Device will not pair,Jonly Cam Indoor,Android,Tier 1,Closed,359,1,1,5,0.82
9001609,JNL001609,CU41519,2025-05-11T18:43:00.000Z,North America,CA,EN,Chat,Inquiry,Camera offline,Jonly Hub Mini,Android,Tier 2,In Progress,1402,1,0,4,0.84
9001610,JNL001610,CU40468,2025-06-17T01:25:00.000Z,North America,CA,EN,Email,Inquiry,Poor night vision,Jonly Doorbell Pro,iOS,Tier 1,Escalated,1451,1,1,5,1.0
9001611,JNL001611,CU40839,2025-07-27T21:23:00.000Z,North America,US,EN,Phone,Shipping,Device will not pair,Jonly Hub Plus,Web,Tier 1,Closed,1823,1,1,4,0.67
9001612,JNL001612,CU21325,2025-05-08T12:32:00.000Z,North America,CA,EN,Phone,Billing,Video not loading,Jonly Secure Subscription,Android,Tier 1,Closed,576,1,1,4,0.66
9001613,JNL001613,CU62619,2025-07-03T22:17:00.000Z,North America,US,EN,Phone,Shipping,Subscription not applied,Jonly Cam Outdoor,Web,Tier 1,In Progress,1327,1,1,4,0.76
9001614,JNL001614,CU46977,2025-05-05T16:46:00.000Z,North America,CA,EN,Chat,Billing,Camera offline,Jonly Cam Outdoor,iOS,Tier 1,Escalated,341,1,1,3,-0.13
9001615,JNL001615,CU92604,2025-07-06T06:36:00.000Z,Europe,GB,DE,Chat,Account,Order not delivered,Jonly Cam Indoor,iOS,Tier 2,Closed,1234,0,1,3,-0.38
9001616,JNL001616,CU41265,2025-05-09T07:40:00.000Z,Europe,NL,EN,Email,Inquiry,Poor night vision,Jonly Hub Mini,iOS,Tier 1,Closed,632,0,1,4,0.4
9001617,JNL001617,CU90645,2025-07-24T18:05:00.000Z,Europe,DE,EN,Web Form,Functionality,Video not loading,Jonly Doorbell Pro,Web,Tier 1,Closed,949,1,1,4,0.58
9001618,JNL001618,CU64775,2025-05-26T19:24:00.000Z,Europe,GB,EN,Phone,Billing,False motion alerts,Jonly Cam Outdoor,iOS,Tier 1,Closed,799,0,1,4,0.97
9001619,JNL001619,CU51183,2025-06-30T10:00:00.000Z,North America,CA,EN,Phone,Connectivity,Laggy live view,Jonly Hub Mini,Android,Tier 1,Closed,1514,0,0,5,0.36
9001620,JNL001620,CU72381,2025-07-19T22:20:00.000Z,North America,CA,DE,Phone,Inquiry,Charged twice,Jonly Hub Mini,Other,Escalation,Closed,847,0,1,3,0.2
9001621,JNL001621,CU33477,2025-06-09T20:01:00.000Z,North America,US,DE,Chat,Billing,Two-factor issues,Jonly Cam Indoor,Android,Tier 1,Escalated,238,0,1,5,1.0
9001622,JNL001622,CU29482,2025-05-30T07:03:00.000Z,Europe,DE,EN,Chat,Billing,Subscription not applied,Jonly Secure Subscription,Web,Tier 1,Closed,553,1,1,3,0.42
9001623,JNL001623,CU72364,2025-05-29T20:47:00.000Z,North America,CA,EN,Phone,Account,Poor night vision,Jonly Cam Indoor,Android,Tier 1,Closed,613,1,1,5,1.0
9001624,JNL001624,CU63228,2025-06-25T13:46:00.000Z,North America,CA,EN,Web Form,Billing,Device will not pair,Jonly Doorbell Pro,iOS,Tier 1,Closed,427,0,1,4,0.47
9001625,JNL001625,CU92465,2025-07-26T09:11:00.000Z,North America,CA,EN,Chat,Connectivity,Poor night vision,Jonly Floodlight Max,iOS,Tier 1,Escalated,684,1,1,4,0.16
9001626,JNL001626,CU31223,2025-06-25T17:36:00.000Z,North America,US,EN,Community,Account,Camera offline,Jonly Hub Plus,Other,Tier 1,Closed,265,0,1,3,0.08
9001627,JNL001627,CU79717,2025-05-22T12:54:00.000Z,Europe,NL,EN,Phone,Connectivity,Poor night vision,Jonly Hub Plus,Android,Tier 1,Escalated,1240,1,1,5,0.68
9001628,JNL001628,CU31626,2025-06-10T05:10:00.000Z,North America,CA,EN,Phone,Inquiry,Two-factor issues,Jonly Cam Indoor,Android,Tier 1,In Progress,1243,2,1,1,-1.0
9001629,JNL001629,CU39499,2025-07-09T01:13:00.000Z,North America,US,EN,Chat,Inquiry,Camera offline,Jonly Floodlight Max,iOS,Tier 1,Closed,1271,0,1,4,-0.12
9001630,JNL001630,CU63600,2025-05-17T16:47:00.000Z,North America,US,EN,Chat,Connectivity,Two-factor issues,Jonly Secure Subscription,iOS,Tier 1,Closed,1130,0,1,2,-0.53
9001631,JNL001631,CU71229,2025-05-19T04:49:00.000Z,Europe,GB,EN,Phone,Account,Device will not pair,Jonly Secure Subscription,Web,Tier 1,Closed,1566,0,1,4,0.15
9001632,JNL001632,CU72508,2025-06-26T07:18:00.000Z,Europe,NL,DE,Phone,Inquiry,No motion alerts,Jonly Hub Plus,iOS,Tier 1,Closed,768,0,1,4,0.88
9001633,JNL001633,CU99343,2025-07-29T15:43:00.000Z,North America,CA,EN,Phone,Inquiry,Device will not pair,Jonly Floodlight Max,iOS,Tier 1,Closed,1132,0,0,4,0.54
9001634,JNL001634,CU10760,2025-05-21T18:24:00.000Z,Europe,GB,EN,Web Form,Account,No motion alerts,Jonly Cam Outdoor,Other,Tier 2,Closed,968,0,1,2,-0.03
9001635,JNL001635,CU27716,2025-06-28T03:19:00.000Z,Europe,FR,FR,Web Form,Connectivity,Two-factor issues,Jonly Cam Indoor,Android,Tier 2,Closed,817,1,1,2,-0.45
9001636,JNL001636,CU22478,2025-05-17T17:32:00.000Z,North America,US,DE,Web Form,Inquiry,Cannot login to app,Jonly Doorbell Pro,Android,Tier 1,Closed,918,0,1,2,-1.0
9001637,JNL001637,CU94820,2025-06-25T19:01:00.000Z,North America,US,EN,Phone,Functionality,Device will not pair,Jonly Floodlight Max,iOS,Tier 1,Closed,1167,1,0,5,0.32
9001638,JNL001638,CU54699,2025-07-20T02:06:00.000Z,Europe,NL,EN,Phone,Account,Camera offline,Jonly Cam Outdoor,iOS,Tier 1,Closed,1324,0,1,4,0.28
9001639,JNL001639,CU88391,2025-05-08T03:13:00.000Z,North America,CA,DE,Email,Account,Video not loading,Jonly Hub Mini,Android,Tier 2,Closed,691,0,1,5,0.87
9001640,JNL001640,CU41164,2025-06-08T06:47:00.000Z,APAC,NZ,NL,Phone,Inquiry,Charged twice,Jonly Doorbell Pro,Web,Escalation,Closed,1006,1,0,4,0.88
9001641,JNL001641,CU10642,2025-07-27T21:06:00.000Z,North America,CA,DE,Phone,Functionality,Cannot login to app,Jonly Secure Subscription,Android,Tier 1,Closed,1344,0,1,3,0.21
9001642,JNL001642,CU65115,2025-06-08T08:12:00.000Z,North America,CA,DE,Phone,Functionality,Charged twice,Jonly Doorbell Pro,iOS,Tier 1,Escalated,392,1,1,2,-0.51
9001643,JNL001643,CU15426,2025-05-29T09:28:00.000Z,North America,CA,EN,Phone,Account,Doorbell not ringing,Jonly Doorbell Pro,iOS,Tier 1,Closed,642,1,1,5,0.86
9001644,JNL001644,CU79089,2025-06-13T10:50:00.000Z,North America,CA,EN,Chat,Connectivity,Laggy live view,Jonly Floodlight Max,Android,Tier 1,Closed,607,2,1,4,0.77
9001645,JNL001645,CU55460,2025-06-18T06:10:00.000Z,North America,US,EN,Phone,Functionality,Order not delivered,Jonly Hub Plus,Other,Tier 2,Closed,1216,0,1,5,0.22
9001646,JNL001646,CU58304,2025-05-26T01:15:00.000Z,Europe,NL,EN,Phone,Billing,Subscription not applied,Jonly Secure Subscription,Android,Tier 1,Escalated,1094,0,1,2,-0.76
9001647,JNL001647,CU87816,2025-07-07T02:37:00.000Z,APAC,NZ,EN,Chat,Connectivity,Wrong item received,Jonly Cam Outdoor,Android,Tier 1,Closed,958,0,1,2,-0.8
9001648,JNL001648,CU24358,2025-05-26T15:05:00.000Z,North America,CA,DE,Phone,Inquiry,Cannot login to app,Jonly Cam Indoor,iOS,Tier 1,Closed,1464,1,1,5,1.0
9001649,JNL001649,CU17353,2025-06-24T14:35:00.000Z,Europe,DE,EN,Community,Account,False motion alerts,Jonly Secure Subscription,iOS,Tier 1,In Progress,180,1,1,2,-0.91
9001650,JNL001650,CU81694,2025-06-26T17:30:00.000Z,North America,CA,EN,Chat,Functionality,Laggy live view,Jonly Floodlight Max,iOS,Tier 1,Closed,901,0,1,5,1.0
9001651,JNL001651,CU33234,2025-05-17T01:48:00.000Z,Europe,DE,EN,Phone,Connectivity,Order not delivered,Jonly Hub Plus,Web,Tier 2,Closed,776,1,1,3,-0.3
9001652,JNL001652,CU76899,2025-07-13T23:00:00.000Z,APAC,SG,FR,Community,Inquiry,Cannot login to app,Jonly Secure Subscription,Android,Tier 1,Closed,1136,0,1,3,0.15
9001653,JNL001653,CU72730,2025-05-03T05:44:00.000Z,North America,CA,EN,Phone,Setup,Charged twice,Jonly Hub Plus,iOS,Escalation,Escalated,1142,0,1,1,-1.0
9001654,JNL001654,CU96328,2025-06-07T06:50:00.000Z,Europe,FR,EN,Community,Shipping,No motion alerts,Jonly Floodlight Max,iOS,Tier 2,Closed,180,0,1,4,0.86
9001655,JNL001655,CU87372,2025-06-28T08:42:00.000Z,North America,CA,DE,Phone,Functionality,Poor night vision,Jonly Hub Plus,Android,Tier 1,Closed,1080,1,1,1,-0.79
9001656,JNL001656,CU92972,2025-06-15T14:15:00.000Z,APAC,AU,EN,Chat,Functionality,Cannot login to app,Jonly Floodlight Max,iOS,Tier 1,Closed,869,0,1,5,1.0
9001657,JNL001657,CU65987,2025-05-28T16:47:00.000Z,North America,US,EN,Phone,Setup,Two-factor issues,Jonly Hub Mini,Android,Tier 2,Closed,922,0,1,3,-0.18
9001658,JNL001658,CU97583,2025-05-30T21:19:00.000Z,Europe,NL,EN,Chat,Connectivity,Order not delivered,Jonly Floodlight Max,Android,Tier 2,Closed,776,0,0,5,0.68
9001659,JNL001659,CU49425,2025-05-31T11:06:00.000Z,North America,CA,EN,Phone,Functionality,Subscription not applied,Jonly Hub Plus,iOS,Tier 2,Closed,1225,0,1,1,-0.24
9001660,JNL001660,CU99996,2025-05-13T01:11:00.000Z,North America,CA,EN,Web Form,Account,Camera offline,Jonly Floodlight Max,iOS,Tier 1,Closed,818,1,1,3,-0.01
9001661,JNL001661,CU31104,2025-05-09T04:37:00.000Z,North America,US,EN,Chat,Setup,Video not loading,Jonly Hub Mini,Android,Tier 1,Closed,368,1,1,4,0.15
9001662,JNL001662,CU16426,2025-07-11T04:50:00.000Z,North America,US,EN,Email,Setup,Doorbell not ringing,Jonly Doorbell Pro,Web,Tier 1,Closed,1348,1,1,3,-0.45
9001663,JNL001663,CU61760,2025-05-14T00:14:00.000Z,North America,CA,FR,Phone,Functionality,No motion alerts,Jonly Hub Mini,Web,Tier 1,In Progress,1554,0,1,3,0.58
9001664,JNL001664,CU76152,2025-06-03T18:46:00.000Z,North America,CA,EN,Chat,Inquiry,Wrong item received,Jonly Doorbell Pro,iOS,Tier 1,Closed,1143,0,1,4,0.88
9001665,JNL001665,CU28156,2025-05-26T23:10:00.000Z,Europe,DE,EN,Chat,Connectivity,Subscription not applied,Jonly Hub Mini,iOS,Tier 1,Closed,746,0,1,5,1.0
9001666,JNL001666,CU36082,2025-06-09T23:17:00.000Z,North America,CA,EN,Email,Connectivity,Poor night vision,Jonly Hub Mini,Android,Tier 1,Closed,1144,0,1,5,0.92
9001667,JNL001667,CU75302,2025-07-19T11:19:00.000Z,North America,CA,EN,Phone,Shipping,Subscription not applied,Jonly Doorbell Pro,Android,Tier 1,In Progress,1868,0,1,2,-0.42
9001668,JNL001668,CU10350,2025-05-22T00:18:00.000Z,APAC,NZ,EN,Phone,Functionality,Doorbell not ringing,Jonly Hub Mini,iOS,Tier 1,Closed,1539,0,1,4,1.0
9001669,JNL001669,CU83593,2025-05-31T14:23:00.000Z,North America,US,EN,Phone,Billing,Wrong item received,Jonly Hub Plus,Android,Tier 1,Closed,1489,1,1,4,0.3
9001670,JNL001670,CU89660,2025-06-12T00:05:00.000Z,North America,US,NL,Email,Connectivity,Wrong item received,Jonly Hub Plus,iOS,Tier 1,Closed,900,0,1,1,-0.3
9001671,JNL001671,CU12380,2025-06-22T05:04:00.000Z,Europe,GB,EN,Email,Functionality,Charged twice,Jonly Doorbell Pro,iOS,Tier 1,Closed,858,0,1,5,0.31
9001672,JNL001672,CU91087,2025-07-27T08:09:00.000Z,Europe,FR,EN,Phone,Inquiry,Doorbell not ringing,Jonly Hub Plus,Android,Tier 1,Closed,1907,0,0,5,1.0
9001673,JNL001673,CU54346,2025-07-09T15:28:00.000Z,Europe,DE,EN,Email,Functionality,Order not delivered,Jonly Doorbell Pro,iOS,Tier 1,Closed,831,0,1,5,0.8
9001674,JNL001674,CU95869,2025-07-05T03:37:00.000Z,Europe,NL,EN,Chat,Functionality,False motion alerts,Jonly Cam Indoor,Android,Tier 2,Closed,180,0,1,5,0.98
9001675,JNL001675,CU87923,2025-06-25T00:56:00.000Z,Europe,NL,EN,Phone,Account,Audio one-way only,Jonly Hub Plus,Android,Tier 1,Closed,919,1,0,3,0.42
9001676,JNL001676,CU13055,2025-07-06T11:04:00.000Z,APAC,SG,EN,Phone,Functionality,Order not delivered,Jonly Secure Subscription,iOS,Tier 1,Closed,789,0,1,5,1.0
9001677,JNL001677,CU94146,2025-05-17T23:26:00.000Z,Europe,DE,EN,Email,Connectivity,Poor night vision,Jonly Cam Indoor,iOS,Tier 1,Closed,875,1,1,3,0.38
9001678,JNL001678,CU98824,2025-07-08T20:47:00.000Z,APAC,NZ,NL,Chat,Setup,False motion alerts,Jonly Cam Indoor,Android,Tier 1,Closed,1246,0,1,4,0.38
9001679,JNL001679,CU86350,2025-07-16T19:37:00.000Z,North America,CA,EN,Phone,Connectivity,Laggy live view,Jonly Cam Outdoor,Web,Tier 1,Closed,1576,0,1,4,0.34
9001680,JNL001680,CU15112,2025-06-18T10:42:00.000Z,North America,CA,FR,Phone,Connectivity,No motion alerts,Jonly Cam Outdoor,Android,Tier 1,Closed,1161,1,1,3,-0.5
9001681,JNL001681,CU71511,2025-07-17T10:32:00.000Z,North America,US,EN,Phone,Inquiry,Wrong item received,Jonly Floodlight Max,iOS,Escalation,Closed,1492,0,1,4,0.88
9001682,JNL001682,CU55673,2025-06-04T21:12:00.000Z,APAC,NZ,EN,Phone,Inquiry,Camera offline,Jonly Cam Indoor,iOS,Tier 1,Closed,2173,0,0,3,-0.43
9001683,JNL001683,CU92298,2025-05-17T22:12:00.000Z,Europe,NL,DE,Phone,Setup,Video not loading,Jonly Cam Indoor,Android,Tier 1,Closed,624,0,1,2,-0.11
9001684,JNL001684,CU83964,2025-06-08T16:46:00.000Z,Europe,GB,EN,Community,Inquiry,False motion alerts,Jonly Cam Outdoor,iOS,Tier 1,Closed,529,0,0,5,1.0
9001685,JNL001685,CU24473,2025-05-06T04:49:00.000Z,Europe,DE,EN,Phone,Setup,Video not loading,Jonly Secure Subscription,iOS,Tier 1,Closed,1524,1,1,4,1.0
9001686,JNL001686,CU12099,2025-05-16T20:44:00.000Z,Europe,GB,FR,Web Form,Connectivity,Camera offline,Jonly Hub Mini,Android,Tier 1,Escalated,634,1,1,5,1.0
9001687,JNL001687,CU93456,2025-05-28T00:19:00.000Z,North America,CA,DE,Chat,Connectivity,Order not delivered,Jonly Doorbell Pro,Web,Tier 1,Closed,791,0,1,5,1.0
9001688,JNL001688,CU20261,2025-06-23T09:00:00.000Z,APAC,NZ,EN,Email,Billing,False motion alerts,Jonly Hub Mini,Android,Tier 2,Closed,816,0,1,4,0.14
9001689,JNL001689,CU94437,2025-05-25T20:44:00.000Z,Europe,GB,EN,Email,Setup,Poor night vision,Jonly Doorbell Pro,iOS,Tier 1,Closed,180,2,1,1,-1.0
9001690,JNL001690,CU73236,2025-06-15T14:32:00.000Z,Europe,NL,EN,Phone,Inquiry,Two-factor issues,Jonly Cam Indoor,Other,Tier 1,Closed,443,0,1,5,0.6
9001691,JNL001691,CU60504,2025-07-07T10:24:00.000Z,North America,CA,EN,Chat,Connectivity,Device will not pair,Jonly Floodlight Max,Web,Tier 1,Closed,535,0,1,3,0.1
9001692,JNL001692,CU28339,2025-05-13T16:58:00.000Z,North America,US,FR,Chat,Account,Poor night vision,Jonly Secure Subscription,Android,Tier 2,Escalated,751,0,1,4,0.25
9001693,JNL001693,CU75108,2025-07-23T02:55:00.000Z,APAC,SG,EN,Phone,Inquiry,Laggy live view,Jonly Secure Subscription,Android,Tier 2,Closed,479,0,1,5,0.94
9001694,JNL001694,CU54079,2025-07-29T02:55:00.000Z,North America,US,EN,Phone,Functionality,Doorbell not ringing,Jonly Cam Indoor,Web,Tier 2,Closed,834,0,1,4,0.64
9001695,JNL001695,CU79116,2025-07-09T13:28:00.000Z,APAC,NZ,FR,Email,Functionality,Audio one-way only,Jonly Floodlight Max,Android,Tier 1,Closed,1126,0,1,4,0.27
9001696,JNL001696,CU71334,2025-07-05T03:55:00.000Z,North America,CA,NL,Chat,Functionality,Wrong item received,Jonly Doorbell Pro,Android,Tier 2,In Progress,1305,0,1,3,-0.21
9001697,JNL001697,CU19154,2025-06-22T02:15:00.000Z,North America,CA,EN,Web Form,Setup,Cannot login to app,Jonly Hub Plus,iOS,Tier 1,Closed,654,0,1,3,0.77
9001698,JNL001698,CU28207,2025-06-07T12:07:00.000Z,North America,US,FR,Phone,Inquiry,Device will not pair,Jonly Secure Subscription,iOS,Tier 1,In Progress,1278,1,1,3,-0.23
9001699,JNL001699,CU15160,2025-07-17T18:51:00.000Z,North America,CA,EN,Phone,Inquiry,Video not loading,Jonly Cam Outdoor,Android,Escalation,Closed,319,1,1,5,1.0
9001700,JNL001700,CU79952,2025-07-04T06:01:00.000Z,North America,US,DE,Email,Account,False motion alerts,Jonly Hub Mini,Web,Tier 1,Closed,561,1,1,2,-0.48
9001701,JNL001701,CU61142,2025-07-28T06:57:00.000Z,North America,CA,EN,Email,Functionality,Wrong item received,Jonly Floodlight Max,Android,Tier 2,In Progress,1650,0,0,5,0.94
9001702,JNL001702,CU16694,2025-07-02T02:34:00.000Z,Europe,FR,FR,Phone,Account,Device will not pair,Jonly Hub Plus,iOS,Tier 2,Closed,955,1,0,2,-0.35
9001703,JNL001703,CU43496,2025-07-16T23:31:00.000Z,Europe,GB,EN,Phone,Connectivity,Camera offline,Jonly Floodlight Max,Android,Tier 1,Closed,392,1,1,1,-0.45
9001704,JNL001704,CU10228,2025-07-21T01:31:00.000Z,North America,US,EN,Chat,Billing,Laggy live view,Jonly Cam Outdoor,iOS,Tier 1,Closed,597,1,1,5,1.0
9001705,JNL001705,CU24224,2025-06-17T17:20:00.000Z,North America,CA,EN,Chat,Inquiry,Audio one-way only,Jonly Hub Plus,iOS,Tier 1,Closed,1829,0,0,1,-0.6
9001706,JNL001706,CU69469,2025-05-04T11:53:00.000Z,Europe,FR,EN,Chat,Shipping,Device will not pair,Jonly Hub Mini,Web,Tier 2,Closed,782,0,1,5,0.78
9001707,JNL001707,CU24503,2025-05-26T02:24:00.000Z,APAC,AU,EN,Web Form,Functionality,Poor night vision,Jonly Floodlight Max,iOS,Tier 2,Closed,537,0,1,4,-0.21
9001708,JNL001708,CU64139,2025-06-16T13:32:00.000Z,Europe,GB,EN,Email,Setup,Two-factor issues,Jonly Cam Outdoor,iOS,Tier 1,Escalated,796,1,1,3,0.01
9001709,JNL001709,CU95379,2025-05-30T11:20:00.000Z,North America,US,EN,Phone,Inquiry,No motion alerts,Jonly Cam Outdoor,iOS,Tier 1,Closed,789,0,0,4,1.0
9001710,JNL001710,CU61533,2025-06-24T16:07:00.000Z,Europe,DE,EN,Phone,Connectivity,Device will not pair,Jonly Hub Mini,iOS,Tier 2,In Progress,1186,1,1,5,0.51
9001711,JNL001711,CU58959,2025-05-16T15:02:00.000Z,North America,US,EN,Chat,Connectivity,Order not delivered,Jonly Floodlight Max,Android,Tier 1,Closed,891,0,1,5,1.0
9001712,JNL001712,CU56745,2025-05-10T19:23:00.000Z,Europe,GB,EN,Phone,Shipping,Laggy live view,Jonly Hub Mini,Android,Tier 1,Closed,317,0,1,4,0.4
9001713,JNL001713,CU90005,2025-06-25T04:16:00.000Z,Europe,FR,DE,Phone,Inquiry,Poor night vision,Jonly Cam Outdoor,iOS,Tier 1,Closed,1116,0,1,4,0.26
9001714,JNL001714,CU29922,2025-07-28T08:30:00.000Z,Europe,FR,EN,Community,Billing,No motion alerts,Jonly Floodlight Max,Android,Tier 1,Closed,495,0,1,3,0.14
9001715,JNL001715,CU94628,2025-05-04T17:15:00.000Z,North America,US,DE,Chat,Functionality,Charged twice,Jonly Secure Subscription,iOS,Tier 1,Escalated,743,0,1,5,1.0
9001716,JNL001716,CU27450,2025-06-29T01:38:00.000Z,North America,CA,EN,Email,Functionality,Video not loading,Jonly Hub Mini,iOS,Tier 1,Closed,245,1,1,4,0.39
9001717,JNL001717,CU21733,2025-07-06T08:34:00.000Z,Europe,DE,EN,Phone,Inquiry,Doorbell not ringing,Jonly Hub Plus,Android,Tier 1,In Progress,848,0,1,3,0.53
9001718,JNL001718,CU98085,2025-07-12T01:17:00.000Z,Europe,NL,EN,Phone,Inquiry,Subscription not applied,Jonly Hub Mini,Web,Escalation,Closed,1214,1,1,3,-0.23
9001719,JNL001719,CU22012,2025-05-11T15:37:00.000Z,North America,CA,EN,Phone,Functionality,Subscription not applied,Jonly Secure Subscription,iOS,Escalation,Closed,1104,1,1,5,1.0
9001720,JNL001720,CU92020,2025-07-01T23:59:00.000Z,North America,CA,DE,Chat,Inquiry,Audio one-way only,Jonly Cam Indoor,iOS,Tier 2,Closed,1094,0,1,5,0.76
9001721,JNL001721,CU12533,2025-07-18T22:14:00.000Z,North America,US,EN,Chat,Account,Charged twice,Jonly Secure Subscription,Android,Tier 1,Closed,648,0,1,4,-0.02
9001722,JNL001722,CU12045,2025-05-01T08:50:00.000Z,North America,CA,EN,Email,Shipping,Order not delivered,Jonly Hub Mini,iOS,Tier 1,Closed,794,0,1,2,-0.81
9001723,JNL001723,CU53971,2025-05-11T11:29:00.000Z,Europe,FR,EN,Phone,Connectivity,Order not delivered,Jonly Secure Subscription,iOS,Tier 1,Closed,1221,0,1,2,-0.16
9001724,JNL001724,CU78456,2025-05-13T01:24:00.000Z,Europe,NL,EN,Email,Account,No motion alerts,Jonly Hub Mini,Web,Escalation,Closed,1271,0,0,5,0.71
9001725,JNL001725,CU52996,2025-06-20T08:07:00.000Z,Europe,FR,DE,Chat,Shipping,Audio one-way only,Jonly Doorbell Pro,iOS,Escalation,Closed,1421,1,0,5,1.0
9001726,JNL001726,CU65840,2025-05-11T22:33:00.000Z,North America,US,EN,Phone,Account,No motion alerts,Jonly Cam Outdoor,iOS,Tier 1,Closed,1060,0,1,5,0.59
9001727,JNL001727,CU65570,2025-07-04T20:25:00.000Z,North America,CA,NL,Phone,Setup,Laggy live view,Jonly Floodlight Max,Web,Tier 1,Closed,1464,0,1,2,-0.39
9001728,JNL001728,CU42807,2025-06-29T21:29:00.000Z,Europe,NL,EN,Phone,Connectivity,Two-factor issues,Jonly Hub Mini,iOS,Escalation,Closed,1008,0,1,5,0.84
9001729,JNL001729,CU75178,2025-06-01T07:28:00.000Z,North America,US,EN,Email,Functionality,Subscription not applied,Jonly Doorbell Pro,Android,Tier 2,Closed,180,2,1,3,-0.48
9001730,JNL001730,CU98106,2025-07-08T09:27:00.000Z,North America,CA,EN,Email,Functionality,Audio one-way only,Jonly Floodlight Max,Android,Escalation,Closed,975,1,1,5,0.57
9001731,JNL001731,CU64930,2025-07-24T17:29:00.000Z,Europe,DE,EN,Email,Connectivity,Subscription not applied,Jonly Secure Subscription,iOS,Tier 1,Closed,937,3,1,3,-0.19
9001732,JNL001732,CU27619,2025-05-14T03:19:00.000Z,North America,CA,EN,Phone,Account,Device will not pair,Jonly Hub Plus,Web,Tier 1,Closed,1679,0,1,5,0.78
9001733,JNL001733,CU95628,2025-07-21T08:32:00.000Z,APAC,SG,EN,Phone,Connectivity,False motion alerts,Jonly Floodlight Max,iOS,Tier 1,Closed,1019,0,1,5,0.89
9001734,JNL001734,CU38918,2025-06-06T02:06:00.000Z,Europe,FR,DE,Phone,Account,Device will not pair,Jonly Floodlight Max,Android,Tier 1,Closed,953,0,1,3,-0.23
9001735,JNL001735,CU85627,2025-07-11T09:29:00.000Z,North America,US,EN,Chat,Functionality,Two-factor issues,Jonly Hub Mini,Android,Tier 1,Closed,1144,0,1,4,0.07
9001736,JNL001736,CU74864,2025-07-23T20:11:00.000Z,North America,US,EN,Email,Connectivity,Device will not pair,Jonly Floodlight Max,Android,Tier 2,Closed,717,0,1,3,-0.34
9001737,JNL001737,CU92480,2025-06-05T19:28:00.000Z,North America,CA,EN,Phone,Inquiry,No motion alerts,Jonly Secure Subscription,iOS,Tier 1,Escalated,1392,1,1,4,1.0
9001738,JNL001738,CU12356,2025-06-24T08:34:00.000Z,North America,US,EN,Web Form,Functionality,Subscription not applied,Jonly Doorbell Pro,Android,Tier 2,Closed,821,0,1,4,0.61
9001739,JNL001739,CU72276,2025-07-19T08:26:00.000Z,Europe,NL,EN,Chat,Account,False motion alerts,Jonly Secure Subscription,iOS,Escalation,Closed,583,0,0,4,0.25
9001740,JNL001740,CU35882,2025-05-18T23:22:00.000Z,Europe,GB,EN,Phone,Functionality,Wrong item received,Jonly Hub Mini,iOS,Tier 1,Closed,1256,0,1,5,1.0
9001741,JNL001741,CU41336,2025-05-28T01:09:00.000Z,North America,US,DE,Phone,Connectivity,Doorbell not ringing,Jonly Cam Indoor,Android,Tier 1,Closed,932,1,1,4,0.16
9001742,JNL001742,CU46752,2025-05-05T21:56:00.000Z,North America,CA,EN,Community,Billing,Camera offline,Jonly Doorbell Pro,Other,Tier 1,Escalated,1054,1,1,4,0.72
9001743,JNL001743,CU80890,2025-05-28T15:28:00.000Z,APAC,NZ,EN,Email,Connectivity,No motion alerts,Jonly Cam Outdoor,iOS,Tier 1,Closed,552,0,1,1,-1.0
9001744,JNL001744,CU12985,2025-07-30T22:52:00.000Z,North America,CA,EN,Chat,Connectivity,Doorbell not ringing,Jonly Cam Indoor,iOS,Tier 1,Closed,516,0,1,3,0.4
9001745,JNL001745,CU44657,2025-06-05T10:04:00.000Z,North America,US,EN,Phone,Functionality,Two-factor issues,Jonly Cam Outdoor,Android,Tier 1,Closed,661,1,1,3,-0.78
9001746,JNL001746,CU75565,2025-05-08T01:02:00.000Z,North America,US,EN,Phone,Inquiry,False motion alerts,Jonly Secure Subscription,Other,Tier 1,Closed,1169,0,1,4,0.74
9001747,JNL001747,CU64043,2025-06-17T18:15:00.000Z,Europe,FR,EN,Community,Functionality,Wrong item received,Jonly Doorbell Pro,iOS,Tier 1,Closed,496,0,1,4,-0.14
9001748,JNL001748,CU88158,2025-07-05T01:57:00.000Z,North America,US,FR,Email,Functionality,Two-factor issues,Jonly Secure Subscription,Web,Tier 1,Closed,586,0,1,4,0.61
9001749,JNL001749,CU38696,2025-05-04T02:11:00.000Z,APAC,SG,DE,Phone,Functionality,Two-factor issues,Jonly Cam Indoor,Android,Tier 1,Closed,1433,0,0,4,0.31
9001750,JNL001750,CU14671,2025-07-04T10:25:00.000Z,North America,US,EN,Email,Functionality,Charged twice,Jonly Hub Mini,iOS,Tier 2,Closed,1465,0,1,2,-0.42
9001751,JNL001751,CU84575,2025-07-26T13:35:00.000Z,Europe,FR,FR,Phone,Account,Two-factor issues,Jonly Cam Indoor,iOS,Tier 1,Escalated,1542,1,1,3,0.22
9001752,JNL001752,CU63469,2025-06-28T18:39:00.000Z,Europe,GB,FR,Phone,Connectivity,Cannot login to app,Jonly Doorbell Pro,Android,Tier 1,Closed,833,2,1,4,0.45
9001753,JNL001753,CU98211,2025-05-27T16:48:00.000Z,Europe,NL,DE,Phone,Inquiry,Subscription not applied,Jonly Cam Outdoor,Android,Tier 1,Closed,1444,0,1,3,0.63
9001754,JNL001754,CU87047,2025-07-26T19:20:00.000Z,Europe,FR,EN,Chat,Account,Order not delivered,Jonly Hub Plus,iOS,Tier 2,Closed,1107,0,1,2,-0.72
9001755,JNL001755,CU75540,2025-07-19T14:35:00.000Z,North America,CA,FR,Phone,Connectivity,Doorbell not ringing,Jonly Hub Plus,iOS,Tier 1,Closed,757,0,1,3,0.2
9001756,JNL001756,CU62868,2025-05-16T11:29:00.000Z,Europe,NL,DE,Chat,Functionality,Cannot login to app,Jonly Hub Mini,Web,Tier 1,In Progress,605,1,1,3,-0.7
9001757,JNL001757,CU58808,2025-07-02T10:53:00.000Z,Europe,NL,EN,Email,Shipping,Poor night vision,Jonly Cam Outdoor,iOS,Tier 1,Closed,851,0,1,4,0.78
9001758,JNL001758,CU64697,2025-07-09T21:26:00.000Z,North America,CA,EN,Web Form,Connectivity,False motion alerts,Jonly Doorbell Pro,Android,Tier 1,Closed,1420,0,1,3,0.03
9001759,JNL001759,CU49185,2025-05-02T09:19:00.000Z,North America,CA,DE,Chat,Connectivity,Wrong item received,Jonly Secure Subscription,Android,Tier 1,In Progress,677,0,1,2,-0.49
9001760,JNL001760,CU15125,2025-05-11T21:03:00.000Z,Europe,DE,EN,Phone,Inquiry,Wrong item received,Jonly Secure Subscription,Android,Tier 1,Closed,1241,0,1,4,0.38
9001761,JNL001761,CU45355,2025-06-20T17:00:00.000Z,APAC,NZ,EN,Phone,Inquiry,Wrong item received,Jonly Cam Outdoor,Android,Tier 1,Closed,681,0,1,4,0.42
9001762,JNL001762,CU14712,2025-05-04T16:06:00.000Z,North America,US,EN,Phone,Inquiry,Device will not pair,Jonly Doorbell Pro,iOS,Tier 1,In Progress,1525,0,0,5,1.0
9001763,JNL001763,CU52604,2025-07-01T08:58:00.000Z,Europe,DE,EN,Email,Billing,Laggy live view,Jonly Doorbell Pro,iOS,Tier 1,Closed,1234,2,1,5,1.0
9001764,JNL001764,CU20059,2025-06-09T17:22:00.000Z,North America,CA,NL,Web Form,Inquiry,Subscription not applied,Jonly Doorbell Pro,iOS,Tier 2,Closed,675,0,1,5,0.94
9001765,JNL001765,CU86076,2025-05-20T00:09:00.000Z,North America,US,DE,Community,Billing,Camera offline,Jonly Hub Mini,Web,Tier 1,Closed,305,0,1,5,0.54
9001766,JNL001766,CU61294,2025-06-17T17:33:00.000Z,North America,CA,EN,Web Form,Connectivity,Laggy live view,Jonly Cam Indoor,iOS,Escalation,Closed,867,0,1,4,0.93
9001767,JNL001767,CU33127,2025-07-22T17:01:00.000Z,North America,US,EN,Email,Inquiry,Camera offline,Jonly Hub Mini,iOS,Tier 1,In Progress,1303,0,1,3,-0.43
9001768,JNL001768,CU39210,2025-05-18T05:32:00.000Z,North America,CA,EN,Email,Inquiry,Two-factor issues,Jonly Doorbell Pro,Web,Tier 1,Closed,1025,1,1,4,0.73
9001769,JNL001769,CU76262,2025-07-09T14:39:00.000Z,Europe,GB,EN,Email,Setup,Two-factor issues,Jonly Cam Outdoor,Android,Tier 2,Closed,539,0,0,4,0.67
9001770,JNL001770,CU15688,2025-06-24T04:01:00.000Z,North America,US,EN,Chat,Billing,No motion alerts,Jonly Cam Indoor,Web,Tier 2,Closed,226,0,1,5,1.0
9001771,JNL001771,CU40496,2025-06-25T17:27:00.000Z,APAC,AU,EN,Chat,Setup,Laggy live view,Jonly Cam Outdoor,Android,Tier 1,Closed,586,1,1,2,-0.39
9001772,JNL001772,CU76476,2025-05-31T07:31:00.000Z,APAC,AU,EN,Phone,Functionality,Audio one-way only,Jonly Doorbell Pro,iOS,Tier 1,Closed,1565,1,1,3,-0.2
9001773,JNL001773,CU48613,2025-06-14T15:18:00.000Z,North America,US,EN,Phone,Billing,Poor night vision,Jonly Secure Subscription,iOS,Tier 1,Closed,1771,2,1,4,0.72
9001774,JNL001774,CU80208,2025-06-08T20:25:00.000Z,Europe,DE,EN,Phone,Shipping,Device will not pair,Jonly Secure Subscription,Android,Tier 1,Closed,768,0,1,5,0.65
9001775,JNL001775,CU19470,2025-07-11T16:03:00.000Z,North America,CA,EN,Chat,Shipping,Poor night vision,Jonly Secure Subscription,iOS,Tier 2,Closed,1427,1,1,5,1.0
9001776,JNL001776,CU28509,2025-05-23T08:53:00.000Z,APAC,NZ,DE,Email,Inquiry,Laggy live view,Jonly Cam Outdoor,Web,Tier 1,Closed,799,0,1,5,1.0
9001777,JNL001777,CU67261,2025-07-03T17:58:00.000Z,North America,US,EN,Phone,Setup,Device will not pair,Jonly Hub Mini,Android,Tier 1,Closed,1478,0,0,4,0.71
9001778,JNL001778,CU50272,2025-05-15T20:17:00.000Z,North America,CA,FR,Chat,Connectivity,Doorbell not ringing,Jonly Doorbell Pro,iOS,Tier 2,Closed,517,1,1,4,-0.04
9001779,JNL001779,CU57661,2025-07-27T06:17:00.000Z,North America,US,EN,Phone,Account,Order not delivered,Jonly Doorbell Pro,Android,Tier 1,Closed,1267,0,1,4,1.0
9001780,JNL001780,CU61072,2025-07-24T16:42:00.000Z,APAC,NZ,DE,Web Form,Inquiry,Order not delivered,Jonly Hub Plus,iOS,Tier 1,Closed,392,0,1,5,1.0
9001781,JNL001781,CU63779,2025-05-09T08:04:00.000Z,North America,US,DE,Chat,Connectivity,No motion alerts,Jonly Cam Indoor,Web,Tier 1,In Progress,1162,0,1,2,-0.61
9001782,JNL001782,CU33818,2025-05-20T06:46:00.000Z,APAC,SG,EN,Phone,Functionality,Device will not pair,Jonly Doorbell Pro,Android,Tier 1,Closed,409,0,1,3,-0.24
9001783,JNL001783,CU82486,2025-05-16T10:32:00.000Z,North America,CA,EN,Phone,Inquiry,Subscription not applied,Jonly Secure Subscription,iOS,Tier 1,Closed,964,0,1,3,0.5
9001784,JNL001784,CU52416,2025-07-01T20:47:00.000Z,Europe,DE,EN,Email,Functionality,Poor night vision,Jonly Cam Outdoor,iOS,Tier 1,In Progress,1242,0,1,5,0.79
9001785,JNL001785,CU15784,2025-07-14T04:52:00.000Z,APAC,NZ,FR,Email,Billing,Poor night vision,Jonly Doorbell Pro,Android,Tier 1,Closed,180,0,0,1,-0.92
9001786,JNL001786,CU53615,2025-05-11T04:03:00.000Z,North America,US,EN,Phone,Billing,Wrong item received,Jonly Secure Subscription,Web,Tier 1,In Progress,821,0,1,4,0.52
9001787,JNL001787,CU19030,2025-06-05T03:13:00.000Z,Europe,FR,EN,Community,Billing,Poor night vision,Jonly Cam Indoor,Android,Tier 2,Escalated,545,1,1,4,0.69
9001788,JNL001788,CU23904,2025-05-02T13:58:00.000Z,North America,US,EN,Chat,Connectivity,Camera offline,Jonly Floodlight Max,Android,Tier 2,Closed,1174,0,0,5,0.56
9001789,JNL001789,CU96102,2025-06-20T17:10:00.000Z,North America,US,EN,Phone,Setup,Doorbell not ringing,Jonly Floodlight Max,Android,Tier 1,Escalated,1303,0,1,2,0.09
9001790,JNL001790,CU25553,2025-06-23T21:52:00.000Z,Europe,GB,EN,Chat,Account,Two-factor issues,Jonly Secure Subscription,iOS,Escalation,Closed,488,0,1,3,0.31
9001791,JNL001791,CU43534,2025-07-06T00:16:00.000Z,North America,US,EN,Phone,Inquiry,Video not loading,Jonly Cam Outdoor,Android,Tier 2,In Progress,399,1,1,2,-1.0
9001792,JNL001792,CU98015,2025-07-19T08:37:00.000Z,North America,CA,EN,Web Form,Inquiry,Laggy live view,Jonly Cam Outdoor,Web,Tier 1,Closed,735,0,1,4,0.24
9001793,JNL001793,CU86894,2025-07-29T11:34:00.000Z,North America,US,EN,Phone,Connectivity,Order not delivered,Jonly Hub Plus,iOS,Tier 1,Closed,1037,2,1,2,-0.7
9001794,JNL001794,CU81410,2025-07-23T01:01:00.000Z,APAC,NZ,DE,Phone,Billing,Video not loading,Jonly Doorbell Pro,iOS,Tier 1,Closed,1654,2,1,4,1.0
9001795,JNL001795,CU28350,2025-06-09T17:25:00.000Z,APAC,NZ,FR,Web Form,Billing,Laggy live view,Jonly Cam Indoor,Android,Tier 1,Escalated,568,2,1,3,-0.28
9001796,JNL001796,CU63834,2025-05-22T16:10:00.000Z,Europe,DE,EN,Web Form,Connectivity,Order not delivered,Jonly Hub Mini,iOS,Tier 1,Closed,502,0,1,5,1.0
9001797,JNL001797,CU43162,2025-05-14T08:49:00.000Z,APAC,AU,EN,Phone,Connectivity,Poor night vision,Jonly Floodlight Max,Android,Tier 1,Escalated,1471,0,1,2,-0.42
9001798,JNL001798,CU72331,2025-07-04T08:30:00.000Z,Europe,GB,EN,Phone,Inquiry,Wrong item received,Jonly Doorbell Pro,Android,Tier 2,Closed,1126,0,1,4,0.32
9001799,JNL001799,CU21294,2025-05-26T18:09:00.000Z,Europe,NL,EN,Chat,Functionality,Audio one-way only,Jonly Doorbell Pro,iOS,Escalation,Closed,479,1,0,4,-0.29
9001800,JNL001800,CU84828,2025-07-19T05:13:00.000Z,Europe,DE,EN,Chat,Billing,False motion alerts,Jonly Cam Outdoor,iOS,Tier 1,Closed,998,1,1,5,0.83
9001801,JNL001801,CU69137,2025-06-13T11:44:00.000Z,Europe,NL,EN,Community,Account,False motion alerts,Jonly Cam Outdoor,iOS,Tier 1,Closed,720,0,1,4,0.97
9001802,JNL001802,CU14774,2025-05-11T00:15:00.000Z,APAC,AU,EN,Email,Connectivity,Doorbell not ringing,Jonly Floodlight Max,Android,Tier 1,Closed,742,0,1,4,0.63
9001803,JNL001803,CU46946,2025-05-06T03:09:00.000Z,APAC,AU,EN,Chat,Billing,No motion alerts,Jonly Hub Mini,iOS,Tier 1,Closed,371,0,1,5,0.24
9001804,JNL001804,CU54554,2025-05-14T12:02:00.000Z,North America,US,EN,Chat,Connectivity,No motion alerts,Jonly Cam Outdoor,Other,Tier 1,Closed,532,0,1,5,0.7
9001805,JNL001805,CU58360,2025-05-21T10:01:00.000Z,North America,CA,DE,Phone,Functionality,Camera offline,Jonly Floodlight Max,Web,Tier 1,Closed,180,1,1,4,0.62
9001806,JNL001806,CU96238,2025-07-10T09:49:00.000Z,North America,CA,EN,Phone,Inquiry,Wrong item received,Jonly Hub Plus,iOS,Tier 1,Closed,180,0,1,5,1.0
9001807,JNL001807,CU95697,2025-07-19T05:18:00.000Z,North America,CA,EN,Phone,Billing,Wrong item received,Jonly Cam Outdoor,iOS,Tier 1,Closed,489,0,1,4,0.31
9001808,JNL001808,CU97907,2025-05-18T23:54:00.000Z,Europe,GB,DE,Chat,Functionality,Charged twice,Jonly Floodlight Max,iOS,Escalation,Closed,1018,0,1,5,1.0
9001809,JNL001809,CU11905,2025-05-22T01:58:00.000Z,APAC,AU,DE,Phone,Functionality,Charged twice,Jonly Secure Subscription,iOS,Escalation,In Progress,1300,0,1,3,0.34
9001810,JNL001810,CU25618,2025-05-03T18:01:00.000Z,APAC,NZ,EN,Phone,Functionality,Device will not pair,Jonly Hub Mini,iOS,Tier 2,Escalated,1337,0,1,3,-0.4
9001811,JNL001811,CU28481,2025-06-25T10:48:00.000Z,North America,CA,FR,Chat,Account,False motion alerts,Jonly Cam Indoor,Web,Tier 1,Closed,945,0,1,5,1.0
9001812,JNL001812,CU44322,2025-05-14T18:02:00.000Z,Europe,GB,EN,Phone,Functionality,Laggy live view,Jonly Cam Indoor,iOS,Tier 1,Closed,662,3,1,3,0.24
9001813,JNL001813,CU32219,2025-06-17T04:31:00.000Z,North America,CA,EN,Web Form,Billing,Charged twice,Jonly Hub Mini,iOS,Tier 2,Escalated,1598,1,1,5,1.0
9001814,JNL001814,CU91844,2025-05-19T08:24:00.000Z,North America,US,EN,Email,Setup,Two-factor issues,Jonly Cam Outdoor,Android,Tier 1,Closed,1119,1,1,5,1.0
9001815,JNL001815,CU60545,2025-07-28T15:59:00.000Z,Europe,GB,EN,Phone,Billing,No motion alerts,Jonly Hub Mini,Other,Tier 2,Closed,1189,0,1,4,0.33
9001816,JNL001816,CU15740,2025-05-01T21:16:00.000Z,Europe,GB,EN,Phone,Billing,Video not loading,Jonly Cam Indoor,Web,Tier 1,Closed,628,0,1,5,1.0
9001817,JNL001817,CU75624,2025-05-22T00:32:00.000Z,North America,CA,EN,Chat,Inquiry,Cannot login to app,Jonly Hub Plus,Android,Tier 1,Closed,345,0,1,4,1.0
9001818,JNL001818,CU12081,2025-05-26T11:20:00.000Z,Europe,GB,DE,Email,Inquiry,Two-factor issues,Jonly Hub Plus,Android,Tier 1,Escalated,529,0,1,4,0.44
9001819,JNL001819,CU60820,2025-05-19T18:51:00.000Z,Europe,DE,EN,Web Form,Account,Cannot login to app,Jonly Cam Outdoor,Android,Tier 1,Closed,1142,0,0,4,0.22
9001820,JNL001820,CU88936,2025-06-26T10:08:00.000Z,North America,US,EN,Chat,Connectivity,Charged twice,Jonly Cam Indoor,Web,Tier 2,Closed,1535,0,1,3,-0.47
9001821,JNL001821,CU85039,2025-06-14T23:13:00.000Z,Europe,FR,EN,Chat,Billing,Video not loading,Jonly Cam Outdoor,Android,Tier 1,Closed,946,1,1,3,0.06
9001822,JNL001822,CU34635,2025-06-22T19:33:00.000Z,Europe,GB,EN,Phone,Connectivity,False motion alerts,Jonly Secure Subscription,iOS,Tier 1,Closed,500,2,1,3,-0.32
9001823,JNL001823,CU85664,2025-06-29T08:01:00.000Z,North America,US,EN,Chat,Functionality,Device will not pair,Jonly Hub Plus,iOS,Tier 1,Escalated,210,0,1,4,0.57
9001824,JNL001824,CU24284,2025-06-27T10:52:00.000Z,APAC,SG,FR,Email,Functionality,No motion alerts,Jonly Hub Mini,iOS,Tier 1,Closed,606,1,1,4,1.0
9001825,JNL001825,CU27567,2025-05-09T02:19:00.000Z,North America,US,EN,Phone,Connectivity,Audio one-way only,Jonly Hub Mini,iOS,Tier 1,Closed,1239,0,1,2,-0.35
9001826,JNL001826,CU61850,2025-07-16T18:03:00.000Z,North America,US,DE,Chat,Functionality,Poor night vision,Jonly Hub Mini,Other,Tier 2,Closed,1169,2,1,4,1.0
9001827,JNL001827,CU17840,2025-06-09T03:47:00.000Z,Europe,NL,EN,Web Form,Connectivity,Video not loading,Jonly Hub Mini,iOS,Tier 1,Closed,1456,0,1,5,1.0
9001828,JNL001828,CU54561,2025-05-15T14:54:00.000Z,Europe,GB,DE,Community,Connectivity,Laggy live view,Jonly Cam Indoor,Android,Tier 1,Closed,358,0,1,4,0.26
9001829,JNL001829,CU16618,2025-05-09T03:51:00.000Z,APAC,AU,EN,Phone,Inquiry,No motion alerts,Jonly Secure Subscription,Web,Tier 2,Closed,1502,0,0,3,-0.39
9001830,JNL001830,CU91965,2025-06-21T15:32:00.000Z,Europe,NL,EN,Email,Inquiry,Cannot login to app,Jonly Cam Indoor,iOS,Tier 2,Closed,972,0,1,4,-0.07
9001831,JNL001831,CU54232,2025-05-15T12:25:00.000Z,North America,US,EN,Phone,Account,No motion alerts,Jonly Secure Subscription,iOS,Tier 1,Closed,1151,0,1,5,0.49
9001832,JNL001832,CU91204,2025-05-31T14:51:00.000Z,APAC,AU,EN,Chat,Billing,Device will not pair,Jonly Hub Mini,Android,Tier 1,Closed,244,0,1,5,1.0
9001833,JNL001833,CU90751,2025-05-18T08:57:00.000Z,North America,CA,EN,Phone,Inquiry,No motion alerts,Jonly Hub Plus,Android,Tier 1,Closed,1095,1,1,5,0.5
9001834,JNL001834,CU16272,2025-06-04T15:39:00.000Z,Europe,NL,EN,Chat,Account,False motion alerts,Jonly Cam Indoor,Android,Tier 1,Closed,966,0,0,4,-0.04
9001835,JNL001835,CU72217,2025-06-26T21:19:00.000Z,Europe,FR,EN,Phone,Functionality,Subscription not applied,Jonly Cam Indoor,Android,Tier 1,Escalated,1577,0,1,3,0.26
9001836,JNL001836,CU29504,2025-06-15T20:54:00.000Z,Europe,FR,EN,Phone,Connectivity,No motion alerts,Jonly Cam Indoor,Android,Tier 1,Closed,403,0,1,2,0.04
9001837,JNL001837,CU27923,2025-07-09T01:18:00.000Z,North America,CA,NL,Phone,Connectivity,Video not loading,Jonly Floodlight Max,Web,Tier 1,Closed,863,2,1,1,-1.0
9001838,JNL001838,CU71463,2025-07-12T02:58:00.000Z,Europe,FR,EN,Phone,Setup,Video not loading,Jonly Doorbell Pro,Other,Tier 1,In Progress,588,1,1,3,-0.37
9001839,JNL001839,CU55170,2025-05-13T04:17:00.000Z,Europe,DE,EN,Email,Functionality,Order not delivered,Jonly Cam Indoor,iOS,Tier 2,Closed,1350,0,0,3,-0.4
9001840,JNL001840,CU10063,2025-05-14T15:00:00.000Z,North America,CA,DE,Chat,Inquiry,No motion alerts,Jonly Cam Indoor,iOS,Escalation,Closed,1300,2,1,4,0.57
9001841,JNL001841,CU91299,2025-05-27T07:42:00.000Z,Europe,NL,EN,Email,Account,Subscription not applied,Jonly Cam Outdoor,Android,Tier 1,Closed,543,1,1,4,0.02
9001842,JNL001842,CU65165,2025-06-09T19:59:00.000Z,Europe,DE,EN,Phone,Account,Wrong item received,Jonly Cam Outdoor,iOS,Tier 1,Closed,1316,0,1,4,0.38
9001843,JNL001843,CU72380,2025-05-23T00:15:00.000Z,North America,CA,EN,Web Form,Inquiry,Doorbell not ringing,Jonly Doorbell Pro,Android,Tier 1,Closed,767,0,1,4,0.36
9001844,JNL001844,CU38046,2025-05-20T15:06:00.000Z,North America,US,DE,Chat,Billing,Cannot login to app,Jonly Hub Plus,Other,Tier 1,Closed,646,1,1,4,0.32
9001845,JNL001845,CU77255,2025-05-19T00:46:00.000Z,North America,CA,FR,Chat,Setup,Video not loading,Jonly Hub Mini,iOS,Tier 1,Closed,1169,2,1,3,0.19
9001846,JNL001846,CU16480,2025-05-19T11:54:00.000Z,Europe,GB,FR,Email,Connectivity,Subscription not applied,Jonly Secure Subscription,Android,Tier 2,Closed,548,1,1,5,0.72
9001847,JNL001847,CU71635,2025-07-09T18:12:00.000Z,North America,US,EN,Chat,Inquiry,Device will not pair,Jonly Secure Subscription,Android,Escalation,In Progress,1008,1,1,4,0.69
9001848,JNL001848,CU80314,2025-05-23T17:27:00.000Z,North America,CA,EN,Phone,Inquiry,Wrong item received,Jonly Hub Mini,iOS,Tier 1,Closed,876,1,1,3,0.58
9001849,JNL001849,CU56042,2025-06-10T12:40:00.000Z,North America,US,EN,Email,Billing,Device will not pair,Jonly Hub Mini,Android,Tier 1,Closed,692,0,1,2,-0.5
9001850,JNL001850,CU25686,2025-07-02T21:30:00.000Z,North America,US,FR,Phone,Connectivity,Cannot login to app,Jonly Hub Plus,Android,Tier 2,Closed,806,1,1,1,-1.0
9001851,JNL001851,CU30975,2025-06-16T07:35:00.000Z,North America,US,DE,Phone,Billing,False motion alerts,Jonly Hub Mini,iOS,Tier 1,Escalated,485,0,1,4,0.3
9001852,JNL001852,CU85458,2025-06-15T15:40:00.000Z,Europe,NL,EN,Phone,Inquiry,Poor night vision,Jonly Cam Indoor,Web,Tier 1,Escalated,966,0,1,4,0.54
9001853,JNL001853,CU32382,2025-07-30T13:41:00.000Z,APAC,NZ,EN,Web Form,Inquiry,False motion alerts,Jonly Hub Plus,iOS,Tier 1,Closed,441,2,1,3,0.17
9001854,JNL001854,CU44065,2025-05-21T09:03:00.000Z,APAC,AU,EN,Email,Billing,Doorbell not ringing,Jonly Doorbell Pro,iOS,Tier 1,Closed,1082,1,1,5,0.76
9001855,JNL001855,CU60571,2025-06-10T18:25:00.000Z,Europe,GB,EN,Chat,Functionality,Cannot login to app,Jonly Cam Indoor,iOS,Tier 1,Closed,983,0,1,5,1.0
9001856,JNL001856,CU98303,2025-07-15T09:56:00.000Z,APAC,SG,EN,Chat,Inquiry,Wrong item received,Jonly Cam Outdoor,Android,Tier 2,Closed,1066,0,1,5,0.53
9001857,JNL001857,CU86037,2025-07-23T00:01:00.000Z,APAC,SG,EN,Phone,Inquiry,Doorbell not ringing,Jonly Hub Plus,iOS,Tier 1,Closed,1062,0,1,4,0.97
9001858,JNL001858,CU64546,2025-07-07T12:14:00.000Z,Europe,NL,EN,Email,Billing,Subscription not applied,Jonly Cam Outdoor,Android,Tier 1,Closed,323,1,1,4,0.26
9001859,JNL001859,CU85964,2025-07-09T02:54:00.000Z,Europe,DE,EN,Phone,Billing,False motion alerts,Jonly Cam Indoor,Android,Tier 1,Closed,1328,1,1,5,0.66
9001860,JNL001860,CU96404,2025-06-04T11:56:00.000Z,North America,US,EN,Web Form,Functionality,Poor night vision,Jonly Hub Mini,iOS,Tier 1,Closed,1013,0,1,5,0.65
9001861,JNL001861,CU67545,2025-07-14T12:34:00.000Z,North America,CA,NL,Phone,Functionality,Camera offline,Jonly Cam Outdoor,iOS,Tier 2,Closed,2036,0,1,4,0.45
9001862,JNL001862,CU82549,2025-06-21T07:25:00.000Z,North America,US,EN,Phone,Connectivity,Charged twice,Jonly Cam Indoor,Web,Tier 1,Closed,681,0,1,4,0.84
9001863,JNL001863,CU89399,2025-05-22T21:04:00.000Z,APAC,NZ,EN,Email,Inquiry,No motion alerts,Jonly Floodlight Max,Android,Tier 1,Closed,701,0,1,5,0.61
9001864,JNL001864,CU42548,2025-06-27T03:46:00.000Z,APAC,SG,EN,Phone,Account,Charged twice,Jonly Cam Indoor,iOS,Tier 1,Closed,1132,0,1,5,1.0
9001865,JNL001865,CU98341,2025-06-09T15:21:00.000Z,Europe,DE,NL,Chat,Functionality,Wrong item received,Jonly Hub Mini,Web,Tier 2,In Progress,389,0,1,4,0.57
9001866,JNL001866,CU11916,2025-05-05T16:42:00.000Z,Europe,NL,EN,Chat,Connectivity,Subscription not applied,Jonly Cam Indoor,iOS,Tier 1,In Progress,974,0,1,4,0.36
9001867,JNL001867,CU54047,2025-05-03T04:04:00.000Z,North America,CA,DE,Phone,Connectivity,Laggy live view,Jonly Doorbell Pro,Web,Tier 2,Closed,1022,0,1,3,-0.46
9001868,JNL001868,CU93915,2025-06-08T09:49:00.000Z,North America,CA,EN,Email,Connectivity,Charged twice,Jonly Cam Outdoor,Android,Tier 1,Closed,447,0,1,3,-0.54
9001869,JNL001869,CU55953,2025-05-10T09:58:00.000Z,North America,CA,EN,Phone,Account,Camera offline,Jonly Hub Plus,Android,Escalation,Closed,788,0,1,5,1.0
9001870,JNL001870,CU98596,2025-07-14T01:59:00.000Z,North America,US,EN,Phone,Setup,Doorbell not ringing,Jonly Cam Outdoor,iOS,Tier 1,In Progress,1070,1,1,3,-0.52
9001871,JNL001871,CU65283,2025-06-08T02:11:00.000Z,APAC,NZ,EN,Phone,Account,Cannot login to app,Jonly Secure Subscription,Android,Tier 1,Closed,1444,0,1,4,0.27
9001872,JNL001872,CU56722,2025-07-17T01:40:00.000Z,Europe,NL,EN,Chat,Billing,Two-factor issues,Jonly Floodlight Max,iOS,Escalation,Closed,1224,1,1,5,0.92
9001873,JNL001873,CU63260,2025-07-28T05:09:00.000Z,Europe,GB,EN,Chat,Functionality,Video not loading,Jonly Hub Plus,iOS,Tier 1,Closed,1032,0,1,4,-0.23
9001874,JNL001874,CU65503,2025-05-30T10:25:00.000Z,APAC,NZ,EN,Email,Billing,Subscription not applied,Jonly Hub Plus,Web,Tier 1,Closed,1314,0,1,1,-1.0
9001875,JNL001875,CU79876,2025-06-18T15:37:00.000Z,North America,CA,EN,Community,Billing,Subscription not applied,Jonly Floodlight Max,Android,Tier 2,Closed,581,0,1,2,-0.12
9001876,JNL001876,CU33109,2025-05-20T09:58:00.000Z,North America,US,EN,Phone,Billing,Doorbell not ringing,Jonly Secure Subscription,Android,Tier 1,Closed,1157,0,1,3,0.09
9001877,JNL001877,CU81243,2025-07-07T05:04:00.000Z,APAC,NZ,EN,Web Form,Inquiry,Video not loading,Jonly Hub Mini,Web,Tier 1,Closed,755,0,0,4,0.45
9001878,JNL001878,CU29961,2025-06-27T18:39:00.000Z,APAC,NZ,EN,Web Form,Billing,Audio one-way only,Jonly Floodlight Max,Web,Tier 1,Closed,272,1,1,4,1.0
9001879,JNL001879,CU25549,2025-07-19T23:51:00.000Z,Europe,FR,EN,Phone,Inquiry,Doorbell not ringing,Jonly Floodlight Max,Android,Tier 1,Closed,831,1,1,3,0.45
9001880,JNL001880,CU17722,2025-05-20T02:45:00.000Z,North America,CA,NL,Phone,Account,Video not loading,Jonly Secure Subscription,iOS,Tier 1,Closed,802,0,1,3,0.31
9001881,JNL001881,CU55078,2025-05-22T13:26:00.000Z,North America,CA,FR,Phone,Connectivity,Audio one-way only,Jonly Hub Plus,Android,Escalation,Closed,1349,0,1,4,0.23
9001882,JNL001882,CU10395,2025-06-22T12:39:00.000Z,North America,US,EN,Community,Inquiry,Video not loading,Jonly Hub Mini,iOS,Tier 1,Closed,768,1,0,4,-0.05
9001883,JNL001883,CU96275,2025-06-03T09:23:00.000Z,Europe,DE,NL,Email,Connectivity,Charged twice,Jonly Floodlight Max,Web,Tier 1,Closed,180,1,1,3,0.38
9001884,JNL001884,CU35056,2025-06-02T07:02:00.000Z,North America,US,EN,Chat,Connectivity,Two-factor issues,Jonly Doorbell Pro,Other,Tier 2,Closed,739,0,1,4,0.53
9001885,JNL001885,CU58791,2025-06-25T01:18:00.000Z,North America,CA,EN,Phone,Functionality,Order not delivered,Jonly Floodlight Max,Android,Tier 2,Closed,1527,2,1,5,0.92
9001886,JNL001886,CU31517,2025-06-21T12:18:00.000Z,Europe,NL,EN,Chat,Billing,Order not delivered,Jonly Floodlight Max,iOS,Tier 1,Closed,1619,1,1,5,1.0
9001887,JNL001887,CU75481,2025-07-02T01:58:00.000Z,North America,CA,EN,Email,Inquiry,No motion alerts,Jonly Doorbell Pro,Web,Tier 1,Closed,995,0,1,3,-0.74
9001888,JNL001888,CU51392,2025-05-31T04:26:00.000Z,Europe,DE,EN,Email,Billing,Charged twice,Jonly Secure Subscription,Android,Tier 1,Closed,1190,0,1,3,0.48
9001889,JNL001889,CU38529,2025-05-21T02:24:00.000Z,APAC,SG,EN,Phone,Account,Camera offline,Jonly Hub Plus,Android,Tier 1,Closed,959,0,1,3,-0.19
9001890,JNL001890,CU86375,2025-05-16T11:42:00.000Z,North America,US,DE,Phone,Inquiry,No motion alerts,Jonly Hub Plus,iOS,Tier 2,Closed,1205,1,1,4,0.78
9001891,JNL001891,CU96664,2025-05-06T19:04:00.000Z,North America,CA,EN,Phone,Inquiry,Video not loading,Jonly Secure Subscription,iOS,Tier 1,Closed,1370,1,1,4,0.13
9001892,JNL001892,CU46012,2025-06-17T02:59:00.000Z,Europe,DE,FR,Phone,Inquiry,No motion alerts,Jonly Floodlight Max,Android,Tier 1,Closed,1491,0,0,4,0.4
9001893,JNL001893,CU37668,2025-06-13T12:52:00.000Z,North America,US,EN,Chat,Functionality,Audio one-way only,Jonly Cam Indoor,Web,Escalation,Closed,721,0,1,5,1.0
9001894,JNL001894,CU27617,2025-05-19T10:26:00.000Z,North America,US,DE,Email,Connectivity,Subscription not applied,Jonly Cam Outdoor,iOS,Tier 1,Closed,576,0,1,3,0.48
9001895,JNL001895,CU12966,2025-07-11T08:39:00.000Z,North America,CA,DE,Email,Inquiry,Device will not pair,Jonly Hub Mini,Other,Tier 2,Closed,957,0,1,5,1.0
9001896,JNL001896,CU68983,2025-07-03T07:49:00.000Z,North America,CA,FR,Phone,Shipping,Doorbell not ringing,Jonly Secure Subscription,Android,Tier 2,Closed,1165,0,1,5,1.0
9001897,JNL001897,CU76519,2025-07-25T22:14:00.000Z,Europe,GB,DE,Web Form,Billing,Order not delivered,Jonly Cam Indoor,iOS,Tier 2,Closed,782,0,1,4,0.61
9001898,JNL001898,CU80841,2025-07-07T14:37:00.000Z,North America,CA,EN,Email,Setup,False motion alerts,Jonly Cam Outdoor,iOS,Tier 2,Closed,589,0,1,3,-0.55
9001899,JNL001899,CU47815,2025-05-10T09:47:00.000Z,North America,US,EN,Phone,Connectivity,Subscription not applied,Jonly Hub Mini,Android,Tier 1,Closed,1925,0,1,1,-0.66
9001900,JNL001900,CU37376,2025-06-26T12:45:00.000Z,North America,US,NL,Chat,Connectivity,Subscription not applied,Jonly Cam Outdoor,Android,Tier 1,Closed,874,0,1,4,0.74
9001901,JNL001901,CU14740,2025-07-27T13:19:00.000Z,North America,US,EN,Phone,Shipping,Audio one-way only,Jonly Hub Plus,Android,Tier 1,Closed,1706,0,1,5,0.9
9001902,JNL001902,CU74685,2025-05-25T02:13:00.000Z,APAC,SG,EN,Phone,Functionality,Order not delivered,Jonly Cam Indoor,Android,Tier 1,Closed,988,0,1,3,0.87
9001903,JNL001903,CU89477,2025-05-24T20:15:00.000Z,North America,CA,EN,Email,Connectivity,Audio one-way only,Jonly Hub Mini,Web,Tier 2,Closed,256,2,1,2,-0.52
9001904,JNL001904,CU26672,2025-07-15T05:47:00.000Z,North America,CA,EN,Community,Functionality,Cannot login to app,Jonly Cam Indoor,iOS,Tier 1,In Progress,725,0,1,4,0.42
9001905,JNL001905,CU43877,2025-06-04T23:24:00.000Z,North America,US,EN,Chat,Billing,Order not delivered,Jonly Secure Subscription,Web,Tier 1,Closed,1229,0,1,3,-0.24
9001906,JNL001906,CU17016,2025-07-02T06:31:00.000Z,Europe,NL,EN,Email,Billing,Audio one-way only,Jonly Secure Subscription,Web,Tier 1,Closed,722,1,1,5,1.0
9001907,JNL001907,CU26897,2025-07-25T07:56:00.000Z,North America,CA,EN,Chat,Setup,Wrong item received,Jonly Cam Indoor,Other,Tier 2,In Progress,1581,0,0,4,0.39
9001908,JNL001908,CU33291,2025-06-18T05:51:00.000Z,Europe,DE,EN,Phone,Functionality,Order not delivered,Jonly Secure Subscription,iOS,Tier 1,Closed,1594,0,1,2,-0.06
9001909,JNL001909,CU19079,2025-07-30T11:11:00.000Z,North America,CA,DE,Email,Inquiry,Cannot login to app,Jonly Cam Indoor,Android,Tier 1,Closed,923,1,1,5,1.0
9001910,JNL001910,CU67335,2025-06-15T02:13:00.000Z,North America,US,DE,Chat,Connectivity,False motion alerts,Jonly Cam Outdoor,iOS,Tier 1,Closed,750,0,1,1,-0.81
9001911,JNL001911,CU52946,2025-06-12T16:54:00.000Z,North America,CA,EN,Phone,Inquiry,False motion alerts,Jonly Secure Subscription,Other,Tier 1,Closed,1368,1,1,3,0.31
9001912,JNL001912,CU99157,2025-05-08T00:48:00.000Z,North America,US,NL,Email,Inquiry,Wrong item received,Jonly Floodlight Max,Android,Tier 1,Closed,996,0,1,4,0.33
9001913,JNL001913,CU56015,2025-07-10T00:56:00.000Z,North America,CA,EN,Web Form,Functionality,Poor night vision,Jonly Cam Indoor,iOS,Tier 1,Closed,1342,0,1,4,-0.52
9001914,JNL001914,CU12805,2025-06-29T18:03:00.000Z,Europe,GB,EN,Web Form,Connectivity,Charged twice,Jonly Secure Subscription,Android,Tier 1,Escalated,405,1,1,4,0.41
9001915,JNL001915,CU20383,2025-07-06T01:04:00.000Z,Europe,DE,EN,Email,Connectivity,Audio one-way only,Jonly Hub Plus,Web,Tier 1,Closed,1008,0,1,5,1.0
9001916,JNL001916,CU87941,2025-06-15T15:51:00.000Z,North America,US,EN,Phone,Inquiry,Two-factor issues,Jonly Cam Indoor,iOS,Tier 1,Closed,598,1,1,3,-0.04
9001917,JNL001917,CU11129,2025-05-23T01:23:00.000Z,North America,CA,EN,Email,Billing,No motion alerts,Jonly Hub Plus,Android,Tier 1,Closed,804,0,1,4,0.73
9001918,JNL001918,CU55434,2025-07-31T22:59:00.000Z,North America,CA,EN,Chat,Account,Poor night vision,Jonly Cam Outdoor,Android,Tier 1,Escalated,998,0,1,4,-0.15
9001919,JNL001919,CU18605,2025-07-14T00:19:00.000Z,North America,CA,DE,Phone,Inquiry,No motion alerts,Jonly Hub Plus,Android,Tier 1,Closed,1166,2,0,5,1.0
9001920,JNL001920,CU54309,2025-05-22T21:41:00.000Z,North America,CA,EN,Phone,Inquiry,Poor night vision,Jonly Cam Outdoor,Android,Tier 1,In Progress,1336,0,1,5,1.0
9001921,JNL001921,CU39068,2025-07-12T18:53:00.000Z,North America,US,DE,Web Form,Billing,Laggy live view,Jonly Doorbell Pro,iOS,Tier 1,Closed,1082,0,1,5,1.0
9001922,JNL001922,CU55812,2025-05-13T04:33:00.000Z,North America,CA,DE,Email,Inquiry,Subscription not applied,Jonly Secure Subscription,iOS,Escalation,Closed,871,0,1,5,1.0
9001923,JNL001923,CU59146,2025-06-19T12:13:00.000Z,North America,US,EN,Email,Billing,Order not delivered,Jonly Floodlight Max,iOS,Tier 1,Closed,587,0,1,3,0.17
9001924,JNL001924,CU69490,2025-06-24T00:59:00.000Z,APAC,NZ,EN,Phone,Billing,Two-factor issues,Jonly Cam Indoor,Android,Tier 2,Closed,1349,0,1,4,0.69
9001925,JNL001925,CU33684,2025-05-21T05:44:00.000Z,North America,US,EN,Chat,Inquiry,Two-factor issues,Jonly Hub Plus,Web,Tier 1,Closed,649,0,0,5,1.0
9001926,JNL001926,CU89560,2025-07-05T02:56:00.000Z,North America,US,EN,Phone,Shipping,Wrong item received,Jonly Floodlight Max,Android,Tier 1,Closed,937,0,0,4,0.63
9001927,JNL001927,CU92049,2025-05-24T20:57:00.000Z,North America,CA,EN,Phone,Account,False motion alerts,Jonly Hub Plus,Android,Tier 1,Closed,1660,1,1,5,0.84
9001928,JNL001928,CU31179,2025-05-28T19:58:00.000Z,North America,CA,EN,Phone,Setup,False motion alerts,Jonly Hub Plus,iOS,Tier 1,In Progress,1362,0,1,2,0.19
9001929,JNL001929,CU68860,2025-07-16T19:46:00.000Z,North America,CA,EN,Chat,Connectivity,Charged twice,Jonly Floodlight Max,Android,Escalation,Closed,723,0,1,2,-0.67
9001930,JNL001930,CU74589,2025-05-17T04:45:00.000Z,Europe,DE,EN,Email,Account,Camera offline,Jonly Cam Outdoor,Web,Tier 1,Closed,553,0,1,5,0.48
9001931,JNL001931,CU62194,2025-06-22T22:54:00.000Z,North America,US,EN,Chat,Billing,Two-factor issues,Jonly Secure Subscription,Android,Tier 1,Closed,1841,0,1,5,0.98
9001932,JNL001932,CU38151,2025-07-14T10:16:00.000Z,North America,CA,NL,Chat,Inquiry,Video not loading,Jonly Floodlight Max,Android,Tier 1,Closed,947,0,1,4,0.08
9001933,JNL001933,CU13986,2025-07-01T02:57:00.000Z,Europe,DE,FR,Chat,Connectivity,Audio one-way only,Jonly Hub Mini,iOS,Tier 2,Closed,777,0,1,5,0.99
9001934,JNL001934,CU93977,2025-07-27T01:03:00.000Z,Europe,FR,FR,Phone,Connectivity,Cannot login to app,Jonly Doorbell Pro,iOS,Tier 1,In Progress,1424,0,1,5,1.0
9001935,JNL001935,CU11600,2025-07-31T22:11:00.000Z,North America,US,EN,Email,Account,Doorbell not ringing,Jonly Secure Subscription,iOS,Tier 1,Closed,481,1,1,3,0.09
9001936,JNL001936,CU55782,2025-07-18T00:53:00.000Z,Europe,DE,EN,Phone,Connectivity,No motion alerts,Jonly Cam Indoor,iOS,Tier 2,Closed,1459,0,1,4,0.73
9001937,JNL001937,CU48772,2025-07-08T08:24:00.000Z,North America,CA,EN,Community,Setup,Poor night vision,Jonly Cam Outdoor,Android,Tier 1,Closed,693,2,1,4,0.85
9001938,JNL001938,CU13589,2025-06-18T05:31:00.000Z,Europe,GB,NL,Community,Connectivity,Laggy live view,Jonly Hub Plus,Android,Tier 2,Escalated,800,0,1,2,-0.93
9001939,JNL001939,CU66089,2025-07-06T18:20:00.000Z,APAC,NZ,DE,Phone,Functionality,Subscription not applied,Jonly Floodlight Max,iOS,Tier 2,Closed,1254,0,1,5,0.79
9001940,JNL001940,CU85758,2025-07-31T16:24:00.000Z,North America,CA,FR,Email,Functionality,Doorbell not ringing,Jonly Floodlight Max,iOS,Tier 1,Closed,1551,0,1,4,0.03
9001941,JNL001941,CU95009,2025-05-01T12:47:00.000Z,Europe,FR,DE,Email,Inquiry,Video not loading,Jonly Hub Mini,Android,Tier 1,Closed,321,0,1,5,0.93
9001942,JNL001942,CU44178,2025-06-25T18:51:00.000Z,North America,CA,EN,Community,Functionality,Doorbell not ringing,Jonly Hub Plus,Android,Tier 1,Closed,766,1,1,5,1.0
9001943,JNL001943,CU78570,2025-06-26T13:51:00.000Z,Europe,FR,EN,Chat,Functionality,Two-factor issues,Jonly Floodlight Max,Other,Tier 2,Escalated,706,0,0,5,0.95
9001944,JNL001944,CU47198,2025-07-31T05:56:00.000Z,North America,US,EN,Phone,Connectivity,Order not delivered,Jonly Cam Indoor,iOS,Tier 1,Closed,940,1,1,3,-0.19
9001945,JNL001945,CU48971,2025-06-21T11:21:00.000Z,North America,CA,EN,Chat,Functionality,Laggy live view,Jonly Cam Outdoor,Android,Tier 1,Closed,180,0,1,5,0.74
9001946,JNL001946,CU93533,2025-07-28T14:52:00.000Z,North America,US,EN,Chat,Inquiry,Laggy live view,Jonly Floodlight Max,iOS,Tier 1,Closed,974,0,1,2,-0.55
9001947,JNL001947,CU43038,2025-05-28T15:42:00.000Z,North America,US,DE,Phone,Functionality,Two-factor issues,Jonly Doorbell Pro,Web,Tier 1,Closed,471,0,1,4,0.54
9001948,JNL001948,CU21594,2025-07-10T00:48:00.000Z,Europe,FR,FR,Phone,Functionality,Laggy live view,Jonly Hub Plus,Android,Tier 1,Closed,211,0,1,5,0.98
9001949,JNL001949,CU80487,2025-05-22T21:14:00.000Z,North America,CA,DE,Phone,Functionality,Subscription not applied,Jonly Secure Subscription,Android,Escalation,Closed,876,0,1,3,0.34
9001950,JNL001950,CU78269,2025-05-23T20:00:00.000Z,Europe,DE,DE,Web Form,Inquiry,Order not delivered,Jonly Floodlight Max,Android,Tier 1,Closed,341,0,1,3,-0.19
9001951,JNL001951,CU12828,2025-05-23T15:05:00.000Z,Europe,NL,EN,Email,Setup,Two-factor issues,Jonly Floodlight Max,iOS,Tier 1,Closed,1197,1,1,4,0.27
9001952,JNL001952,CU80620,2025-07-17T13:36:00.000Z,North America,US,DE,Chat,Setup,Camera offline,Jonly Floodlight Max,Android,Tier 1,Closed,490,0,0,4,0.43
9001953,JNL001953,CU31013,2025-07-18T13:17:00.000Z,Europe,DE,EN,Phone,Connectivity,Laggy live view,Jonly Doorbell Pro,iOS,Tier 1,Closed,1637,0,1,4,1.0
9001954,JNL001954,CU96544,2025-07-11T06:09:00.000Z,North America,CA,DE,Email,Account,Charged twice,Jonly Doorbell Pro,Other,Escalation,Closed,556,0,1,5,1.0
9001955,JNL001955,CU14555,2025-06-16T22:45:00.000Z,North America,US,EN,Phone,Connectivity,Doorbell not ringing,Jonly Hub Mini,Android,Escalation,Closed,924,0,1,1,-1.0
9001956,JNL001956,CU82225,2025-07-01T15:16:00.000Z,Europe,DE,EN,Phone,Connectivity,Device will not pair,Jonly Doorbell Pro,iOS,Escalation,Closed,869,0,1,4,0.55
9001957,JNL001957,CU18961,2025-06-04T00:40:00.000Z,APAC,SG,EN,Chat,Inquiry,Doorbell not ringing,Jonly Floodlight Max,iOS,Tier 2,Closed,1109,1,1,4,0.21
9001958,JNL001958,CU61010,2025-05-11T12:52:00.000Z,Europe,FR,FR,Phone,Functionality,Subscription not applied,Jonly Doorbell Pro,Web,Tier 1,Closed,1095,0,1,5,1.0
9001959,JNL001959,CU74011,2025-07-25T07:14:00.000Z,North America,CA,DE,Email,Shipping,Order not delivered,Jonly Cam Outdoor,Web,Tier 1,Closed,1068,1,1,4,0.74
9001960,JNL001960,CU34598,2025-05-24T13:36:00.000Z,North America,CA,EN,Phone,Billing,Device will not pair,Jonly Hub Plus,Android,Tier 2,Closed,998,1,0,3,-0.27
9001961,JNL001961,CU35016,2025-05-18T08:34:00.000Z,North America,US,EN,Phone,Shipping,Charged twice,Jonly Cam Indoor,Android,Tier 2,In Progress,967,2,1,3,0.54
9001962,JNL001962,CU96473,2025-05-19T05:10:00.000Z,Europe,FR,EN,Phone,Inquiry,Cannot login to app,Jonly Secure Subscription,Android,Tier 1,Closed,1920,0,1,5,1.0
9001963,JNL001963,CU34457,2025-05-23T20:56:00.000Z,North America,CA,EN,Phone,Connectivity,False motion alerts,Jonly Hub Plus,Android,Tier 1,Closed,967,1,1,2,-0.72
9001964,JNL001964,CU51865,2025-06-05T20:22:00.000Z,North America,US,EN,Phone,Setup,False motion alerts,Jonly Doorbell Pro,iOS,Tier 1,Closed,963,0,1,4,-0.27
9001965,JNL001965,CU36307,2025-06-02T11:16:00.000Z,APAC,SG,EN,Email,Functionality,Wrong item received,Jonly Hub Mini,iOS,Tier 1,Closed,1105,0,1,5,0.81
9001966,JNL001966,CU88335,2025-05-23T05:07:00.000Z,North America,CA,EN,Phone,Connectivity,Camera offline,Jonly Hub Plus,Android,Tier 1,Closed,1450,0,1,4,1.0
9001967,JNL001967,CU23060,2025-05-21T00:25:00.000Z,Europe,NL,EN,Phone,Setup,Order not delivered,Jonly Doorbell Pro,Android,Escalation,Closed,793,0,1,5,0.99
9001968,JNL001968,CU98652,2025-06-07T04:00:00.000Z,APAC,SG,FR,Chat,Functionality,Cannot login to app,Jonly Hub Plus,Android,Tier 1,Closed,846,0,1,3,0.68
9001969,JNL001969,CU71735,2025-07-16T20:42:00.000Z,Europe,DE,FR,Phone,Billing,Laggy live view,Jonly Hub Mini,Web,Tier 1,In Progress,851,2,1,1,-0.46
9001970,JNL001970,CU70746,2025-05-15T05:04:00.000Z,Europe,DE,EN,Phone,Setup,Laggy live view,Jonly Secure Subscription,iOS,Tier 1,Escalated,970,2,1,1,-1.0
9001971,JNL001971,CU86199,2025-06-03T02:28:00.000Z,North America,CA,EN,Phone,Inquiry,False motion alerts,Jonly Cam Indoor,Other,Tier 2,Closed,881,0,1,4,1.0
9001972,JNL001972,CU15693,2025-05-17T17:06:00.000Z,Europe,FR,EN,Phone,Setup,Camera offline,Jonly Hub Plus,Android,Tier 1,Closed,1345,0,1,5,0.65
9001973,JNL001973,CU99294,2025-06-14T00:07:00.000Z,North America,CA,FR,Community,Setup,Device will not pair,Jonly Hub Plus,Web,Tier 1,Escalated,650,1,1,5,0.64
9001974,JNL001974,CU91119,2025-06-19T03:56:00.000Z,North America,US,EN,Phone,Functionality,Poor night vision,Jonly Hub Mini,Android,Tier 2,Closed,565,0,1,5,1.0
9001975,JNL001975,CU92088,2025-05-03T19:29:00.000Z,North America,CA,EN,Chat,Billing,False motion alerts,Jonly Floodlight Max,iOS,Tier 2,Closed,1069,2,1,4,0.07
9001976,JNL001976,CU63494,2025-07-30T05:23:00.000Z,North America,CA,DE,Email,Setup,Subscription not applied,Jonly Secure Subscription,iOS,Tier 2,Closed,716,1,1,5,0.86
9001977,JNL001977,CU21022,2025-06-17T19:09:00.000Z,North America,US,EN,Email,Setup,False motion alerts,Jonly Hub Plus,Web,Tier 1,Closed,1246,2,1,2,-0.7
9001978,JNL001978,CU24782,2025-06-17T04:19:00.000Z,Europe,GB,EN,Phone,Billing,False motion alerts,Jonly Hub Plus,Web,Tier 1,Closed,2221,3,1,5,0.57
9001979,JNL001979,CU31971,2025-05-11T05:44:00.000Z,North America,CA,DE,Phone,Functionality,Camera offline,Jonly Cam Outdoor,Android,Tier 1,Closed,1032,0,0,5,0.41
9001980,JNL001980,CU39983,2025-07-12T10:35:00.000Z,Europe,DE,DE,Community,Shipping,Cannot login to app,Jonly Cam Outdoor,iOS,Tier 1,Closed,771,0,1,1,-0.96
9001981,JNL001981,CU48626,2025-05-28T05:55:00.000Z,North America,US,EN,Phone,Inquiry,Doorbell not ringing,Jonly Hub Mini,iOS,Tier 1,Closed,1612,0,1,5,0.95
9001982,JNL001982,CU22228,2025-06-06T07:37:00.000Z,APAC,SG,FR,Phone,Connectivity,Doorbell not ringing,Jonly Floodlight Max,Web,Tier 1,Closed,811,0,1,3,0.04
9001983,JNL001983,CU10362,2025-05-31T16:53:00.000Z,North America,CA,EN,Chat,Inquiry,Order not delivered,Jonly Hub Plus,iOS,Tier 1,Closed,1265,0,1,5,1.0
9001984,JNL001984,CU61390,2025-07-26T18:03:00.000Z,Europe,FR,EN,Chat,Functionality,Poor night vision,Jonly Hub Mini,Android,Tier 2,Escalated,833,1,1,5,1.0
9001985,JNL001985,CU31295,2025-07-14T21:14:00.000Z,APAC,NZ,EN,Chat,Account,Video not loading,Jonly Hub Plus,iOS,Escalation,Closed,1142,1,1,4,0.46
9001986,JNL001986,CU88184,2025-07-11T03:44:00.000Z,North America,US,EN,Email,Functionality,False motion alerts,Jonly Cam Indoor,Android,Tier 1,Closed,897,1,1,3,-0.18
9001987,JNL001987,CU81868,2025-05-20T09:54:00.000Z,North America,US,EN,Phone,Connectivity,Camera offline,Jonly Cam Outdoor,Android,Tier 1,Closed,831,0,1,3,0.2
9001988,JNL001988,CU98396,2025-05-31T02:45:00.000Z,Europe,DE,EN,Phone,Functionality,Poor night vision,Jonly Secure Subscription,Android,Tier 2,Closed,1146,0,1,5,0.31
9001989,JNL001989,CU94438,2025-06-17T22:24:00.000Z,North America,US,EN,Email,Functionality,Poor night vision,Jonly Cam Outdoor,iOS,Tier 1,Closed,923,0,1,3,-0.2
9001990,JNL001990,CU55949,2025-05-16T17:50:00.000Z,APAC,NZ,EN,Community,Connectivity,Doorbell not ringing,Jonly Cam Outdoor,Web,Tier 1,Closed,279,1,1,4,0.26
9001991,JNL001991,CU12815,2025-05-25T06:28:00.000Z,North America,CA,DE,Email,Functionality,Wrong item received,Jonly Secure Subscription,iOS,Tier 1,Closed,698,2,1,2,-0.25
9001992,JNL001992,CU89580,2025-07-26T18:31:00.000Z,Europe,FR,EN,Phone,Inquiry,Device will not pair,Jonly Floodlight Max,iOS,Escalation,Closed,1463,2,1,4,0.22
9001993,JNL001993,CU52276,2025-05-22T12:39:00.000Z,Europe,FR,EN,Chat,Account,Charged twice,Jonly Secure Subscription,iOS,Tier 1,Closed,974,0,1,3,-0.07
9001994,JNL001994,CU19098,2025-05-17T10:11:00.000Z,Europe,NL,DE,Phone,Billing,Cannot login to app,Jonly Hub Plus,iOS,Tier 1,Closed,1182,1,1,3,-0.26
9001995,JNL001995,CU20430,2025-07-29T03:32:00.000Z,North America,CA,EN,Chat,Setup,Video not loading,Jonly Cam Outdoor,iOS,Tier 1,Closed,1011,0,1,4,0.79
9001996,JNL001996,CU26606,2025-06-12T16:55:00.000Z,Europe,FR,EN,Phone,Account,Camera offline,Jonly Cam Indoor,iOS,Tier 1,Closed,1238,2,1,4,0.45
9001997,JNL001997,CU79500,2025-05-27T06:04:00.000Z,North America,CA,EN,Phone,Inquiry,Charged twice,Jonly Floodlight Max,Android,Tier 1,Closed,799,0,1,4,0.47
9001998,JNL001998,CU43916,2025-07-18T05:02:00.000Z,APAC,NZ,EN,Web Form,Functionality,No motion alerts,Jonly Cam Indoor,Android,Tier 1,Closed,502,0,1,2,-0.46
9001999,JNL001999,CU41834,2025-07-24T14:41:00.000Z,Europe,FR,DE,Phone,Account,Doorbell not ringing,Jonly Cam Outdoor,iOS,Tier 1,In Progress,798,0,1,3,-0.31
9002000,JNL002000,CU57807,2025-05-10T11:09:00.000Z,North America,CA,EN,Chat,Billing,Audio one-way only,Jonly Secure Subscription,Android,Tier 1,Closed,1131,1,1,3,0.34
9002001,JNL002001,CU87742,2025-05-30T08:42:00.000Z,APAC,SG,EN,Chat,Billing,Doorbell not ringing,Jonly Floodlight Max,iOS,Tier 1,In Progress,698,0,0,3,-0.07
9002002,JNL002002,CU16111,2025-06-30T01:03:00.000Z,North America,CA,FR,Community,Inquiry,No motion alerts,Jonly Cam Outdoor,iOS,Tier 1,Closed,670,1,1,2,-1.0
9002003,JNL002003,CU15908,2025-07-01T13:24:00.000Z,Europe,NL,EN,Email,Account,Video not loading,Jonly Hub Plus,iOS,Tier 1,Escalated,830,0,1,4,0.5
9002004,JNL002004,CU21176,2025-05-23T19:22:00.000Z,APAC,SG,EN,Community,Connectivity,Wrong item received,Jonly Secure Subscription,Other,Tier 1,Closed,1103,0,1,5,1.0
9002005,JNL002005,CU85375,2025-05-10T15:56:00.000Z,Europe,DE,EN,Chat,Functionality,No motion alerts,Jonly Floodlight Max,Web,Escalation,Closed,526,0,1,4,-0.04
9002006,JNL002006,CU43417,2025-07-27T18:13:00.000Z,Europe,NL,EN,Email,Functionality,Laggy live view,Jonly Cam Outdoor,Android,Tier 1,Escalated,917,0,0,3,-0.0
9002007,JNL002007,CU60134,2025-06-08T15:09:00.000Z,North America,US,FR,Phone,Shipping,Two-factor issues,Jonly Hub Mini,iOS,Tier 1,Closed,1238,0,0,3,-0.25
9002008,JNL002008,CU86421,2025-06-04T05:51:00.000Z,North America,CA,DE,Web Form,Setup,Two-factor issues,Jonly Cam Outdoor,Other,Tier 1,Escalated,1073,2,1,3,0.18
9002009,JNL002009,CU22137,2025-07-07T12:42:00.000Z,North America,CA,EN,Email,Inquiry,Cannot login to app,Jonly Cam Outdoor,Android,Tier 2,In Progress,919,2,1,3,-0.61
9002010,JNL002010,CU61561,2025-06-17T11:18:00.000Z,North America,CA,EN,Phone,Billing,Device will not pair,Jonly Hub Mini,Other,Tier 1,Closed,1529,2,1,4,0.9
9002011,JNL002011,CU97384,2025-06-03T22:35:00.000Z,North America,US,EN,Chat,Connectivity,Wrong item received,Jonly Secure Subscription,iOS,Tier 2,Escalated,1245,0,1,1,-0.23
9002012,JNL002012,CU10496,2025-07-09T00:22:00.000Z,Europe,NL,FR,Phone,Setup,Cannot login to app,Jonly Cam Indoor,iOS,Tier 1,Closed,1234,1,1,5,0.67
9002013,JNL002013,CU20182,2025-05-06T21:24:00.000Z,Europe,NL,EN,Chat,Billing,Order not delivered,Jonly Hub Plus,Android,Tier 2,Closed,530,2,1,5,0.86
9002014,JNL002014,CU70921,2025-07-20T13:53:00.000Z,North America,US,EN,Email,Functionality,Wrong item received,Jonly Cam Outdoor,Android,Tier 1,Closed,814,2,0,5,1.0
9002015,JNL002015,CU54303,2025-07-30T21:08:00.000Z,North America,CA,DE,Chat,Billing,No motion alerts,Jonly Doorbell Pro,Web,Tier 1,Closed,592,0,1,5,1.0
9002016,JNL002016,CU22964,2025-07-10T18:04:00.000Z,North America,CA,EN,Chat,Inquiry,Camera offline,Jonly Hub Plus,iOS,Tier 1,Closed,653,0,1,3,0.31
9002017,JNL002017,CU97595,2025-06-10T09:20:00.000Z,Europe,GB,EN,Phone,Account,No motion alerts,Jonly Hub Mini,iOS,Tier 2,In Progress,948,0,1,4,0.5
9002018,JNL002018,CU92200,2025-07-25T13:51:00.000Z,North America,CA,EN,Web Form,Inquiry,No motion alerts,Jonly Secure Subscription,iOS,Tier 2,In Progress,453,0,1,3,0.0
9002019,JNL002019,CU24951,2025-07-03T13:13:00.000Z,Europe,NL,EN,Web Form,Inquiry,False motion alerts,Jonly Secure Subscription,Android,Tier 1,Closed,917,0,1,5,0.81
9002020,JNL002020,CU95589,2025-07-09T05:12:00.000Z,North America,CA,EN,Phone,Connectivity,Poor night vision,Jonly Hub Plus,Web,Tier 1,Closed,1003,0,1,2,-0.43
9002021,JNL002021,CU31663,2025-05-16T22:41:00.000Z,North America,US,FR,Community,Inquiry,Cannot login to app,Jonly Secure Subscription,iOS,Tier 1,Closed,180,0,1,5,0.8
9002022,JNL002022,CU28080,2025-06-08T06:09:00.000Z,North America,CA,EN,Phone,Billing,Subscription not applied,Jonly Cam Indoor,iOS,Tier 2,Closed,487,0,0,2,-0.77
9002023,JNL002023,CU71603,2025-07-22T07:36:00.000Z,North America,US,EN,Chat,Billing,Device will not pair,Jonly Hub Plus,Android,Tier 2,Closed,568,1,1,5,0.73
9002024,JNL002024,CU37942,2025-05-10T01:33:00.000Z,North America,CA,EN,Phone,Billing,Charged twice,Jonly Hub Mini,Android,Tier 1,Closed,1484,1,1,4,1.0
9002025,JNL002025,CU59256,2025-05-14T11:24:00.000Z,North America,CA,DE,Web Form,Inquiry,No motion alerts,Jonly Cam Indoor,iOS,Tier 1,Closed,914,0,1,3,0.29
9002026,JNL002026,CU52649,2025-07-21T17:25:00.000Z,Europe,GB,FR,Phone,Inquiry,Poor night vision,Jonly Hub Plus,Android,Tier 1,Closed,845,0,1,3,0.06
9002027,JNL002027,CU37598,2025-06-28T01:59:00.000Z,APAC,SG,EN,Phone,Connectivity,Laggy live view,Jonly Cam Indoor,iOS,Tier 1,Closed,908,1,1,4,1.0
9002028,JNL002028,CU66274,2025-07-12T08:49:00.000Z,North America,CA,EN,Chat,Inquiry,Two-factor issues,Jonly Cam Indoor,Web,Tier 2,In Progress,920,0,1,4,-0.06
9002029,JNL002029,CU27048,2025-05-04T07:49:00.000Z,North America,CA,EN,Community,Connectivity,Wrong item received,Jonly Hub Plus,Web,Tier 1,Closed,769,1,1,4,0.92
9002030,JNL002030,CU80348,2025-05-21T08:19:00.000Z,Europe,FR,EN,Chat,Functionality,Wrong item received,Jonly Cam Indoor,Other,Tier 1,In Progress,521,1,1,5,0.8
9002031,JNL002031,CU54424,2025-05-02T02:41:00.000Z,North America,US,DE,Chat,Connectivity,Poor night vision,Jonly Cam Outdoor,Web,Tier 1,Closed,528,1,1,5,1.0
9002032,JNL002032,CU54426,2025-05-20T08:13:00.000Z,North America,US,EN,Community,Functionality,Audio one-way only,Jonly Doorbell Pro,Android,Tier 1,Closed,512,1,1,3,0.47
9002033,JNL002033,CU44113,2025-07-05T06:06:00.000Z,North America,CA,EN,Phone,Connectivity,Camera offline,Jonly Hub Mini,Android,Tier 1,Closed,1227,1,0,2,-0.35
9002034,JNL002034,CU33357,2025-07-06T19:02:00.000Z,North America,CA,EN,Chat,Functionality,Device will not pair,Jonly Hub Mini,Other,Tier 1,Closed,1015,1,1,3,0.55
9002035,JNL002035,CU32071,2025-05-08T20:32:00.000Z,North America,US,EN,Phone,Inquiry,Audio one-way only,Jonly Cam Indoor,Android,Tier 2,Escalated,576,0,1,5,0.59
9002036,JNL002036,CU84186,2025-06-05T22:50:00.000Z,North America,CA,EN,Chat,Account,Doorbell not ringing,Jonly Doorbell Pro,iOS,Escalation,Closed,1906,0,1,2,-0.5
9002037,JNL002037,CU13599,2025-05-20T17:19:00.000Z,Europe,NL,EN,Chat,Inquiry,Cannot login to app,Jonly Cam Indoor,iOS,Tier 1,Closed,939,0,1,4,0.5
9002038,JNL002038,CU94887,2025-07-02T05:14:00.000Z,North America,US,EN,Phone,Inquiry,Wrong item received,Jonly Hub Mini,Web,Tier 1,Escalated,606,1,1,5,0.97
9002039,JNL002039,CU30580,2025-05-09T19:55:00.000Z,North America,CA,EN,Phone,Shipping,Cannot login to app,Jonly Cam Outdoor,Android,Tier 1,Closed,1317,0,1,5,1.0
9002040,JNL002040,CU75900,2025-06-03T06:49:00.000Z,North America,US,NL,Phone,Account,Two-factor issues,Jonly Cam Indoor,Other,Escalation,Closed,309,0,1,5,0.9
9002041,JNL002041,CU21314,2025-07-02T13:12:00.000Z,Europe,FR,EN,Phone,Functionality,Charged twice,Jonly Secure Subscription,Android,Tier 1,Closed,1779,2,1,5,0.86
9002042,JNL002042,CU50116,2025-05-20T04:29:00.000Z,Europe,NL,EN,Phone,Account,Camera offline,Jonly Hub Plus,Web,Tier 1,Closed,1126,0,1,4,0.51
9002043,JNL002043,CU44549,2025-06-08T22:13:00.000Z,North America,CA,FR,Community,Billing,Order not delivered,Jonly Hub Plus,Android,Tier 2,Closed,1256,1,1,5,0.67
9002044,JNL002044,CU98180,2025-05-06T08:30:00.000Z,APAC,NZ,DE,Web Form,Connectivity,Cannot login to app,Jonly Floodlight Max,Android,Tier 1,Closed,857,0,1,3,0.06
9002045,JNL002045,CU83391,2025-06-10T11:38:00.000Z,North America,US,NL,Phone,Functionality,Doorbell not ringing,Jonly Secure Subscription,iOS,Tier 2,Closed,647,0,0,5,0.86
9002046,JNL002046,CU53135,2025-05-17T01:57:00.000Z,Europe,GB,EN,Phone,Billing,Audio one-way only,Jonly Hub Mini,iOS,Tier 1,Closed,1235,0,1,4,0.7
9002047,JNL002047,CU19849,2025-05-16T07:07:00.000Z,North America,US,EN,Web Form,Inquiry,Video not loading,Jonly Floodlight Max,Web,Tier 2,Closed,888,0,1,2,-0.25
9002048,JNL002048,CU40887,2025-05-16T02:37:00.000Z,North America,US,EN,Chat,Connectivity,Order not delivered,Jonly Secure Subscription,Android,Tier 1,Closed,716,0,1,4,0.63
9002049,JNL002049,CU90384,2025-06-21T23:05:00.000Z,Europe,DE,EN,Phone,Connectivity,Wrong item received,Jonly Hub Mini,Web,Tier 1,Closed,393,1,1,3,-0.69
9002050,JNL002050,CU43587,2025-06-17T06:33:00.000Z,North America,US,DE,Phone,Setup,Laggy live view,Jonly Secure Subscription,Android,Tier 2,Escalated,289,0,1,4,0.55
9002051,JNL002051,CU83287,2025-07-23T04:23:00.000Z,North America,CA,EN,Chat,Functionality,No motion alerts,Jonly Hub Mini,Android,Tier 1,In Progress,596,0,1,5,1.0
9002052,JNL002052,CU96730,2025-05-06T10:32:00.000Z,North America,US,FR,Chat,Account,Two-factor issues,Jonly Hub Mini,Android,Tier 1,Closed,1224,0,1,3,-0.05
9002053,JNL002053,CU46989,2025-06-11T21:50:00.000Z,North America,CA,EN,Email,Account,Wrong item received,Jonly Cam Indoor,Android,Tier 1,Closed,180,0,1,4,1.0
9002054,JNL002054,CU10030,2025-05-30T10:58:00.000Z,APAC,SG,EN,Phone,Billing,No motion alerts,Jonly Floodlight Max,iOS,Tier 1,Closed,1464,1,1,3,-0.59
9002055,JNL002055,CU30990,2025-05-10T20:20:00.000Z,North America,CA,EN,Community,Functionality,Doorbell not ringing,Jonly Hub Plus,iOS,Tier 2,Closed,734,1,1,4,0.97
9002056,JNL002056,CU68981,2025-07-02T10:58:00.000Z,Europe,DE,EN,Chat,Inquiry,Charged twice,Jonly Cam Indoor,iOS,Tier 1,Escalated,180,0,1,4,-0.09
9002057,JNL002057,CU43478,2025-05-09T02:26:00.000Z,North America,US,EN,Web Form,Functionality,Poor night vision,Jonly Hub Plus,Android,Tier 1,Closed,542,0,1,2,0.05
9002058,JNL002058,CU10347,2025-07-09T07:45:00.000Z,North America,CA,EN,Phone,Shipping,Cannot login to app,Jonly Hub Plus,iOS,Tier 1,Closed,746,0,1,4,0.33
9002059,JNL002059,CU72864,2025-06-25T00:21:00.000Z,North America,US,FR,Email,Shipping,False motion alerts,Jonly Doorbell Pro,Web,Tier 1,Closed,867,3,1,2,-0.62
9002060,JNL002060,CU56773,2025-05-31T16:05:00.000Z,North America,CA,EN,Phone,Inquiry,False motion alerts,Jonly Hub Plus,Android,Tier 2,Closed,774,0,1,3,0.33
9002061,JNL002061,CU69132,2025-07-26T06:44:00.000Z,North America,US,EN,Chat,Functionality,Device will not pair,Jonly Hub Mini,Android,Tier 1,Closed,888,1,0,5,0.55
9002062,JNL002062,CU18032,2025-06-10T15:25:00.000Z,Europe,GB,EN,Email,Setup,Doorbell not ringing,Jonly Cam Indoor,iOS,Tier 2,Closed,1394,2,1,1,-1.0
9002063,JNL002063,CU14034,2025-06-30T19:55:00.000Z,North America,CA,EN,Email,Account,Audio one-way only,Jonly Cam Indoor,Android,Tier 1,Closed,911,1,1,3,0.04
9002064,JNL002064,CU35128,2025-07-13T08:40:00.000Z,North America,US,DE,Chat,Setup,Poor night vision,Jonly Floodlight Max,iOS,Tier 1,Closed,1186,1,1,5,1.0
9002065,JNL002065,CU87990,2025-05-30T20:10:00.000Z,North America,CA,FR,Phone,Inquiry,Cannot login to app,Jonly Cam Indoor,Android,Escalation,Closed,1248,0,1,4,0.81
9002066,JNL002066,CU40045,2025-05-27T04:08:00.000Z,North America,CA,FR,Phone,Account,Video not loading,Jonly Hub Plus,Web,Tier 1,Closed,1361,0,1,5,0.67
9002067,JNL002067,CU62598,2025-05-27T02:46:00.000Z,Europe,NL,EN,Web Form,Inquiry,Order not delivered,Jonly Hub Plus,iOS,Tier 1,Closed,1341,0,1,5,0.63
9002068,JNL002068,CU33101,2025-06-13T23:24:00.000Z,APAC,AU,EN,Email,Account,No motion alerts,Jonly Hub Mini,iOS,Tier 1,Escalated,508,1,1,5,1.0
9002069,JNL002069,CU69789,2025-07-02T19:43:00.000Z,North America,US,NL,Phone,Connectivity,Doorbell not ringing,Jonly Hub Mini,Other,Tier 1,Closed,889,1,1,3,0.64
9002070,JNL002070,CU83346,2025-05-19T17:31:00.000Z,North America,US,EN,Phone,Connectivity,Audio one-way only,Jonly Cam Outdoor,Android,Tier 1,Closed,1097,0,1,3,-0.32
9002071,JNL002071,CU47128,2025-07-13T05:28:00.000Z,North America,CA,NL,Email,Functionality,Camera offline,Jonly Hub Mini,iOS,Tier 1,Closed,704,1,1,4,0.02
9002072,JNL002072,CU27654,2025-07-25T18:36:00.000Z,Europe,FR,EN,Phone,Functionality,Device will not pair,Jonly Doorbell Pro,iOS,Tier 1,Closed,611,1,1,5,0.84
9002073,JNL002073,CU63181,2025-06-02T19:26:00.000Z,North America,US,EN,Phone,Inquiry,Video not loading,Jonly Hub Plus,Web,Tier 1,Escalated,670,0,1,3,-0.17
9002074,JNL002074,CU96106,2025-06-24T09:57:00.000Z,North America,CA,EN,Email,Functionality,Subscription not applied,Jonly Cam Indoor,Android,Tier 1,Closed,481,0,1,5,1.0
9002075,JNL002075,CU14333,2025-07-13T20:17:00.000Z,Europe,NL,DE,Phone,Connectivity,Laggy live view,Jonly Hub Plus,Android,Escalation,Closed,955,0,1,3,-0.36
9002076,JNL002076,CU58129,2025-07-19T17:22:00.000Z,North America,US,DE,Email,Connectivity,Order not delivered,Jonly Secure Subscription,iOS,Tier 1,Closed,778,0,1,5,1.0
9002077,JNL002077,CU65104,2025-05-08T14:41:00.000Z,North America,CA,DE,Chat,Connectivity,Device will not pair,Jonly Hub Mini,Android,Tier 1,Closed,1036,0,1,5,0.75
9002078,JNL002078,CU52548,2025-07-21T10:22:00.000Z,North America,CA,EN,Email,Billing,Cannot login to app,Jonly Hub Plus,Android,Tier 1,Closed,1231,0,1,4,0.42
9002079,JNL002079,CU37668,2025-05-22T18:52:00.000Z,North America,US,EN,Phone,Connectivity,Subscription not applied,Jonly Cam Outdoor,iOS,Tier 1,In Progress,1099,0,1,2,-0.73
9002080,JNL002080,CU25762,2025-06-23T07:11:00.000Z,Europe,FR,EN,Web Form,Connectivity,Device will not pair,Jonly Hub Mini,Android,Tier 1,Closed,180,0,1,3,0.1
9002081,JNL002081,CU33076,2025-07-09T09:10:00.000Z,Europe,DE,EN,Phone,Functionality,Audio one-way only,Jonly Doorbell Pro,Android,Tier 1,Closed,1315,2,1,4,0.57
9002082,JNL002082,CU14811,2025-05-24T23:43:00.000Z,North America,CA,EN,Phone,Functionality,Cannot login to app,Jonly Hub Mini,Android,Tier 1,Closed,1104,1,1,4,1.0
9002083,JNL002083,CU99698,2025-06-30T02:44:00.000Z,Europe,DE,EN,Phone,Inquiry,Two-factor issues,Jonly Hub Mini,Android,Tier 1,Escalated,996,0,0,3,0.34
9002084,JNL002084,CU19637,2025-07-25T15:00:00.000Z,North America,CA,EN,Email,Functionality,Device will not pair,Jonly Cam Indoor,Web,Tier 1,Closed,493,1,1,4,0.44
9002085,JNL002085,CU72847,2025-05-22T06:09:00.000Z,Europe,NL,DE,Email,Inquiry,Cannot login to app,Jonly Cam Indoor,Android,Tier 1,Closed,1037,1,0,5,1.0
9002086,JNL002086,CU66898,2025-05-24T23:09:00.000Z,North America,CA,EN,Phone,Functionality,Doorbell not ringing,Jonly Secure Subscription,iOS,Tier 1,Closed,180,1,1,5,1.0
9002087,JNL002087,CU71276,2025-05-09T03:02:00.000Z,North America,US,EN,Phone,Inquiry,Audio one-way only,Jonly Doorbell Pro,iOS,Tier 2,Closed,1802,0,1,4,0.81
9002088,JNL002088,CU21057,2025-07-25T23:39:00.000Z,North America,CA,EN,Chat,Connectivity,Device will not pair,Jonly Cam Indoor,Other,Tier 1,Closed,1112,0,1,3,0.0
9002089,JNL002089,CU32823,2025-05-01T02:55:00.000Z,APAC,SG,EN,Phone,Connectivity,False motion alerts,Jonly Secure Subscription,Web,Tier 2,Escalated,551,0,1,3,-0.33
9002090,JNL002090,CU51183,2025-07-03T13:21:00.000Z,North America,US,EN,Phone,Inquiry,Camera offline,Jonly Doorbell Pro,Other,Tier 2,Closed,1616,0,1,5,0.99
9002091,JNL002091,CU14402,2025-07-04T07:47:00.000Z,North America,US,FR,Chat,Shipping,No motion alerts,Jonly Cam Outdoor,iOS,Tier 2,Closed,975,1,1,5,0.94
9002092,JNL002092,CU63270,2025-06-16T20:16:00.000Z,North America,US,EN,Chat,Inquiry,Two-factor issues,Jonly Cam Indoor,Android,Tier 1,Closed,309,0,1,4,0.41
9002093,JNL002093,CU70424,2025-05-04T23:37:00.000Z,North America,CA,EN,Phone,Inquiry,Poor night vision,Jonly Secure Subscription,iOS,Tier 1,Closed,921,0,1,5,0.49
9002094,JNL002094,CU68588,2025-05-18T12:45:00.000Z,North America,CA,FR,Web Form,Shipping,Two-factor issues,Jonly Hub Plus,Android,Tier 1,Closed,643,0,0,5,0.63
9002095,JNL002095,CU96273,2025-06-06T05:51:00.000Z,North America,US,DE,Phone,Inquiry,Poor night vision,Jonly Cam Indoor,iOS,Escalation,Closed,1386,1,0,3,-0.2
9002096,JNL002096,CU79395,2025-07-09T23:13:00.000Z,North America,CA,EN,Community,Functionality,Wrong item received,Jonly Floodlight Max,iOS,Tier 1,Closed,268,1,1,5,0.67
9002097,JNL002097,CU84061,2025-07-21T00:53:00.000Z,Europe,NL,DE,Email,Shipping,Doorbell not ringing,Jonly Cam Indoor,Android,Tier 1,Closed,1363,1,1,5,0.8
9002098,JNL002098,CU85238,2025-05-16T20:35:00.000Z,APAC,NZ,DE,Chat,Billing,Order not delivered,Jonly Secure Subscription,Web,Tier 1,Escalated,523,0,1,2,-0.46
9002099,JNL002099,CU85166,2025-06-10T12:49:00.000Z,North America,US,NL,Chat,Inquiry,False motion alerts,Jonly Doorbell Pro,Android,Tier 1,Closed,1432,0,1,5,0.95
9002100,JNL002100,CU88531,2025-07-24T09:47:00.000Z,North America,US,FR,Phone,Account,Cannot login to app,Jonly Hub Mini,iOS,Tier 1,Closed,1386,0,1,4,0.77
9002101,JNL002101,CU42111,2025-05-12T14:06:00.000Z,Europe,GB,EN,Community,Setup,No motion alerts,Jonly Secure Subscription,iOS,Tier 1,In Progress,1255,0,0,4,0.73
9002102,JNL002102,CU87681,2025-05-13T04:35:00.000Z,North America,CA,FR,Chat,Billing,Device will not pair,Jonly Cam Indoor,Android,Tier 1,Closed,758,0,1,3,-0.4
9002103,JNL002103,CU94056,2025-06-04T19:22:00.000Z,North America,CA,EN,Web Form,Connectivity,Subscription not applied,Jonly Cam Outdoor,Web,Tier 2,In Progress,658,1,1,5,1.0
9002104,JNL002104,CU94291,2025-07-15T09:05:00.000Z,North America,US,EN,Web Form,Account,Two-factor issues,Jonly Hub Mini,Android,Tier 2,Closed,296,0,1,3,0.29
9002105,JNL002105,CU70791,2025-05-11T07:37:00.000Z,Europe,DE,EN,Phone,Billing,Video not loading,Jonly Secure Subscription,Android,Tier 2,Closed,2136,0,1,5,1.0
9002106,JNL002106,CU61348,2025-06-15T01:12:00.000Z,North America,CA,EN,Web Form,Connectivity,Subscription not applied,Jonly Secure Subscription,Android,Tier 1,Escalated,591,0,0,3,0.07
9002107,JNL002107,CU28567,2025-07-05T03:29:00.000Z,North America,CA,DE,Chat,Shipping,Poor night vision,Jonly Secure Subscription,iOS,Tier 1,Closed,1277,1,1,4,0.63
9002108,JNL002108,CU14824,2025-06-06T15:23:00.000Z,North America,US,EN,Phone,Account,Video not loading,Jonly Cam Outdoor,Android,Tier 1,Closed,1491,0,1,3,-0.34
9002109,JNL002109,CU27594,2025-06-18T07:27:00.000Z,APAC,NZ,EN,Phone,Connectivity,Wrong item received,Jonly Floodlight Max,Android,Tier 1,Closed,1039,1,1,2,-0.73
9002110,JNL002110,CU81808,2025-06-27T09:22:00.000Z,Europe,NL,EN,Phone,Account,Two-factor issues,Jonly Floodlight Max,Web,Tier 1,Closed,1345,0,1,5,1.0
9002111,JNL002111,CU55344,2025-06-16T13:53:00.000Z,North America,CA,EN,Phone,Functionality,Laggy live view,Jonly Secure Subscription,iOS,Tier 1,Escalated,180,0,1,4,0.59
9002112,JNL002112,CU89305,2025-06-14T03:34:00.000Z,North America,US,EN,Phone,Inquiry,Subscription not applied,Jonly Hub Mini,iOS,Tier 2,Closed,613,3,1,3,-0.67
9002113,JNL002113,CU32250,2025-07-18T20:30:00.000Z,APAC,SG,EN,Web Form,Inquiry,Subscription not applied,Jonly Secure Subscription,Web,Tier 2,Closed,533,0,1,4,0.19
9002114,JNL002114,CU98045,2025-05-04T20:30:00.000Z,Europe,NL,NL,Chat,Connectivity,Poor night vision,Jonly Doorbell Pro,iOS,Tier 1,In Progress,654,0,0,4,0.39
9002115,JNL002115,CU80191,2025-05-24T11:56:00.000Z,APAC,NZ,EN,Phone,Account,Device will not pair,Jonly Hub Mini,Other,Escalation,Escalated,1252,0,1,3,-0.33
9002116,JNL002116,CU35104,2025-06-22T23:55:00.000Z,North America,CA,NL,Phone,Inquiry,Camera offline,Jonly Cam Outdoor,Web,Tier 1,Closed,869,0,1,5,0.96
9002117,JNL002117,CU20353,2025-07-19T00:28:00.000Z,North America,CA,EN,Phone,Setup,Camera offline,Jonly Hub Plus,iOS,Tier 2,Escalated,457,0,1,3,0.54
9002118,JNL002118,CU95103,2025-05-02T18:39:00.000Z,North America,US,EN,Community,Setup,Wrong item received,Jonly Doorbell Pro,iOS,Tier 2,Closed,452,0,1,4,0.43
9002119,JNL002119,CU83333,2025-05-05T16:49:00.000Z,Europe,FR,EN,Phone,Connectivity,Charged twice,Jonly Hub Mini,iOS,Tier 1,In Progress,1433,0,1,4,0.34
9002120,JNL002120,CU64212,2025-06-02T09:22:00.000Z,North America,US,EN,Phone,Setup,Charged twice,Jonly Doorbell Pro,Web,Tier 1,Closed,1034,0,1,3,-0.82
9002121,JNL002121,CU44571,2025-07-07T16:30:00.000Z,North America,CA,FR,Email,Inquiry,Two-factor issues,Jonly Secure Subscription,Android,Escalation,Closed,1238,1,1,5,0.92
9002122,JNL002122,CU83809,2025-06-01T23:11:00.000Z,North America,US,EN,Phone,Connectivity,Laggy live view,Jonly Secure Subscription,iOS,Tier 1,Closed,495,0,0,4,0.69
9002123,JNL002123,CU66198,2025-07-05T18:57:00.000Z,North America,US,DE,Email,Connectivity,Poor night vision,Jonly Hub Mini,Web,Tier 1,Closed,912,0,0,4,0.11
9002124,JNL002124,CU12675,2025-06-24T18:33:00.000Z,North America,US,EN,Phone,Functionality,No motion alerts,Jonly Hub Mini,iOS,Tier 1,Closed,534,1,1,3,-0.18
9002125,JNL002125,CU71497,2025-07-21T09:57:00.000Z,APAC,NZ,FR,Phone,Billing,Camera offline,Jonly Hub Plus,Android,Tier 1,Closed,1759,1,1,4,1.0
9002126,JNL002126,CU30697,2025-06-04T16:38:00.000Z,Europe,FR,EN,Phone,Account,Two-factor issues,Jonly Secure Subscription,Android,Tier 1,Closed,1309,2,1,5,0.89
9002127,JNL002127,CU58819,2025-05-16T07:08:00.000Z,Europe,GB,EN,Phone,Functionality,Charged twice,Jonly Doorbell Pro,Android,Tier 1,Closed,1152,0,1,4,0.5
9002128,JNL002128,CU61230,2025-07-15T06:42:00.000Z,Europe,FR,EN,Web Form,Functionality,False motion alerts,Jonly Floodlight Max,Android,Tier 1,Closed,831,0,1,4,0.43
9002129,JNL002129,CU54586,2025-06-22T10:05:00.000Z,APAC,SG,EN,Chat,Connectivity,Laggy live view,Jonly Cam Indoor,Android,Tier 2,Closed,799,0,1,5,0.79
9002130,JNL002130,CU64261,2025-06-27T10:18:00.000Z,North America,US,EN,Web Form,Shipping,Cannot login to app,Jonly Floodlight Max,Android,Tier 2,Escalated,842,0,1,5,1.0
9002131,JNL002131,CU20490,2025-07-01T04:01:00.000Z,North America,CA,DE,Chat,Account,Cannot login to app,Jonly Floodlight Max,iOS,Tier 1,Closed,1161,0,1,4,0.1
9002132,JNL002132,CU29497,2025-05-04T18:27:00.000Z,North America,US,EN,Phone,Billing,Doorbell not ringing,Jonly Floodlight Max,iOS,Tier 2,Closed,439,0,1,3,-0.14
9002133,JNL002133,CU71862,2025-06-15T23:09:00.000Z,APAC,NZ,EN,Chat,Functionality,No motion alerts,Jonly Hub Mini,Other,Tier 1,Closed,630,2,1,4,0.39
9002134,JNL002134,CU68195,2025-05-06T19:11:00.000Z,North America,CA,DE,Chat,Functionality,Poor night vision,Jonly Hub Mini,iOS,Tier 2,Closed,1202,0,1,2,-0.89
9002135,JNL002135,CU21159,2025-06-24T16:47:00.000Z,North America,CA,DE,Web Form,Functionality,Cannot login to app,Jonly Cam Indoor,Android,Tier 1,In Progress,654,0,1,2,-0.51
9002136,JNL002136,CU57405,2025-06-04T14:20:00.000Z,North America,CA,DE,Phone,Functionality,No motion alerts,Jonly Hub Mini,Android,Tier 1,Closed,1628,0,0,5,0.35
9002137,JNL002137,CU47176,2025-05-18T20:12:00.000Z,Europe,NL,EN,Web Form,Connectivity,Device will not pair,Jonly Secure Subscription,Android,Tier 1,Escalated,454,5,1,1,-0.57
9002138,JNL002138,CU61980,2025-07-31T11:43:00.000Z,North America,US,EN,Community,Billing,Device will not pair,Jonly Floodlight Max,iOS,Escalation,Closed,994,1,0,4,0.75
9002139,JNL002139,CU56377,2025-07-09T15:39:00.000Z,APAC,NZ,EN,Phone,Connectivity,Subscription not applied,Jonly Cam Indoor,iOS,Tier 1,Closed,1261,1,1,2,0.36
9002140,JNL002140,CU81699,2025-07-16T12:10:00.000Z,North America,US,FR,Web Form,Connectivity,Two-factor issues,Jonly Hub Mini,Web,Escalation,Closed,1120,1,1,5,1.0
9002141,JNL002141,CU23396,2025-05-06T20:17:00.000Z,APAC,SG,FR,Chat,Inquiry,Charged twice,Jonly Hub Plus,iOS,Tier 2,Closed,654,0,1,5,0.72
9002142,JNL002142,CU63226,2025-07-27T15:50:00.000Z,APAC,SG,EN,Phone,Billing,Subscription not applied,Jonly Secure Subscription,Android,Tier 1,Closed,921,0,1,4,0.66
9002143,JNL002143,CU76755,2025-07-16T04:24:00.000Z,North America,US,NL,Chat,Account,Doorbell not ringing,Jonly Secure Subscription,Android,Tier 1,Closed,1222,1,1,2,0.13
9002144,JNL002144,CU12756,2025-07-29T16:07:00.000Z,North America,US,EN,Chat,Functionality,False motion alerts,Jonly Secure Subscription,iOS,Tier 1,Closed,1182,0,0,4,0.99
9002145,JNL002145,CU25727,2025-05-28T19:56:00.000Z,North America,CA,EN,Chat,Setup,Wrong item received,Jonly Secure Subscription,Web,Tier 1,Closed,1126,1,1,2,-0.62
9002146,JNL002146,CU29347,2025-07-04T18:51:00.000Z,Europe,GB,EN,Phone,Billing,Doorbell not ringing,Jonly Doorbell Pro,Android,Tier 1,Escalated,900,1,1,2,-0.76
9002147,JNL002147,CU10511,2025-05-08T20:49:00.000Z,North America,CA,FR,Phone,Functionality,Camera offline,Jonly Hub Mini,Other,Tier 1,Closed,308,0,1,3,-0.62
9002148,JNL002148,CU49656,2025-06-26T01:51:00.000Z,North America,US,EN,Phone,Account,False motion alerts,Jonly Cam Indoor,Web,Tier 2,Escalated,1379,0,0,5,0.63
9002149,JNL002149,CU25777,2025-05-18T17:57:00.000Z,North America,CA,EN,Email,Setup,Subscription not applied,Jonly Floodlight Max,Android,Tier 1,Closed,608,0,1,2,-0.22
9002150,JNL002150,CU39919,2025-07-25T16:26:00.000Z,North America,US,DE,Chat,Inquiry,False motion alerts,Jonly Doorbell Pro,iOS,Tier 1,Closed,776,3,1,3,-0.06
9002151,JNL002151,CU22025,2025-05-23T20:59:00.000Z,Europe,DE,FR,Phone,Shipping,Laggy live view,Jonly Hub Plus,Android,Tier 2,Closed,1165,0,1,5,1.0
9002152,JNL002152,CU27174,2025-05-04T14:23:00.000Z,North America,CA,DE,Email,Billing,Order not delivered,Jonly Doorbell Pro,iOS,Escalation,Closed,871,2,1,3,0.18
9002153,JNL002153,CU23044,2025-05-03T12:43:00.000Z,Europe,GB,EN,Chat,Connectivity,Order not delivered,Jonly Cam Indoor,iOS,Tier 1,Closed,761,0,1,2,-0.58
9002154,JNL002154,CU89963,2025-07-05T09:30:00.000Z,North America,CA,EN,Phone,Inquiry,No motion alerts,Jonly Floodlight Max,iOS,Tier 1,Closed,602,0,1,5,0.7
9002155,JNL002155,CU89978,2025-05-08T15:03:00.000Z,APAC,AU,EN,Email,Inquiry,Subscription not applied,Jonly Cam Indoor,Android,Tier 2,Closed,446,1,1,3,-0.14
9002156,JNL002156,CU89298,2025-06-13T09:01:00.000Z,North America,CA,EN,Phone,Connectivity,Camera offline,Jonly Hub Mini,Web,Tier 1,Escalated,1275,0,1,4,0.93
9002157,JNL002157,CU57224,2025-05-19T15:40:00.000Z,North America,US,EN,Chat,Account,Video not loading,Jonly Hub Mini,Android,Tier 2,Closed,546,0,1,3,-0.05
9002158,JNL002158,CU28510,2025-05-09T15:37:00.000Z,APAC,AU,FR,Phone,Connectivity,Wrong item received,Jonly Hub Plus,Android,Tier 1,Closed,886,0,1,1,-0.33
9002159,JNL002159,CU96038,2025-07-30T08:41:00.000Z,Europe,GB,FR,Chat,Billing,Charged twice,Jonly Cam Outdoor,iOS,Tier 1,Closed,318,1,1,3,-0.3
9002160,JNL002160,CU79020,2025-07-17T00:36:00.000Z,APAC,SG,EN,Email,Connectivity,Two-factor issues,Jonly Floodlight Max,iOS,Tier 1,Closed,781,0,1,4,0.35
9002161,JNL002161,CU44566,2025-05-12T20:39:00.000Z,North America,US,DE,Chat,Inquiry,Video not loading,Jonly Secure Subscription,Android,Tier 1,Closed,709,1,1,4,0.4
9002162,JNL002162,CU26636,2025-07-10T03:02:00.000Z,APAC,AU,EN,Email,Account,Subscription not applied,Jonly Secure Subscription,Web,Tier 1,Closed,598,1,1,3,0.13
9002163,JNL002163,CU98541,2025-05-16T02:01:00.000Z,North America,CA,EN,Phone,Functionality,False motion alerts,Jonly Hub Mini,iOS,Tier 1,Closed,899,1,1,5,1.0
9002164,JNL002164,CU80319,2025-06-09T05:36:00.000Z,North America,CA,EN,Email,Setup,Video not loading,Jonly Floodlight Max,iOS,Tier 1,Closed,521,0,1,5,1.0
9002165,JNL002165,CU46295,2025-05-17T08:06:00.000Z,Europe,NL,EN,Phone,Shipping,Charged twice,Jonly Cam Outdoor,iOS,Tier 2,Closed,1761,1,1,5,0.72
9002166,JNL002166,CU16932,2025-06-29T00:46:00.000Z,APAC,AU,EN,Web Form,Connectivity,Doorbell not ringing,Jonly Cam Indoor,Android,Tier 1,Closed,856,1,1,3,0.52
9002167,JNL002167,CU14499,2025-05-11T22:32:00.000Z,Europe,DE,EN,Phone,Inquiry,Audio one-way only,Jonly Hub Plus,Android,Tier 1,Closed,993,2,1,4,1.0
9002168,JNL002168,CU15989,2025-06-16T09:18:00.000Z,Europe,FR,DE,Chat,Functionality,Laggy live view,Jonly Secure Subscription,Web,Tier 2,Closed,1386,0,1,4,0.43
9002169,JNL002169,CU83217,2025-07-02T05:12:00.000Z,North America,US,EN,Email,Inquiry,Doorbell not ringing,Jonly Cam Outdoor,iOS,Escalation,Escalated,920,1,1,3,0.07
9002170,JNL002170,CU60698,2025-05-07T15:48:00.000Z,Europe,FR,EN,Web Form,Functionality,Video not loading,Jonly Doorbell Pro,Android,Tier 1,Escalated,1095,0,1,4,0.71
9002171,JNL002171,CU11854,2025-06-20T02:24:00.000Z,Europe,NL,EN,Chat,Setup,Two-factor issues,Jonly Hub Plus,Web,Tier 1,Closed,531,0,1,5,1.0
9002172,JNL002172,CU46989,2025-05-28T22:08:00.000Z,Europe,DE,EN,Phone,Setup,Doorbell not ringing,Jonly Floodlight Max,iOS,Tier 1,Closed,1371,0,1,5,1.0
9002173,JNL002173,CU20380,2025-07-04T18:18:00.000Z,North America,CA,EN,Chat,Functionality,False motion alerts,Jonly Cam Outdoor,iOS,Tier 2,In Progress,233,0,1,4,-0.01
9002174,JNL002174,CU18332,2025-06-07T10:38:00.000Z,North America,US,EN,Chat,Account,Audio one-way only,Jonly Hub Plus,Android,Tier 1,Closed,961,0,1,5,1.0
9002175,JNL002175,CU56575,2025-07-27T11:06:00.000Z,Europe,FR,DE,Email,Connectivity,Two-factor issues,Jonly Doorbell Pro,iOS,Tier 1,Closed,668,0,1,1,-0.58
9002176,JNL002176,CU82125,2025-05-31T21:55:00.000Z,APAC,AU,FR,Chat,Connectivity,No motion alerts,Jonly Cam Outdoor,Android,Tier 2,In Progress,180,0,1,4,0.56
9002177,JNL002177,CU37215,2025-07-18T06:57:00.000Z,North America,US,DE,Phone,Connectivity,Camera offline,Jonly Cam Indoor,Android,Tier 1,Closed,1624,1,1,3,0.26
9002178,JNL002178,CU43748,2025-07-25T04:48:00.000Z,North America,US,DE,Email,Connectivity,Camera offline,Jonly Doorbell Pro,iOS,Tier 1,Closed,711,1,1,3,-0.26
9002179,JNL002179,CU14718,2025-06-02T09:24:00.000Z,North America,CA,EN,Chat,Account,Audio one-way only,Jonly Floodlight Max,iOS,Tier 1,Closed,1056,1,1,1,-1.0
9002180,JNL002180,CU23332,2025-07-19T01:00:00.000Z,North America,US,EN,Chat,Functionality,No motion alerts,Jonly Cam Outdoor,Android,Tier 1,In Progress,1096,0,1,4,0.94
9002181,JNL002181,CU39156,2025-05-10T21:12:00.000Z,North America,CA,NL,Phone,Account,Charged twice,Jonly Hub Plus,Web,Tier 1,Closed,579,0,1,2,0.05
9002182,JNL002182,CU59426,2025-06-03T01:03:00.000Z,Europe,NL,DE,Email,Inquiry,Wrong item received,Jonly Doorbell Pro,iOS,Tier 1,Closed,679,0,1,4,0.45
9002183,JNL002183,CU11014,2025-07-05T12:15:00.000Z,Europe,GB,DE,Web Form,Account,Doorbell not ringing,Jonly Doorbell Pro,Android,Tier 2,Escalated,1302,0,1,2,-0.5
9002184,JNL002184,CU10364,2025-06-19T02:24:00.000Z,North America,US,DE,Community,Account,Wrong item received,Jonly Cam Indoor,iOS,Tier 2,Escalated,437,1,1,3,-0.06
9002185,JNL002185,CU28800,2025-06-21T13:46:00.000Z,Europe,FR,EN,Email,Inquiry,Poor night vision,Jonly Doorbell Pro,Android,Escalation,Closed,408,0,1,5,1.0
9002186,JNL002186,CU89762,2025-05-02T21:14:00.000Z,North America,US,EN,Phone,Shipping,Subscription not applied,Jonly Doorbell Pro,Web,Tier 1,Closed,865,0,1,3,0.19
9002187,JNL002187,CU20968,2025-07-20T19:17:00.000Z,North America,US,EN,Chat,Setup,Laggy live view,Jonly Cam Indoor,Android,Tier 2,Closed,777,0,1,3,0.37
9002188,JNL002188,CU60695,2025-07-21T00:58:00.000Z,North America,US,EN,Chat,Inquiry,Cannot login to app,Jonly Doorbell Pro,Android,Tier 1,Closed,795,0,1,3,-0.02
9002189,JNL002189,CU37497,2025-06-18T10:19:00.000Z,Europe,FR,DE,Chat,Account,Video not loading,Jonly Secure Subscription,iOS,Escalation,Closed,712,0,1,5,1.0
9002190,JNL002190,CU66386,2025-07-13T00:37:00.000Z,North America,CA,DE,Chat,Inquiry,Cannot login to app,Jonly Hub Plus,Android,Tier 2,Closed,1096,0,1,3,0.08
9002191,JNL002191,CU70135,2025-05-29T20:24:00.000Z,North America,US,EN,Phone,Billing,Charged twice,Jonly Cam Outdoor,Other,Tier 1,Closed,770,0,1,3,-0.18
9002192,JNL002192,CU62812,2025-07-02T01:10:00.000Z,North America,CA,DE,Chat,Connectivity,Two-factor issues,Jonly Hub Plus,Android,Tier 1,Closed,682,0,1,3,0.01
9002193,JNL002193,CU53434,2025-05-16T17:44:00.000Z,North America,US,EN,Phone,Setup,Wrong item received,Jonly Hub Mini,Android,Tier 1,Closed,590,1,1,4,0.59
9002194,JNL002194,CU44538,2025-05-02T15:30:00.000Z,North America,US,DE,Chat,Functionality,Wrong item received,Jonly Cam Indoor,Android,Tier 2,Escalated,1157,0,1,4,0.62
9002195,JNL002195,CU39189,2025-06-12T06:10:00.000Z,North America,US,EN,Phone,Inquiry,Two-factor issues,Jonly Doorbell Pro,Web,Tier 1,Closed,1314,1,1,5,-0.08
9002196,JNL002196,CU42670,2025-06-22T21:47:00.000Z,APAC,SG,EN,Chat,Connectivity,Charged twice,Jonly Hub Mini,Android,Tier 1,Closed,1079,1,1,4,0.27
9002197,JNL002197,CU41991,2025-07-03T21:50:00.000Z,Europe,DE,EN,Chat,Inquiry,Device will not pair,Jonly Doorbell Pro,iOS,Tier 1,Closed,803,0,1,3,0.25
9002198,JNL002198,CU62040,2025-07-01T15:08:00.000Z,Europe,NL,DE,Web Form,Shipping,Laggy live view,Jonly Floodlight Max,iOS,Tier 1,Closed,764,0,1,4,0.27
9002199,JNL002199,CU85506,2025-06-19T22:11:00.000Z,Europe,DE,EN,Phone,Billing,Video not loading,Jonly Floodlight Max,Android,Tier 1,Closed,462,1,1,4,0.1
9002200,JNL002200,CU96852,2025-05-16T00:58:00.000Z,Europe,NL,EN,Phone,Billing,Poor night vision,Jonly Cam Indoor,iOS,Tier 1,Closed,1461,0,1,4,0.99
9002201,JNL002201,CU45296,2025-05-31T09:28:00.000Z,North America,US,EN,Phone,Billing,Charged twice,Jonly Cam Indoor,iOS,Tier 1,Closed,844,1,1,4,0.46
9002202,JNL002202,CU78524,2025-07-05T00:14:00.000Z,Europe,FR,EN,Email,Functionality,Cannot login to app,Jonly Doorbell Pro,iOS,Tier 1,Closed,781,0,1,4,0.8
9002203,JNL002203,CU92896,2025-06-18T04:44:00.000Z,Europe,NL,EN,Chat,Functionality,Order not delivered,Jonly Hub Mini,Android,Tier 1,Closed,804,0,1,5,1.0
9002204,JNL002204,CU68355,2025-06-19T08:27:00.000Z,North America,US,EN,Phone,Functionality,Order not delivered,Jonly Hub Plus,Android,Tier 2,In Progress,697,0,1,3,-0.03
9002205,JNL002205,CU42625,2025-06-03T19:06:00.000Z,North America,US,EN,Chat,Functionality,Audio one-way only,Jonly Floodlight Max,Web,Tier 1,Closed,1080,0,1,5,0.77
9002206,JNL002206,CU78112,2025-05-10T06:46:00.000Z,APAC,SG,EN,Chat,Functionality,Two-factor issues,Jonly Floodlight Max,iOS,Tier 1,In Progress,1259,0,1,5,-0.21
9002207,JNL002207,CU60363,2025-05-11T05:21:00.000Z,North America,US,EN,Phone,Shipping,Two-factor issues,Jonly Hub Plus,Web,Tier 2,Closed,785,0,1,1,-1.0
9002208,JNL002208,CU54333,2025-07-11T08:33:00.000Z,North America,US,DE,Chat,Inquiry,False motion alerts,Jonly Secure Subscription,Android,Tier 1,Escalated,479,2,1,4,0.23
9002209,JNL002209,CU19763,2025-07-23T08:57:00.000Z,APAC,SG,EN,Community,Account,Order not delivered,Jonly Cam Indoor,Web,Tier 1,Closed,608,0,1,5,0.94
9002210,JNL002210,CU39760,2025-07-10T12:00:00.000Z,APAC,SG,EN,Phone,Functionality,Two-factor issues,Jonly Secure Subscription,Web,Tier 1,Closed,1571,1,1,4,0.74
9002211,JNL002211,CU17568,2025-06-08T14:13:00.000Z,North America,CA,EN,Web Form,Inquiry,Wrong item received,Jonly Cam Indoor,Android,Tier 2,Closed,180,0,1,5,0.45
9002212,JNL002212,CU56965,2025-07-22T23:58:00.000Z,North America,CA,EN,Chat,Inquiry,Doorbell not ringing,Jonly Doorbell Pro,Android,Tier 1,Closed,470,0,0,5,0.74
9002213,JNL002213,CU91156,2025-07-07T12:40:00.000Z,North America,CA,EN,Chat,Shipping,Audio one-way only,Jonly Floodlight Max,iOS,Tier 1,Closed,655,0,1,3,0.23
9002214,JNL002214,CU79649,2025-06-25T04:15:00.000Z,APAC,NZ,EN,Chat,Shipping,Laggy live view,Jonly Secure Subscription,iOS,Tier 1,Escalated,988,0,1,4,0.71
9002215,JNL002215,CU95983,2025-05-09T20:16:00.000Z,North America,US,EN,Phone,Setup,Audio one-way only,Jonly Doorbell Pro,iOS,Tier 1,Closed,1100,0,1,3,-0.04
9002216,JNL002216,CU83253,2025-06-05T14:52:00.000Z,North America,CA,EN,Web Form,Shipping,Device will not pair,Jonly Doorbell Pro,Web,Tier 1,Closed,701,0,1,5,0.87
9002217,JNL002217,CU49632,2025-06-10T20:00:00.000Z,North America,US,EN,Web Form,Account,False motion alerts,Jonly Doorbell Pro,Android,Tier 1,Escalated,573,0,1,4,1.0
9002218,JNL002218,CU10957,2025-06-04T18:00:00.000Z,APAC,NZ,DE,Email,Inquiry,Doorbell not ringing,Jonly Hub Mini,Web,Tier 2,Closed,800,2,1,2,-0.29
9002219,JNL002219,CU75178,2025-07-05T17:52:00.000Z,Europe,NL,DE,Phone,Inquiry,Device will not pair,Jonly Cam Outdoor,Android,Tier 1,Closed,957,0,1,4,0.22
9002220,JNL002220,CU85741,2025-05-12T23:31:00.000Z,North America,US,DE,Phone,Account,Cannot login to app,Jonly Cam Outdoor,Android,Tier 1,Closed,1195,0,1,5,1.0
9002221,JNL002221,CU96200,2025-06-05T17:01:00.000Z,APAC,SG,EN,Chat,Connectivity,Laggy live view,Jonly Secure Subscription,Other,Tier 1,Closed,475,0,1,2,-0.82
9002222,JNL002222,CU96083,2025-07-29T22:23:00.000Z,North America,US,NL,Chat,Connectivity,Cannot login to app,Jonly Cam Outdoor,Android,Tier 1,Closed,1333,0,1,4,0.09
9002223,JNL002223,CU14273,2025-05-15T01:48:00.000Z,APAC,NZ,EN,Web Form,Setup,Cannot login to app,Jonly Hub Mini,Android,Tier 2,Closed,612,0,1,1,-1.0
9002224,JNL002224,CU36495,2025-06-12T10:15:00.000Z,North America,CA,EN,Chat,Functionality,Audio one-way only,Jonly Secure Subscription,Other,Tier 1,Closed,577,1,1,3,-0.41
9002225,JNL002225,CU15357,2025-07-31T08:08:00.000Z,North America,US,EN,Phone,Connectivity,Device will not pair,Jonly Hub Mini,iOS,Tier 1,Escalated,1739,0,1,4,0.33
9002226,JNL002226,CU84583,2025-07-09T20:21:00.000Z,North America,CA,EN,Phone,Functionality,Doorbell not ringing,Jonly Cam Indoor,Android,Tier 2,Closed,1259,0,1,3,0.05
9002227,JNL002227,CU77269,2025-06-03T09:27:00.000Z,APAC,AU,EN,Phone,Account,False motion alerts,Jonly Cam Indoor,Web,Tier 1,Closed,568,0,1,5,0.81
9002228,JNL002228,CU71291,2025-05-07T03:56:00.000Z,APAC,NZ,EN,Phone,Connectivity,Audio one-way only,Jonly Doorbell Pro,iOS,Escalation,Escalated,1073,0,1,4,-0.03
9002229,JNL002229,CU70791,2025-06-16T12:57:00.000Z,North America,CA,EN,Web Form,Inquiry,Order not delivered,Jonly Hub Mini,iOS,Escalation,Closed,744,0,1,5,1.0
9002230,JNL002230,CU73842,2025-07-10T12:19:00.000Z,APAC,SG,EN,Phone,Setup,Audio one-way only,Jonly Floodlight Max,Web,Tier 1,Closed,336,1,1,5,0.79
9002231,JNL002231,CU26658,2025-07-16T20:16:00.000Z,Europe,DE,EN,Community,Functionality,Charged twice,Jonly Floodlight Max,iOS,Tier 1,Closed,725,0,1,5,0.66
9002232,JNL002232,CU28564,2025-05-17T03:06:00.000Z,APAC,SG,EN,Web Form,Connectivity,Laggy live view,Jonly Floodlight Max,Web,Tier 2,Closed,740,0,0,5,0.51
9002233,JNL002233,CU38005,2025-05-21T16:06:00.000Z,Europe,NL,EN,Web Form,Setup,False motion alerts,Jonly Cam Indoor,iOS,Tier 1,Closed,641,0,1,2,-0.46
9002234,JNL002234,CU44583,2025-07-27T16:26:00.000Z,Europe,GB,EN,Phone,Setup,Laggy live view,Jonly Floodlight Max,iOS,Tier 1,Closed,1447,0,1,1,-1.0
9002235,JNL002235,CU98788,2025-07-19T06:56:00.000Z,North America,US,EN,Chat,Functionality,Video not loading,Jonly Cam Indoor,Android,Tier 1,Closed,527,0,1,1,-1.0
9002236,JNL002236,CU96239,2025-06-08T10:50:00.000Z,North America,CA,NL,Phone,Inquiry,Order not delivered,Jonly Floodlight Max,Android,Tier 2,Closed,1907,0,1,4,0.61
9002237,JNL002237,CU60534,2025-06-17T12:11:00.000Z,Europe,FR,EN,Phone,Connectivity,Subscription not applied,Jonly Secure Subscription,Android,Tier 2,Closed,1279,1,1,4,0.79
9002238,JNL002238,CU60164,2025-07-07T04:05:00.000Z,North America,US,EN,Phone,Inquiry,False motion alerts,Jonly Secure Subscription,Android,Tier 1,Closed,1300,1,0,3,0.02
9002239,JNL002239,CU25994,2025-05-28T23:42:00.000Z,Europe,GB,EN,Phone,Connectivity,Subscription not applied,Jonly Hub Mini,Android,Escalation,In Progress,726,1,0,2,-1.0
9002240,JNL002240,CU30600,2025-06-29T00:56:00.000Z,North America,US,DE,Phone,Functionality,Cannot login to app,Jonly Floodlight Max,Android,Tier 1,Closed,1771,2,1,1,-1.0
9002241,JNL002241,CU86887,2025-05-07T23:42:00.000Z,North America,US,EN,Web Form,Connectivity,Doorbell not ringing,Jonly Hub Plus,Other,Tier 2,Closed,985,0,1,2,-0.54
9002242,JNL002242,CU10402,2025-06-02T22:23:00.000Z,North America,CA,FR,Phone,Billing,Subscription not applied,Jonly Secure Subscription,Android,Tier 1,Closed,1258,0,1,4,0.71
9002243,JNL002243,CU20591,2025-07-28T03:34:00.000Z,North America,US,EN,Chat,Connectivity,Cannot login to app,Jonly Hub Plus,Android,Tier 1,Escalated,709,1,1,4,0.64
9002244,JNL002244,CU30778,2025-05-21T10:43:00.000Z,North America,US,EN,Chat,Functionality,Two-factor issues,Jonly Hub Plus,iOS,Tier 2,Closed,578,0,1,5,1.0
9002245,JNL002245,CU64772,2025-06-11T00:53:00.000Z,Europe,NL,EN,Phone,Functionality,Doorbell not ringing,Jonly Hub Mini,iOS,Escalation,Closed,1224,0,1,5,0.69
9002246,JNL002246,CU24850,2025-07-08T19:44:00.000Z,North America,CA,EN,Phone,Setup,Order not delivered,Jonly Secure Subscription,iOS,Tier 2,Closed,453,1,0,3,0.2
9002247,JNL002247,CU53709,2025-07-06T03:34:00.000Z,North America,CA,EN,Chat,Functionality,Video not loading,Jonly Hub Mini,Android,Tier 1,Closed,708,0,1,5,0.94
9002248,JNL002248,CU53508,2025-05-06T16:12:00.000Z,Europe,GB,DE,Phone,Functionality,Poor night vision,Jonly Cam Outdoor,Android,Tier 2,Closed,595,0,1,3,-0.6
9002249,JNL002249,CU61350,2025-06-25T04:33:00.000Z,North America,CA,EN,Chat,Setup,Video not loading,Jonly Hub Plus,Other,Tier 1,Closed,1558,0,1,5,0.63
9002250,JNL002250,CU35054,2025-06-10T21:47:00.000Z,APAC,SG,EN,Phone,Inquiry,Video not loading,Jonly Hub Mini,Android,Escalation,Closed,558,0,1,2,-0.7
9002251,JNL002251,CU93170,2025-05-27T14:25:00.000Z,APAC,SG,DE,Phone,Shipping,Camera offline,Jonly Cam Indoor,Android,Tier 1,Closed,1025,0,1,4,0.54
9002252,JNL002252,CU37568,2025-05-19T17:37:00.000Z,Europe,DE,EN,Web Form,Shipping,Wrong item received,Jonly Doorbell Pro,Android,Tier 1,Closed,683,1,1,3,-0.15
9002253,JNL002253,CU78800,2025-07-15T09:05:00.000Z,Europe,FR,EN,Email,Connectivity,Video not loading,Jonly Doorbell Pro,Android,Escalation,Closed,1187,0,1,4,0.81
9002254,JNL002254,CU73538,2025-05-11T14:05:00.000Z,Europe,GB,DE,Phone,Account,Poor night vision,Jonly Hub Plus,Android,Tier 2,In Progress,1667,1,1,2,-0.48
9002255,JNL002255,CU29534,2025-06-18T23:41:00.000Z,North America,US,EN,Web Form,Inquiry,Subscription not applied,Jonly Cam Indoor,Android,Tier 1,Closed,864,0,1,4,0.61
9002256,JNL002256,CU33325,2025-05-03T20:20:00.000Z,APAC,NZ,EN,Phone,Account,Subscription not applied,Jonly Cam Outdoor,Android,Tier 1,Closed,989,0,1,4,0.79
9002257,JNL002257,CU50023,2025-05-13T06:11:00.000Z,North America,US,EN,Phone,Connectivity,Charged twice,Jonly Floodlight Max,Web,Tier 2,Closed,1481,0,1,4,0.39
9002258,JNL002258,CU73997,2025-06-20T20:20:00.000Z,Europe,GB,EN,Email,Functionality,Wrong item received,Jonly Floodlight Max,Android,Tier 1,Closed,887,1,1,4,0.19
9002259,JNL002259,CU44091,2025-07-03T09:18:00.000Z,North America,US,EN,Email,Shipping,Charged twice,Jonly Secure Subscription,Android,Tier 2,Closed,789,0,1,4,0.97
9002260,JNL002260,CU72088,2025-07-01T14:57:00.000Z,Europe,NL,DE,Phone,Account,No motion alerts,Jonly Floodlight Max,Android,Tier 1,Closed,1491,0,1,3,-0.18
9002261,JNL002261,CU98059,2025-07-30T09:04:00.000Z,Europe,NL,EN,Chat,Setup,False motion alerts,Jonly Cam Indoor,iOS,Tier 1,Closed,667,2,1,3,-0.88
9002262,JNL002262,CU63765,2025-05-25T04:14:00.000Z,APAC,NZ,EN,Phone,Inquiry,Subscription not applied,Jonly Doorbell Pro,Other,Tier 1,Closed,1799,0,1,5,1.0
9002263,JNL002263,CU91427,2025-07-06T11:25:00.000Z,North America,CA,EN,Chat,Functionality,Charged twice,Jonly Cam Outdoor,iOS,Tier 1,Closed,1042,0,1,3,0.39
9002264,JNL002264,CU67001,2025-07-16T15:39:00.000Z,Europe,FR,DE,Email,Connectivity,Wrong item received,Jonly Secure Subscription,iOS,Escalation,Closed,545,0,0,4,0.74
9002265,JNL002265,CU27504,2025-05-13T00:22:00.000Z,APAC,SG,EN,Web Form,Inquiry,Cannot login to app,Jonly Cam Indoor,iOS,Tier 1,Closed,577,1,1,2,-0.6
9002266,JNL002266,CU61429,2025-06-15T11:34:00.000Z,Europe,NL,NL,Email,Shipping,Charged twice,Jonly Cam Outdoor,Web,Tier 1,Closed,859,1,1,4,0.28
9002267,JNL002267,CU56937,2025-06-09T19:45:00.000Z,APAC,NZ,EN,Phone,Connectivity,Camera offline,Jonly Floodlight Max,Android,Tier 1,Closed,1290,1,1,3,-0.59
9002268,JNL002268,CU64024,2025-06-07T15:12:00.000Z,APAC,AU,EN,Chat,Inquiry,Cannot login to app,Jonly Floodlight Max,Android,Tier 1,Closed,274,0,1,3,0.73
9002269,JNL002269,CU61770,2025-06-22T21:29:00.000Z,Europe,NL,NL,Chat,Connectivity,No motion alerts,Jonly Hub Plus,iOS,Tier 1,Closed,834,0,1,5,1.0
9002270,JNL002270,CU84679,2025-05-21T13:36:00.000Z,North America,CA,FR,Phone,Connectivity,Audio one-way only,Jonly Cam Indoor,Android,Tier 1,Closed,1199,3,1,3,0.4
9002271,JNL002271,CU31612,2025-05-09T15:16:00.000Z,North America,CA,EN,Chat,Inquiry,Doorbell not ringing,Jonly Floodlight Max,iOS,Tier 1,Escalated,1576,1,1,4,0.26
9002272,JNL002272,CU33604,2025-07-08T00:48:00.000Z,APAC,NZ,EN,Phone,Functionality,Charged twice,Jonly Floodlight Max,Android,Escalation,Closed,641,0,1,4,0.93
9002273,JNL002273,CU62754,2025-07-19T14:45:00.000Z,North America,US,EN,Phone,Connectivity,False motion alerts,Jonly Cam Indoor,Android,Tier 1,In Progress,1411,1,1,3,-0.23
9002274,JNL002274,CU99548,2025-05-21T01:55:00.000Z,Europe,FR,NL,Chat,Setup,Charged twice,Jonly Doorbell Pro,Android,Tier 2,Closed,781,0,1,5,1.0
9002275,JNL002275,CU81257,2025-07-16T18:21:00.000Z,Europe,GB,NL,Chat,Account,Order not delivered,Jonly Hub Mini,Web,Tier 1,Closed,729,1,1,3,-0.11
9002276,JNL002276,CU83361,2025-05-23T22:37:00.000Z,North America,US,FR,Phone,Connectivity,Video not loading,Jonly Cam Outdoor,Android,Tier 2,Closed,1546,1,1,4,0.95
9002277,JNL002277,CU72306,2025-06-27T08:10:00.000Z,North America,CA,EN,Phone,Setup,Camera offline,Jonly Secure Subscription,Android,Escalation,Escalated,1018,0,1,3,-0.12
9002278,JNL002278,CU25717,2025-06-10T01:07:00.000Z,North America,US,DE,Web Form,Shipping,Laggy live view,Jonly Cam Outdoor,Web,Tier 2,Closed,947,0,0,3,-0.17
9002279,JNL002279,CU80137,2025-06-19T01:09:00.000Z,North America,US,EN,Chat,Billing,Cannot login to app,Jonly Cam Indoor,Android,Tier 1,Closed,1196,0,1,4,0.64
9002280,JNL002280,CU48851,2025-05-07T01:59:00.000Z,Europe,GB,EN,Chat,Functionality,Audio one-way only,Jonly Secure Subscription,iOS,Tier 1,Closed,556,0,1,4,0.43
9002281,JNL002281,CU31218,2025-07-22T00:59:00.000Z,Europe,FR,EN,Phone,Setup,Doorbell not ringing,Jonly Cam Indoor,Web,Tier 1,Escalated,1506,0,1,4,0.69
9002282,JNL002282,CU13413,2025-07-10T20:45:00.000Z,APAC,AU,EN,Community,Account,Wrong item received,Jonly Doorbell Pro,Other,Tier 1,In Progress,496,0,1,3,-0.43
9002283,JNL002283,CU76727,2025-05-31T09:09:00.000Z,North America,CA,EN,Web Form,Billing,Laggy live view,Jonly Doorbell Pro,Android,Tier 1,In Progress,722,2,1,4,0.94
9002284,JNL002284,CU10023,2025-07-15T21:02:00.000Z,North America,CA,FR,Email,Functionality,False motion alerts,Jonly Cam Outdoor,iOS,Tier 1,Closed,698,0,0,5,1.0
9002285,JNL002285,CU97367,2025-05-10T11:36:00.000Z,North America,US,NL,Chat,Account,No motion alerts,Jonly Cam Outdoor,iOS,Tier 1,Closed,1366,0,1,4,0.11
9002286,JNL002286,CU98486,2025-07-12T16:20:00.000Z,Europe,DE,DE,Phone,Connectivity,Order not delivered,Jonly Hub Plus,iOS,Tier 1,Closed,890,1,1,4,0.27
9002287,JNL002287,CU59172,2025-06-03T05:54:00.000Z,North America,US,EN,Email,Functionality,Two-factor issues,Jonly Hub Plus,Android,Tier 2,Closed,1191,1,1,2,-0.4
9002288,JNL002288,CU25380,2025-07-20T04:23:00.000Z,North America,CA,EN,Chat,Inquiry,Two-factor issues,Jonly Hub Plus,iOS,Tier 2,Closed,1055,0,1,4,0.61
9002289,JNL002289,CU27197,2025-05-09T13:43:00.000Z,Europe,FR,EN,Chat,Functionality,Order not delivered,Jonly Cam Outdoor,Android,Tier 1,Closed,974,0,1,5,1.0
9002290,JNL002290,CU81855,2025-07-27T01:22:00.000Z,North America,CA,DE,Chat,Connectivity,Laggy live view,Jonly Hub Mini,iOS,Tier 1,Closed,1074,0,1,4,0.44
9002291,JNL002291,CU16158,2025-07-07T14:28:00.000Z,APAC,AU,EN,Web Form,Connectivity,Cannot login to app,Jonly Cam Outdoor,Web,Tier 1,Closed,1062,0,1,2,-1.0
9002292,JNL002292,CU48101,2025-07-09T00:14:00.000Z,North America,CA,EN,Community,Account,False motion alerts,Jonly Hub Mini,Android,Tier 1,Escalated,810,0,1,2,-0.39
9002293,JNL002293,CU48253,2025-07-11T19:30:00.000Z,North America,US,EN,Phone,Account,Charged twice,Jonly Floodlight Max,Web,Tier 2,In Progress,918,0,1,5,1.0
9002294,JNL002294,CU43396,2025-06-05T09:06:00.000Z,Europe,DE,EN,Chat,Connectivity,Cannot login to app,Jonly Floodlight Max,Android,Tier 1,Closed,264,2,1,2,0.23
9002295,JNL002295,CU39309,2025-07-28T20:58:00.000Z,North America,US,DE,Email,Connectivity,Poor night vision,Jonly Hub Mini,Android,Tier 1,Closed,579,1,1,4,0.76
9002296,JNL002296,CU10898,2025-06-19T13:08:00.000Z,Europe,FR,EN,Phone,Account,Camera offline,Jonly Cam Outdoor,Android,Tier 2,Closed,1296,0,1,2,-0.04
9002297,JNL002297,CU14527,2025-06-12T03:53:00.000Z,North America,US,EN,Phone,Functionality,Poor night vision,Jonly Floodlight Max,Web,Tier 1,Closed,547,1,0,3,-0.22
9002298,JNL002298,CU55134,2025-06-13T23:57:00.000Z,North America,US,EN,Web Form,Connectivity,Order not delivered,Jonly Cam Indoor,Android,Tier 1,Escalated,234,0,0,4,0.96
9002299,JNL002299,CU14758,2025-06-22T21:06:00.000Z,Europe,GB,DE,Web Form,Inquiry,Camera offline,Jonly Cam Outdoor,iOS,Tier 2,Escalated,280,1,0,2,-0.43
9002300,JNL002300,CU50618,2025-06-06T11:32:00.000Z,North America,CA,DE,Phone,Setup,Camera offline,Jonly Hub Mini,iOS,Tier 1,Closed,1422,0,1,4,0.32
9002301,JNL002301,CU61059,2025-07-06T01:17:00.000Z,Europe,NL,EN,Phone,Inquiry,Camera offline,Jonly Hub Plus,Web,Tier 2,Closed,1655,0,1,4,0.66
9002302,JNL002302,CU84004,2025-06-18T03:09:00.000Z,North America,US,EN,Phone,Inquiry,Camera offline,Jonly Hub Mini,iOS,Tier 1,Closed,1406,0,1,3,0.4
9002303,JNL002303,CU58021,2025-07-22T09:01:00.000Z,Europe,GB,EN,Email,Inquiry,No motion alerts,Jonly Cam Indoor,Android,Tier 2,Closed,1218,0,1,4,0.11
9002304,JNL002304,CU33410,2025-07-25T21:36:00.000Z,North America,CA,FR,Phone,Setup,Two-factor issues,Jonly Hub Plus,iOS,Tier 1,Closed,1385,0,0,4,0.7
9002305,JNL002305,CU51206,2025-05-30T02:31:00.000Z,APAC,SG,EN,Chat,Inquiry,Order not delivered,Jonly Secure Subscription,Android,Tier 2,Closed,426,0,1,4,0.37
9002306,JNL002306,CU43011,2025-05-15T20:21:00.000Z,North America,US,EN,Web Form,Setup,Video not loading,Jonly Floodlight Max,Android,Tier 1,Closed,1120,1,1,4,0.63
9002307,JNL002307,CU64446,2025-05-14T19:35:00.000Z,North America,CA,EN,Chat,Connectivity,Subscription not applied,Jonly Floodlight Max,iOS,Tier 1,Closed,912,0,1,5,0.75
9002308,JNL002308,CU19453,2025-06-22T05:22:00.000Z,Europe,NL,DE,Chat,Setup,Subscription not applied,Jonly Cam Indoor,iOS,Tier 1,In Progress,660,0,1,3,-0.17
9002309,JNL002309,CU24119,2025-07-05T08:39:00.000Z,APAC,NZ,EN,Phone,Inquiry,Laggy live view,Jonly Hub Mini,Android,Tier 1,Closed,1039,1,1,3,0.57
9002310,JNL002310,CU27242,2025-06-03T17:51:00.000Z,APAC,NZ,EN,Phone,Inquiry,Doorbell not ringing,Jonly Floodlight Max,iOS,Tier 1,Closed,1213,0,0,5,0.82
9002311,JNL002311,CU39724,2025-07-05T07:27:00.000Z,Europe,DE,EN,Phone,Inquiry,False motion alerts,Jonly Floodlight Max,Android,Tier 1,Closed,372,1,1,3,0.06
9002312,JNL002312,CU86413,2025-05-05T11:05:00.000Z,North America,CA,EN,Phone,Functionality,False motion alerts,Jonly Doorbell Pro,Android,Tier 1,Closed,1015,0,1,4,0.43
9002313,JNL002313,CU92099,2025-07-23T22:14:00.000Z,Europe,DE,EN,Email,Account,Video not loading,Jonly Hub Mini,Android,Tier 2,Closed,662,0,1,3,-0.02
9002314,JNL002314,CU29071,2025-07-04T21:14:00.000Z,APAC,SG,EN,Chat,Setup,Cannot login to app,Jonly Cam Indoor,Web,Tier 1,Closed,1324,1,0,4,1.0
9002315,JNL002315,CU40088,2025-05-03T18:23:00.000Z,North America,CA,DE,Phone,Functionality,Video not loading,Jonly Hub Plus,Android,Tier 1,Closed,665,1,0,4,0.32
9002316,JNL002316,CU14649,2025-06-22T18:44:00.000Z,North America,US,EN,Chat,Account,Poor night vision,Jonly Floodlight Max,Web,Tier 1,Closed,645,0,0,4,0.51
9002317,JNL002317,CU76670,2025-05-07T05:46:00.000Z,North America,US,EN,Chat,Account,Cannot login to app,Jonly Secure Subscription,Android,Tier 2,Escalated,449,1,1,2,-0.21
9002318,JNL002318,CU90152,2025-05-25T09:53:00.000Z,Europe,GB,EN,Phone,Connectivity,Poor night vision,Jonly Cam Outdoor,iOS,Tier 1,Closed,1910,1,1,4,0.54
9002319,JNL002319,CU64177,2025-06-22T18:50:00.000Z,North America,US,EN,Phone,Inquiry,Device will not pair,Jonly Cam Indoor,Android,Tier 2,Closed,1362,1,0,4,0.12
9002320,JNL002320,CU53674,2025-05-05T09:08:00.000Z,North America,CA,EN,Email,Functionality,Cannot login to app,Jonly Floodlight Max,iOS,Tier 1,In Progress,621,0,1,4,0.38
9002321,JNL002321,CU50666,2025-06-22T20:32:00.000Z,North America,CA,EN,Phone,Connectivity,Wrong item received,Jonly Doorbell Pro,iOS,Tier 1,Closed,1833,1,1,5,0.8
9002322,JNL002322,CU43190,2025-05-24T17:08:00.000Z,North America,CA,EN,Phone,Connectivity,Video not loading,Jonly Secure Subscription,Android,Tier 1,Closed,1189,0,1,5,0.89
9002323,JNL002323,CU25847,2025-06-11T21:49:00.000Z,APAC,SG,EN,Phone,Functionality,Doorbell not ringing,Jonly Secure Subscription,Android,Tier 1,Closed,872,0,1,3,-0.15
9002324,JNL002324,CU10966,2025-06-28T16:51:00.000Z,APAC,AU,EN,Phone,Shipping,Poor night vision,Jonly Doorbell Pro,Android,Tier 1,In Progress,1544,0,1,3,0.43
9002325,JNL002325,CU47199,2025-06-10T05:09:00.000Z,North America,CA,EN,Phone,Connectivity,Wrong item received,Jonly Secure Subscription,iOS,Tier 2,In Progress,666,0,0,4,0.75
9002326,JNL002326,CU42438,2025-06-02T18:10:00.000Z,North America,US,EN,Phone,Shipping,Device will not pair,Jonly Doorbell Pro,Android,Tier 1,Closed,1168,0,1,4,0.68
9002327,JNL002327,CU41466,2025-07-13T18:17:00.000Z,Europe,NL,EN,Phone,Account,Doorbell not ringing,Jonly Doorbell Pro,Android,Tier 1,Closed,439,1,0,4,0.2
9002328,JNL002328,CU11940,2025-05-09T20:58:00.000Z,Europe,FR,EN,Chat,Connectivity,Wrong item received,Jonly Floodlight Max,Android,Tier 1,Closed,1609,0,0,1,-0.9
9002329,JNL002329,CU44663,2025-06-23T02:03:00.000Z,Europe,FR,FR,Phone,Shipping,Subscription not applied,Jonly Floodlight Max,iOS,Tier 1,Closed,1619,1,1,4,0.74
9002330,JNL002330,CU52800,2025-07-14T06:47:00.000Z,Europe,DE,EN,Phone,Inquiry,Poor night vision,Jonly Hub Mini,Android,Tier 1,Closed,1162,0,1,4,0.79
9002331,JNL002331,CU35856,2025-07-31T02:45:00.000Z,Europe,GB,EN,Chat,Functionality,Video not loading,Jonly Hub Plus,Android,Escalation,Closed,1513,0,1,2,-0.12
9002332,JNL002332,CU18729,2025-06-15T08:13:00.000Z,North America,US,EN,Phone,Inquiry,Device will not pair,Jonly Hub Plus,iOS,Tier 1,Closed,900,1,1,4,0.71
9002333,JNL002333,CU85030,2025-06-29T19:12:00.000Z,North America,US,EN,Community,Functionality,Poor night vision,Jonly Secure Subscription,iOS,Tier 2,Closed,662,0,1,5,1.0
9002334,JNL002334,CU75771,2025-06-01T12:34:00.000Z,North America,US,EN,Chat,Account,Video not loading,Jonly Floodlight Max,iOS,Tier 1,Closed,1297,1,1,5,0.96
9002335,JNL002335,CU23101,2025-06-18T07:12:00.000Z,North America,CA,DE,Phone,Functionality,Video not loading,Jonly Hub Mini,Android,Tier 1,In Progress,1563,0,1,4,0.44
9002336,JNL002336,CU16276,2025-05-28T23:20:00.000Z,North America,US,DE,Web Form,Functionality,Camera offline,Jonly Floodlight Max,Android,Tier 2,Closed,480,1,1,3,0.32
9002337,JNL002337,CU46691,2025-07-25T13:46:00.000Z,North America,US,EN,Chat,Setup,Two-factor issues,Jonly Doorbell Pro,Android,Tier 1,Closed,834,0,1,5,1.0
9002338,JNL002338,CU53066,2025-07-14T18:46:00.000Z,North America,CA,DE,Chat,Functionality,Audio one-way only,Jonly Cam Indoor,iOS,Tier 1,Closed,1322,0,1,1,-1.0
9002339,JNL002339,CU83789,2025-07-10T09:15:00.000Z,North America,CA,DE,Chat,Functionality,Poor night vision,Jonly Floodlight Max,iOS,Tier 1,Closed,629,0,1,4,0.5
9002340,JNL002340,CU18133,2025-05-24T23:38:00.000Z,Europe,FR,EN,Email,Inquiry,Laggy live view,Jonly Hub Plus,iOS,Tier 2,Closed,637,0,1,5,0.45
9002341,JNL002341,CU72636,2025-06-10T07:47:00.000Z,North America,US,EN,Phone,Functionality,Two-factor issues,Jonly Cam Outdoor,Android,Tier 1,Closed,1078,0,0,5,1.0
9002342,JNL002342,CU17688,2025-05-03T16:51:00.000Z,North America,CA,EN,Chat,Shipping,Laggy live view,Jonly Hub Mini,iOS,Tier 1,Closed,575,1,1,4,0.76
9002343,JNL002343,CU16333,2025-05-11T12:22:00.000Z,APAC,AU,EN,Web Form,Inquiry,Laggy live view,Jonly Cam Outdoor,Other,Tier 2,Closed,1212,1,1,4,0.82
9002344,JNL002344,CU39040,2025-05-10T07:57:00.000Z,Europe,GB,EN,Phone,Inquiry,False motion alerts,Jonly Hub Plus,Android,Tier 1,Closed,851,1,1,3,-0.04
9002345,JNL002345,CU77644,2025-05-12T02:17:00.000Z,North America,US,EN,Community,Functionality,Device will not pair,Jonly Doorbell Pro,iOS,Escalation,Escalated,871,0,0,5,1.0
9002346,JNL002346,CU66103,2025-05-08T22:36:00.000Z,North America,CA,FR,Phone,Functionality,Poor night vision,Jonly Doorbell Pro,Web,Tier 1,Closed,1010,0,1,3,0.05
9002347,JNL002347,CU63251,2025-06-22T12:34:00.000Z,North America,CA,EN,Chat,Connectivity,Wrong item received,Jonly Hub Plus,Android,Tier 1,Closed,640,0,1,1,-0.68
9002348,JNL002348,CU52276,2025-07-13T17:05:00.000Z,Europe,FR,EN,Phone,Inquiry,Poor night vision,Jonly Doorbell Pro,iOS,Tier 1,Closed,968,1,1,4,0.96
9002349,JNL002349,CU99533,2025-06-28T14:47:00.000Z,North America,CA,EN,Chat,Shipping,Video not loading,Jonly Floodlight Max,Other,Tier 1,Closed,1553,0,1,5,0.95
9002350,JNL002350,CU54034,2025-06-07T17:19:00.000Z,APAC,AU,FR,Phone,Functionality,Device will not pair,Jonly Secure Subscription,iOS,Tier 1,Closed,679,0,1,4,0.7
9002351,JNL002351,CU19107,2025-05-09T20:28:00.000Z,Europe,DE,FR,Chat,Inquiry,Camera offline,Jonly Cam Indoor,iOS,Tier 2,Closed,1492,0,1,2,-0.45
9002352,JNL002352,CU57621,2025-06-16T11:42:00.000Z,North America,CA,EN,Phone,Billing,Camera offline,Jonly Secure Subscription,iOS,Tier 1,Closed,991,1,1,5,1.0
9002353,JNL002353,CU49329,2025-07-04T06:14:00.000Z,North America,US,DE,Community,Connectivity,Wrong item received,Jonly Cam Outdoor,iOS,Tier 1,Closed,535,3,1,4,0.41
9002354,JNL002354,CU45723,2025-05-04T18:38:00.000Z,North America,US,EN,Phone,Connectivity,Order not delivered,Jonly Floodlight Max,iOS,Tier 1,Closed,994,0,1,3,0.03
9002355,JNL002355,CU48000,2025-06-07T05:44:00.000Z,Europe,FR,EN,Phone,Connectivity,Laggy live view,Jonly Cam Indoor,iOS,Tier 2,Escalated,1486,3,0,4,1.0
9002356,JNL002356,CU18841,2025-07-22T22:29:00.000Z,North America,US,EN,Chat,Setup,Two-factor issues,Jonly Hub Mini,iOS,Tier 1,Closed,604,0,1,4,0.96
9002357,JNL002357,CU22807,2025-05-31T02:35:00.000Z,North America,CA,FR,Phone,Connectivity,Video not loading,Jonly Cam Outdoor,Android,Tier 1,Closed,791,1,1,4,0.93
9002358,JNL002358,CU88137,2025-07-05T13:02:00.000Z,North America,CA,DE,Phone,Connectivity,Video not loading,Jonly Doorbell Pro,iOS,Escalation,Closed,1272,0,1,3,0.63
9002359,JNL002359,CU70218,2025-06-24T10:17:00.000Z,Europe,GB,EN,Phone,Billing,Video not loading,Jonly Hub Mini,iOS,Tier 1,Closed,694,0,1,1,-0.96
9002360,JNL002360,CU55619,2025-05-13T05:14:00.000Z,North America,US,EN,Email,Billing,Charged twice,Jonly Cam Indoor,Other,Tier 1,Closed,983,0,0,4,0.46
9002361,JNL002361,CU20188,2025-05-21T02:12:00.000Z,North America,CA,EN,Phone,Account,Audio one-way only,Jonly Doorbell Pro,Other,Tier 1,Closed,798,0,1,4,0.54
9002362,JNL002362,CU10685,2025-07-11T05:00:00.000Z,Europe,FR,EN,Phone,Billing,Device will not pair,Jonly Hub Plus,Android,Escalation,Closed,1694,0,1,4,0.53
9002363,JNL002363,CU27134,2025-06-30T10:27:00.000Z,North America,US,DE,Chat,Functionality,Cannot login to app,Jonly Secure Subscription,iOS,Tier 2,Escalated,353,0,1,3,0.26
9002364,JNL002364,CU60361,2025-05-02T07:13:00.000Z,North America,CA,EN,Phone,Inquiry,Doorbell not ringing,Jonly Secure Subscription,iOS,Tier 1,Closed,770,0,1,3,0.34
9002365,JNL002365,CU33861,2025-05-13T12:31:00.000Z,Europe,NL,EN,Web Form,Account,Wrong item received,Jonly Floodlight Max,Android,Tier 1,Closed,180,0,1,4,0.01
9002366,JNL002366,CU66768,2025-07-07T09:39:00.000Z,North America,US,EN,Chat,Inquiry,Charged twice,Jonly Hub Plus,iOS,Tier 2,Closed,180,1,1,3,0.07
9002367,JNL002367,CU41433,2025-06-15T06:20:00.000Z,APAC,SG,EN,Phone,Account,False motion alerts,Jonly Doorbell Pro,Web,Tier 2,Closed,888,1,1,5,1.0
9002368,JNL002368,CU55197,2025-06-17T05:04:00.000Z,North America,CA,DE,Phone,Inquiry,Laggy live view,Jonly Cam Outdoor,iOS,Tier 1,In Progress,1618,1,1,5,0.9
9002369,JNL002369,CU83570,2025-05-04T11:05:00.000Z,North America,CA,DE,Phone,Connectivity,Wrong item received,Jonly Cam Outdoor,iOS,Escalation,Closed,1633,0,1,4,0.53
9002370,JNL002370,CU31326,2025-07-07T14:45:00.000Z,North America,CA,EN,Chat,Setup,Doorbell not ringing,Jonly Hub Mini,iOS,Tier 1,Closed,852,0,0,4,-0.15
9002371,JNL002371,CU37053,2025-07-27T00:24:00.000Z,North America,CA,EN,Community,Shipping,Two-factor issues,Jonly Cam Indoor,iOS,Tier 1,In Progress,633,0,1,5,0.6
9002372,JNL002372,CU11865,2025-07-01T02:30:00.000Z,APAC,AU,EN,Email,Billing,Poor night vision,Jonly Floodlight Max,Other,Tier 1,Closed,1133,0,1,4,-0.19
9002373,JNL002373,CU47641,2025-07-28T00:54:00.000Z,North America,US,NL,Phone,Functionality,Camera offline,Jonly Floodlight Max,Android,Tier 1,Closed,543,1,1,5,1.0
9002374,JNL002374,CU25805,2025-07-25T09:44:00.000Z,APAC,SG,DE,Phone,Functionality,Charged twice,Jonly Hub Plus,iOS,Tier 2,Closed,180,0,1,4,0.55
9002375,JNL002375,CU83854,2025-06-23T20:15:00.000Z,Europe,GB,FR,Phone,Inquiry,Camera offline,Jonly Doorbell Pro,Web,Tier 1,Closed,346,1,1,4,0.91
9002376,JNL002376,CU53846,2025-07-03T19:26:00.000Z,Europe,FR,EN,Chat,Functionality,Doorbell not ringing,Jonly Hub Plus,Web,Escalation,In Progress,1233,0,1,5,0.73
9002377,JNL002377,CU81260,2025-06-12T05:29:00.000Z,APAC,NZ,DE,Email,Inquiry,Two-factor issues,Jonly Cam Outdoor,iOS,Tier 1,Escalated,1408,0,1,5,1.0
9002378,JNL002378,CU90928,2025-07-06T08:12:00.000Z,Europe,FR,EN,Chat,Inquiry,Audio one-way only,Jonly Floodlight Max,Other,Tier 2,In Progress,623,0,1,4,-0.03
9002379,JNL002379,CU35805,2025-06-27T06:19:00.000Z,North America,CA,EN,Web Form,Account,Device will not pair,Jonly Hub Plus,Web,Tier 1,Closed,1339,1,1,3,0.33
9002380,JNL002380,CU75654,2025-06-13T16:59:00.000Z,Europe,DE,DE,Web Form,Inquiry,Laggy live view,Jonly Hub Mini,Android,Tier 1,Escalated,522,0,1,4,0.39
9002381,JNL002381,CU13955,2025-07-20T11:32:00.000Z,Europe,NL,NL,Phone,Account,Doorbell not ringing,Jonly Cam Indoor,iOS,Tier 1,Closed,755,0,1,4,0.6
9002382,JNL002382,CU57940,2025-05-25T09:53:00.000Z,APAC,AU,EN,Phone,Functionality,Subscription not applied,Jonly Secure Subscription,Android,Tier 2,In Progress,1332,0,1,3,-0.19
9002383,JNL002383,CU67916,2025-07-18T01:07:00.000Z,North America,US,EN,Phone,Connectivity,Poor night vision,Jonly Doorbell Pro,Web,Escalation,Closed,989,0,1,4,-0.22
9002384,JNL002384,CU57574,2025-06-30T21:38:00.000Z,North America,CA,FR,Chat,Connectivity,No motion alerts,Jonly Hub Mini,Web,Tier 1,Escalated,1035,0,1,3,0.38
9002385,JNL002385,CU19320,2025-06-20T14:56:00.000Z,North America,CA,EN,Phone,Connectivity,Order not delivered,Jonly Doorbell Pro,Android,Tier 1,Closed,993,1,1,3,0.01
9002386,JNL002386,CU54079,2025-05-27T14:46:00.000Z,Europe,NL,DE,Chat,Functionality,Device will not pair,Jonly Floodlight Max,Android,Tier 1,Closed,435,0,1,4,0.61
9002387,JNL002387,CU77024,2025-07-16T00:16:00.000Z,APAC,AU,EN,Phone,Account,Cannot login to app,Jonly Doorbell Pro,iOS,Tier 2,Closed,249,1,1,4,0.24
9002388,JNL002388,CU78429,2025-05-03T17:23:00.000Z,North America,CA,EN,Community,Inquiry,Doorbell not ringing,Jonly Hub Plus,Android,Tier 1,Closed,718,0,0,2,-0.4
9002389,JNL002389,CU81988,2025-07-14T18:54:00.000Z,North America,US,EN,Phone,Shipping,False motion alerts,Jonly Secure Subscription,Web,Tier 1,Closed,1112,1,1,4,0.37
9002390,JNL002390,CU84847,2025-06-07T14:32:00.000Z,APAC,SG,DE,Email,Setup,Doorbell not ringing,Jonly Hub Mini,iOS,Tier 1,Closed,884,0,1,2,-0.81
9002391,JNL002391,CU63218,2025-07-24T01:18:00.000Z,North America,US,EN,Phone,Billing,Poor night vision,Jonly Hub Mini,Android,Tier 2,Closed,987,0,1,4,0.8
9002392,JNL002392,CU30617,2025-07-03T00:06:00.000Z,North America,CA,EN,Chat,Billing,Wrong item received,Jonly Secure Subscription,iOS,Escalation,Closed,1253,0,1,4,0.31
9002393,JNL002393,CU53610,2025-06-26T21:38:00.000Z,Europe,FR,EN,Chat,Setup,Subscription not applied,Jonly Hub Mini,iOS,Escalation,Closed,478,0,1,4,1.0
9002394,JNL002394,CU13175,2025-06-20T12:04:00.000Z,APAC,AU,EN,Community,Functionality,Order not delivered,Jonly Hub Plus,iOS,Tier 1,Closed,818,0,1,4,0.44
9002395,JNL002395,CU65426,2025-06-24T21:30:00.000Z,North America,CA,EN,Email,Shipping,No motion alerts,Jonly Cam Indoor,Web,Escalation,Closed,955,1,0,5,1.0
9002396,JNL002396,CU84574,2025-05-04T05:14:00.000Z,APAC,NZ,DE,Phone,Account,Camera offline,Jonly Cam Outdoor,Android,Tier 1,Closed,774,0,1,5,0.97
9002397,JNL002397,CU73608,2025-06-18T11:28:00.000Z,Europe,NL,EN,Phone,Inquiry,Video not loading,Jonly Hub Mini,iOS,Tier 1,Closed,881,1,1,3,0.12
9002398,JNL002398,CU32860,2025-06-20T19:49:00.000Z,APAC,AU,DE,Phone,Inquiry,Charged twice,Jonly Hub Mini,Web,Tier 2,Closed,1497,1,1,1,-0.55
9002399,JNL002399,CU17732,2025-05-10T21:58:00.000Z,North America,US,EN,Web Form,Billing,Wrong item received,Jonly Secure Subscription,Android,Tier 1,Closed,664,1,1,4,0.74
9002400,JNL002400,CU79652,2025-07-03T06:34:00.000Z,Europe,DE,DE,Email,Billing,Device will not pair,Jonly Hub Mini,Android,Tier 1,In Progress,180,0,1,4,0.39
9002401,JNL002401,CU48522,2025-05-31T05:03:00.000Z,North America,US,DE,Email,Inquiry,Camera offline,Jonly Floodlight Max,iOS,Tier 1,Closed,704,0,1,3,0.15
9002402,JNL002402,CU95267,2025-05-16T05:52:00.000Z,Europe,NL,EN,Phone,Connectivity,Audio one-way only,Jonly Hub Mini,iOS,Escalation,Escalated,1461,1,1,5,1.0
9002403,JNL002403,CU56137,2025-07-08T20:14:00.000Z,North America,CA,DE,Phone,Account,Camera offline,Jonly Hub Plus,Android,Tier 1,Closed,1039,0,1,2,-0.39
9002404,JNL002404,CU14571,2025-05-05T05:17:00.000Z,North America,US,EN,Web Form,Inquiry,Doorbell not ringing,Jonly Hub Plus,Android,Tier 2,Closed,821,0,1,5,1.0
9002405,JNL002405,CU92311,2025-06-30T16:43:00.000Z,North America,CA,EN,Chat,Inquiry,Video not loading,Jonly Cam Indoor,iOS,Tier 1,Closed,562,0,1,5,1.0
9002406,JNL002406,CU48228,2025-05-30T10:57:00.000Z,Europe,DE,EN,Chat,Functionality,Two-factor issues,Jonly Secure Subscription,iOS,Tier 1,Closed,759,0,1,4,0.25
9002407,JNL002407,CU80940,2025-06-29T20:32:00.000Z,North America,US,EN,Phone,Connectivity,Poor night vision,Jonly Doorbell Pro,Web,Tier 1,Closed,1431,0,1,5,0.6
9002408,JNL002408,CU62891,2025-05-20T12:02:00.000Z,North America,US,EN,Phone,Functionality,Subscription not applied,Jonly Hub Plus,Web,Tier 1,Closed,1157,0,1,5,1.0
9002409,JNL002409,CU99957,2025-06-27T16:03:00.000Z,North America,CA,EN,Phone,Billing,Doorbell not ringing,Jonly Hub Mini,iOS,Tier 1,Closed,1283,0,1,4,0.22
9002410,JNL002410,CU88251,2025-05-17T23:27:00.000Z,Europe,GB,NL,Chat,Connectivity,False motion alerts,Jonly Secure Subscription,iOS,Tier 1,Closed,559,1,1,3,0.22
9002411,JNL002411,CU71676,2025-05-18T22:06:00.000Z,North America,US,EN,Community,Connectivity,Charged twice,Jonly Cam Indoor,iOS,Tier 1,Closed,545,1,1,4,0.26
9002412,JNL002412,CU33151,2025-06-26T17:32:00.000Z,North America,CA,EN,Chat,Inquiry,Video not loading,Jonly Floodlight Max,Android,Tier 1,Closed,667,0,1,3,0.06
9002413,JNL002413,CU44161,2025-07-18T07:15:00.000Z,North America,CA,EN,Chat,Account,Order not delivered,Jonly Doorbell Pro,iOS,Tier 1,Closed,754,0,1,4,0.19
9002414,JNL002414,CU94316,2025-06-27T02:42:00.000Z,APAC,SG,DE,Chat,Account,No motion alerts,Jonly Hub Mini,iOS,Tier 1,Closed,603,0,1,4,0.5
9002415,JNL002415,CU37768,2025-05-11T19:02:00.000Z,North America,CA,EN,Chat,Billing,No motion alerts,Jonly Doorbell Pro,Android,Tier 2,Closed,271,1,1,3,0.02
9002416,JNL002416,CU18368,2025-07-04T06:56:00.000Z,Europe,GB,EN,Phone,Functionality,Wrong item received,Jonly Secure Subscription,Android,Tier 1,Closed,1079,0,1,3,-0.31
9002417,JNL002417,CU32464,2025-07-27T08:08:00.000Z,Europe,GB,EN,Phone,Functionality,False motion alerts,Jonly Secure Subscription,iOS,Tier 2,Closed,1467,0,1,5,0.65
9002418,JNL002418,CU14394,2025-06-03T23:11:00.000Z,Europe,GB,EN,Phone,Inquiry,Order not delivered,Jonly Hub Plus,iOS,Tier 1,In Progress,1327,0,1,3,-0.38
9002419,JNL002419,CU38502,2025-05-18T09:39:00.000Z,North America,US,FR,Phone,Billing,Device will not pair,Jonly Hub Plus,iOS,Tier 1,Closed,889,0,1,5,1.0
9002420,JNL002420,CU51610,2025-06-26T09:29:00.000Z,APAC,NZ,EN,Chat,Functionality,Device will not pair,Jonly Hub Mini,iOS,Tier 1,Closed,1097,0,1,2,-0.56
9002421,JNL002421,CU25109,2025-07-24T06:21:00.000Z,North America,CA,EN,Chat,Connectivity,Audio one-way only,Jonly Cam Indoor,iOS,Tier 1,Closed,1189,0,1,5,0.72
9002422,JNL002422,CU94231,2025-06-15T13:11:00.000Z,North America,CA,EN,Phone,Shipping,Order not delivered,Jonly Doorbell Pro,Web,Tier 2,Closed,1457,1,1,5,1.0
9002423,JNL002423,CU74984,2025-07-17T17:37:00.000Z,Europe,GB,EN,Phone,Shipping,Doorbell not ringing,Jonly Doorbell Pro,Web,Tier 1,Closed,1575,0,1,3,-0.1
9002424,JNL002424,CU48647,2025-06-07T17:23:00.000Z,North America,CA,EN,Chat,Inquiry,No motion alerts,Jonly Hub Plus,Web,Tier 1,Closed,305,0,1,4,0.54
9002425,JNL002425,CU33765,2025-05-18T17:51:00.000Z,APAC,AU,EN,Chat,Inquiry,Order not delivered,Jonly Floodlight Max,Android,Tier 1,In Progress,692,0,1,3,0.34
9002426,JNL002426,CU17583,2025-05-14T07:51:00.000Z,North America,US,FR,Chat,Connectivity,Video not loading,Jonly Floodlight Max,Android,Tier 2,Closed,603,0,0,3,0.65
9002427,JNL002427,CU46652,2025-06-04T07:15:00.000Z,North America,CA,EN,Phone,Inquiry,Order not delivered,Jonly Cam Outdoor,iOS,Tier 2,Escalated,1078,0,1,5,0.62
9002428,JNL002428,CU72156,2025-06-30T10:19:00.000Z,APAC,SG,EN,Chat,Connectivity,False motion alerts,Jonly Doorbell Pro,iOS,Tier 1,Closed,1283,0,1,3,-0.21
9002429,JNL002429,CU28587,2025-07-26T15:30:00.000Z,APAC,NZ,FR,Phone,Shipping,Video not loading,Jonly Floodlight Max,iOS,Tier 2,Closed,794,1,0,1,-0.97
9002430,JNL002430,CU54196,2025-07-04T22:57:00.000Z,Europe,DE,EN,Phone,Functionality,False motion alerts,Jonly Secure Subscription,Android,Tier 2,Closed,946,0,1,4,0.22
9002431,JNL002431,CU53973,2025-07-26T18:50:00.000Z,North America,US,EN,Phone,Connectivity,Laggy live view,Jonly Hub Plus,Android,Tier 2,Escalated,1829,0,0,1,-1.0
9002432,JNL002432,CU61952,2025-06-14T01:44:00.000Z,North America,CA,DE,Email,Connectivity,Wrong item received,Jonly Floodlight Max,Web,Tier 1,Closed,1023,0,0,1,-0.85
9002433,JNL002433,CU79075,2025-06-14T17:21:00.000Z,North America,CA,EN,Phone,Functionality,No motion alerts,Jonly Doorbell Pro,iOS,Tier 1,In Progress,1350,0,1,4,0.12
9002434,JNL002434,CU57443,2025-07-26T12:44:00.000Z,North America,US,EN,Phone,Inquiry,Two-factor issues,Jonly Cam Outdoor,Web,Tier 2,Closed,1128,0,1,3,-0.67
9002435,JNL002435,CU92552,2025-06-24T23:25:00.000Z,APAC,NZ,FR,Phone,Functionality,No motion alerts,Jonly Floodlight Max,iOS,Tier 1,In Progress,1539,0,1,4,0.52
9002436,JNL002436,CU33388,2025-06-04T10:35:00.000Z,North America,US,EN,Web Form,Connectivity,Video not loading,Jonly Hub Mini,Android,Tier 1,Closed,1083,1,1,5,1.0
9002437,JNL002437,CU20740,2025-05-10T22:26:00.000Z,Europe,FR,EN,Phone,Inquiry,Laggy live view,Jonly Cam Outdoor,iOS,Tier 1,Closed,1068,1,1,4,0.85
9002438,JNL002438,CU17723,2025-07-01T02:00:00.000Z,Europe,FR,EN,Phone,Functionality,Laggy live view,Jonly Floodlight Max,Android,Tier 1,Closed,1127,1,1,4,0.45
9002439,JNL002439,CU35330,2025-05-15T02:12:00.000Z,APAC,SG,FR,Phone,Setup,Subscription not applied,Jonly Hub Plus,Web,Tier 1,Closed,1233,0,1,3,0.52
9002440,JNL002440,CU11643,2025-07-29T23:54:00.000Z,North America,CA,EN,Chat,Connectivity,Wrong item received,Jonly Hub Plus,iOS,Tier 1,Closed,650,0,1,3,-0.32
9002441,JNL002441,CU51950,2025-05-03T09:39:00.000Z,North America,US,EN,Chat,Billing,Cannot login to app,Jonly Hub Mini,iOS,Tier 1,Escalated,939,1,1,4,0.31
9002442,JNL002442,CU23606,2025-07-21T19:48:00.000Z,Europe,NL,EN,Phone,Inquiry,No motion alerts,Jonly Floodlight Max,Web,Tier 1,Closed,299,0,0,5,1.0
9002443,JNL002443,CU93979,2025-07-14T15:50:00.000Z,North America,US,DE,Phone,Account,Cannot login to app,Jonly Secure Subscription,Android,Tier 1,Closed,1106,0,1,4,0.69
9002444,JNL002444,CU79911,2025-07-11T03:45:00.000Z,Europe,GB,EN,Phone,Billing,Audio one-way only,Jonly Floodlight Max,Web,Tier 2,Closed,1726,0,1,5,0.82
9002445,JNL002445,CU27864,2025-05-23T01:49:00.000Z,Europe,GB,EN,Community,Account,Order not delivered,Jonly Hub Plus,iOS,Tier 1,Closed,370,0,1,4,0.29
9002446,JNL002446,CU66444,2025-06-12T16:56:00.000Z,Europe,NL,EN,Email,Functionality,Cannot login to app,Jonly Hub Plus,Android,Tier 1,In Progress,280,0,1,4,1.0
9002447,JNL002447,CU30150,2025-05-13T05:43:00.000Z,APAC,AU,EN,Phone,Inquiry,Camera offline,Jonly Hub Mini,Android,Tier 1,In Progress,669,0,1,5,0.61
9002448,JNL002448,CU54207,2025-06-28T18:05:00.000Z,North America,US,DE,Phone,Connectivity,Doorbell not ringing,Jonly Cam Indoor,Web,Tier 2,Closed,1745,0,1,4,0.8
9002449,JNL002449,CU93077,2025-05-05T01:43:00.000Z,North America,US,DE,Email,Account,No motion alerts,Jonly Doorbell Pro,Other,Tier 1,Closed,708,0,1,5,0.9
9002450,JNL002450,CU31257,2025-06-08T07:19:00.000Z,Europe,FR,EN,Phone,Connectivity,Device will not pair,Jonly Secure Subscription,Android,Tier 1,Closed,1262,0,1,5,1.0
9002451,JNL002451,CU98404,2025-07-30T11:02:00.000Z,North America,US,EN,Web Form,Account,Cannot login to app,Jonly Hub Mini,Web,Tier 2,Closed,985,0,1,4,0.55
9002452,JNL002452,CU65275,2025-07-01T07:54:00.000Z,North America,US,EN,Phone,Account,Subscription not applied,Jonly Cam Indoor,Android,Tier 1,Closed,1425,1,1,4,0.15
9002453,JNL002453,CU99997,2025-06-12T12:31:00.000Z,APAC,AU,DE,Email,Functionality,Wrong item received,Jonly Cam Outdoor,Android,Tier 1,In Progress,1282,0,1,5,1.0
9002454,JNL002454,CU93501,2025-05-15T11:46:00.000Z,Europe,FR,EN,Chat,Billing,Device will not pair,Jonly Cam Indoor,Android,Tier 1,Closed,819,0,1,5,1.0
9002455,JNL002455,CU77645,2025-07-19T17:22:00.000Z,North America,CA,EN,Phone,Functionality,Cannot login to app,Jonly Hub Plus,iOS,Escalation,Closed,468,0,1,2,-0.44
9002456,JNL002456,CU39194,2025-06-14T06:07:00.000Z,North America,CA,NL,Chat,Functionality,Order not delivered,Jonly Hub Mini,Android,Tier 1,Closed,774,0,1,3,-0.33
9002457,JNL002457,CU50761,2025-05-19T05:40:00.000Z,APAC,AU,EN,Community,Billing,Camera offline,Jonly Floodlight Max,iOS,Tier 2,Closed,463,0,1,4,0.47
9002458,JNL002458,CU68829,2025-06-10T03:25:00.000Z,Europe,NL,DE,Email,Connectivity,Order not delivered,Jonly Hub Plus,Android,Tier 2,Closed,873,1,1,1,-0.76
9002459,JNL002459,CU24358,2025-07-06T02:19:00.000Z,Europe,GB,EN,Phone,Billing,Audio one-way only,Jonly Secure Subscription,iOS,Tier 1,Escalated,1250,2,1,2,-0.8
9002460,JNL002460,CU35729,2025-06-28T00:23:00.000Z,North America,US,FR,Phone,Inquiry,Charged twice,Jonly Floodlight Max,Android,Tier 1,Closed,1091,0,1,2,-0.59
9002461,JNL002461,CU26924,2025-05-03T23:58:00.000Z,Europe,GB,EN,Phone,Connectivity,Order not delivered,Jonly Doorbell Pro,Android,Tier 1,Closed,957,0,1,1,-1.0
9002462,JNL002462,CU73717,2025-06-25T15:56:00.000Z,North America,CA,EN,Email,Inquiry,Doorbell not ringing,Jonly Cam Indoor,Android,Tier 2,Closed,611,0,1,4,0.21
9002463,JNL002463,CU10569,2025-05-31T11:52:00.000Z,Europe,GB,EN,Phone,Inquiry,Cannot login to app,Jonly Cam Indoor,Android,Tier 1,Escalated,840,0,1,3,-0.38
9002464,JNL002464,CU99764,2025-05-05T09:16:00.000Z,Europe,DE,EN,Phone,Connectivity,Charged twice,Jonly Cam Indoor,Web,Escalation,Closed,988,2,1,3,-0.22
9002465,JNL002465,CU37418,2025-07-12T07:45:00.000Z,APAC,AU,EN,Chat,Connectivity,False motion alerts,Jonly Cam Outdoor,Android,Tier 2,Closed,928,1,1,5,0.84
9002466,JNL002466,CU36413,2025-06-18T09:22:00.000Z,Europe,DE,EN,Web Form,Setup,Two-factor issues,Jonly Hub Plus,iOS,Tier 1,Closed,506,1,1,4,0.88
9002467,JNL002467,CU77838,2025-06-27T15:43:00.000Z,North America,CA,EN,Phone,Functionality,Two-factor issues,Jonly Cam Indoor,Other,Tier 1,In Progress,2065,0,1,5,1.0
9002468,JNL002468,CU83783,2025-06-28T03:08:00.000Z,Europe,FR,EN,Chat,Billing,Wrong item received,Jonly Cam Indoor,iOS,Tier 2,Closed,1092,0,1,2,-0.34
9002469,JNL002469,CU65251,2025-06-17T18:58:00.000Z,North America,CA,EN,Chat,Setup,Video not loading,Jonly Hub Mini,Android,Tier 1,Closed,975,1,1,5,1.0
9002470,JNL002470,CU69649,2025-05-27T15:31:00.000Z,North America,US,EN,Phone,Billing,Laggy live view,Jonly Cam Outdoor,Web,Tier 2,In Progress,1113,1,1,5,0.98
9002471,JNL002471,CU68345,2025-07-24T20:48:00.000Z,Europe,GB,EN,Chat,Billing,No motion alerts,Jonly Cam Indoor,iOS,Tier 1,Closed,590,0,1,4,0.17
9002472,JNL002472,CU44896,2025-06-30T18:02:00.000Z,North America,US,EN,Phone,Inquiry,Charged twice,Jonly Secure Subscription,iOS,Tier 1,Closed,654,1,1,3,-0.52
9002473,JNL002473,CU79088,2025-07-08T21:27:00.000Z,Europe,FR,EN,Phone,Account,No motion alerts,Jonly Hub Mini,iOS,Tier 1,Closed,1352,2,1,3,0.87
9002474,JNL002474,CU23034,2025-07-11T17:40:00.000Z,APAC,NZ,EN,Phone,Functionality,Order not delivered,Jonly Floodlight Max,Android,Tier 2,In Progress,296,2,1,4,0.68
9002475,JNL002475,CU90364,2025-05-23T04:23:00.000Z,North America,US,EN,Community,Functionality,Order not delivered,Jonly Cam Outdoor,Web,Tier 1,Closed,539,0,1,3,0.68
9002476,JNL002476,CU44278,2025-06-12T19:21:00.000Z,North America,CA,NL,Phone,Inquiry,No motion alerts,Jonly Floodlight Max,iOS,Tier 1,Escalated,2597,0,1,4,0.72
9002477,JNL002477,CU61761,2025-07-13T07:21:00.000Z,North America,US,DE,Chat,Setup,No motion alerts,Jonly Floodlight Max,iOS,Tier 1,Closed,777,0,0,3,-0.04
9002478,JNL002478,CU64440,2025-05-19T07:16:00.000Z,Europe,DE,EN,Chat,Connectivity,Wrong item received,Jonly Floodlight Max,iOS,Tier 1,Closed,1010,1,1,3,-0.53
9002479,JNL002479,CU70974,2025-07-31T21:41:00.000Z,Europe,GB,EN,Phone,Account,Camera offline,Jonly Cam Indoor,iOS,Tier 1,Closed,1720,0,1,4,0.1
9002480,JNL002480,CU87653,2025-05-28T22:41:00.000Z,APAC,NZ,DE,Phone,Billing,Video not loading,Jonly Cam Indoor,Android,Tier 2,Closed,816,0,1,4,1.0
9002481,JNL002481,CU35908,2025-05-03T20:43:00.000Z,Europe,FR,EN,Email,Setup,Subscription not applied,Jonly Doorbell Pro,Android,Tier 1,Closed,1023,2,1,4,0.08
9002482,JNL002482,CU60257,2025-05-17T08:31:00.000Z,Europe,GB,EN,Phone,Billing,Device will not pair,Jonly Hub Plus,Android,Tier 2,Escalated,1385,2,1,1,-0.84
9002483,JNL002483,CU44304,2025-06-26T14:45:00.000Z,North America,CA,DE,Phone,Shipping,Camera offline,Jonly Secure Subscription,Android,Tier 1,Closed,1012,0,1,1,-0.58
9002484,JNL002484,CU79395,2025-06-15T20:18:00.000Z,Europe,GB,EN,Web Form,Connectivity,Wrong item received,Jonly Secure Subscription,iOS,Tier 2,Closed,1036,1,1,4,0.98
9002485,JNL002485,CU32633,2025-07-20T08:12:00.000Z,North America,US,EN,Phone,Functionality,Two-factor issues,Jonly Hub Plus,Android,Tier 2,Escalated,1445,1,0,2,-0.65
9002486,JNL002486,CU94254,2025-06-11T18:09:00.000Z,Europe,FR,EN,Email,Billing,Charged twice,Jonly Cam Outdoor,Android,Tier 1,In Progress,426,0,1,2,-0.56
9002487,JNL002487,CU85273,2025-05-11T16:25:00.000Z,North America,CA,EN,Email,Shipping,Poor night vision,Jonly Hub Mini,iOS,Escalation,Closed,563,0,1,5,0.75
9002488,JNL002488,CU72351,2025-05-12T03:21:00.000Z,APAC,SG,FR,Chat,Setup,Wrong item received,Jonly Floodlight Max,iOS,Tier 1,Escalated,739,1,1,3,-0.01
9002489,JNL002489,CU88840,2025-06-13T17:46:00.000Z,APAC,NZ,NL,Phone,Functionality,Poor night vision,Jonly Hub Mini,Android,Tier 1,Closed,1075,1,1,4,0.8
9002490,JNL002490,CU55107,2025-07-14T15:18:00.000Z,North America,US,FR,Email,Inquiry,Charged twice,Jonly Secure Subscription,iOS,Tier 1,Closed,932,0,1,5,0.76
9002491,JNL002491,CU74902,2025-07-08T10:25:00.000Z,North America,US,EN,Phone,Connectivity,Charged twice,Jonly Cam Indoor,Web,Tier 2,Escalated,557,2,1,2,-0.9
9002492,JNL002492,CU13392,2025-05-24T14:02:00.000Z,North America,CA,DE,Phone,Setup,Two-factor issues,Jonly Doorbell Pro,iOS,Tier 1,Closed,1122,3,0,1,-1.0
9002493,JNL002493,CU20131,2025-05-28T14:51:00.000Z,APAC,SG,EN,Phone,Inquiry,Doorbell not ringing,Jonly Hub Mini,iOS,Tier 1,Closed,653,0,1,3,-0.37
9002494,JNL002494,CU40707,2025-05-18T23:43:00.000Z,Europe,FR,EN,Phone,Connectivity,False motion alerts,Jonly Hub Mini,Android,Tier 1,Closed,1236,1,1,4,0.59
9002495,JNL002495,CU65658,2025-06-08T09:05:00.000Z,North America,CA,EN,Phone,Inquiry,Doorbell not ringing,Jonly Doorbell Pro,Other,Tier 1,Closed,1184,0,0,5,1.0
9002496,JNL002496,CU91421,2025-05-24T21:19:00.000Z,Europe,FR,EN,Community,Inquiry,Audio one-way only,Jonly Cam Outdoor,Android,Tier 1,Escalated,805,0,1,5,0.77
9002497,JNL002497,CU28708,2025-06-16T11:46:00.000Z,North America,US,EN,Phone,Connectivity,Cannot login to app,Jonly Hub Mini,Android,Escalation,Closed,701,1,1,5,1.0
9002498,JNL002498,CU35920,2025-07-16T23:18:00.000Z,Europe,NL,EN,Phone,Setup,Poor night vision,Jonly Floodlight Max,Android,Tier 2,Escalated,1329,0,1,3,0.49
9002499,JNL002499,CU49363,2025-07-30T16:04:00.000Z,North America,US,EN,Web Form,Functionality,Camera offline,Jonly Cam Outdoor,Android,Escalation,Closed,498,0,1,4,0.68
9002500,JNL002500,CU92242,2025-07-29T13:56:00.000Z,North America,CA,NL,Phone,Inquiry,Doorbell not ringing,Jonly Doorbell Pro,iOS,Tier 1,Closed,1590,0,1,3,-0.62
9002501,JNL002501,CU48390,2025-06-22T20:51:00.000Z,Europe,FR,EN,Phone,Account,Audio one-way only,Jonly Cam Outdoor,Android,Tier 2,In Progress,813,1,1,5,0.38
9002502,JNL002502,CU35635,2025-06-17T12:43:00.000Z,North America,US,DE,Phone,Inquiry,Two-factor issues,Jonly Hub Plus,Android,Tier 1,Closed,1610,0,1,4,0.99
9002503,JNL002503,CU93446,2025-05-29T22:53:00.000Z,APAC,NZ,FR,Email,Inquiry,Subscription not applied,Jonly Hub Mini,Android,Tier 1,Closed,1307,0,1,3,0.39
9002504,JNL002504,CU70046,2025-05-13T13:43:00.000Z,North America,US,EN,Phone,Connectivity,Camera offline,Jonly Hub Plus,Android,Tier 2,Closed,968,1,1,3,0.28
9002505,JNL002505,CU51095,2025-05-15T08:06:00.000Z,Europe,NL,EN,Phone,Functionality,Audio one-way only,Jonly Hub Plus,Android,Tier 2,Escalated,1290,1,1,2,-0.21
9002506,JNL002506,CU36144,2025-07-24T16:36:00.000Z,Europe,GB,EN,Email,Functionality,Camera offline,Jonly Doorbell Pro,Android,Tier 1,Closed,1040,3,1,1,-1.0
9002507,JNL002507,CU66644,2025-05-29T11:45:00.000Z,APAC,NZ,EN,Chat,Setup,Video not loading,Jonly Secure Subscription,Web,Tier 1,Closed,598,1,1,2,-0.99
9002508,JNL002508,CU50678,2025-05-16T23:59:00.000Z,North America,US,DE,Chat,Connectivity,Order not delivered,Jonly Hub Mini,iOS,Escalation,Closed,849,0,1,3,-0.43
9002509,JNL002509,CU82349,2025-05-30T01:50:00.000Z,Europe,GB,DE,Phone,Connectivity,Camera offline,Jonly Cam Outdoor,iOS,Tier 1,Closed,900,0,1,5,0.91
9002510,JNL002510,CU45291,2025-05-04T12:09:00.000Z,Europe,NL,DE,Phone,Account,Cannot login to app,Jonly Cam Indoor,iOS,Escalation,Closed,372,1,1,2,-0.89
9002511,JNL002511,CU41966,2025-07-07T07:38:00.000Z,APAC,AU,EN,Phone,Inquiry,Subscription not applied,Jonly Secure Subscription,Android,Escalation,Escalated,1281,0,1,5,0.92
9002512,JNL002512,CU60313,2025-05-29T19:00:00.000Z,North America,CA,EN,Chat,Inquiry,Camera offline,Jonly Hub Plus,Android,Tier 1,Closed,634,2,1,5,1.0
9002513,JNL002513,CU82344,2025-07-20T01:56:00.000Z,Europe,FR,FR,Email,Inquiry,Laggy live view,Jonly Doorbell Pro,iOS,Tier 2,Closed,1104,2,1,5,0.64
9002514,JNL002514,CU17608,2025-05-12T15:27:00.000Z,North America,CA,EN,Web Form,Shipping,No motion alerts,Jonly Doorbell Pro,iOS,Tier 2,Closed,754,0,1,5,1.0
9002515,JNL002515,CU38333,2025-06-06T02:05:00.000Z,APAC,AU,EN,Phone,Connectivity,Order not delivered,Jonly Secure Subscription,Android,Tier 1,Closed,861,0,1,5,1.0
9002516,JNL002516,CU44832,2025-06-16T17:56:00.000Z,North America,US,EN,Community,Setup,Charged twice,Jonly Cam Indoor,iOS,Tier 1,Closed,208,0,1,5,0.57
9002517,JNL002517,CU76740,2025-06-20T04:02:00.000Z,APAC,AU,EN,Email,Shipping,Cannot login to app,Jonly Cam Indoor,iOS,Tier 2,Closed,1454,0,1,3,0.1
9002518,JNL002518,CU46511,2025-07-24T11:39:00.000Z,Europe,DE,EN,Email,Functionality,Two-factor issues,Jonly Hub Plus,iOS,Tier 1,Closed,687,0,1,4,0.45
9002519,JNL002519,CU66116,2025-06-19T08:32:00.000Z,North America,CA,FR,Chat,Inquiry,Doorbell not ringing,Jonly Hub Mini,Web,Tier 1,Closed,492,0,1,4,0.56
9002520,JNL002520,CU67785,2025-07-21T12:53:00.000Z,North America,US,EN,Phone,Functionality,Poor night vision,Jonly Hub Mini,Android,Tier 1,Escalated,1101,0,1,5,1.0
9002521,JNL002521,CU99815,2025-06-14T13:13:00.000Z,APAC,AU,EN,Phone,Connectivity,Camera offline,Jonly Hub Plus,Android,Tier 1,Escalated,1215,0,1,3,-0.68
9002522,JNL002522,CU44201,2025-06-14T05:55:00.000Z,North America,US,EN,Email,Account,Video not loading,Jonly Cam Outdoor,iOS,Tier 1,Closed,1305,0,1,4,0.71
9002523,JNL002523,CU90526,2025-07-15T11:29:00.000Z,North America,CA,FR,Web Form,Inquiry,Order not delivered,Jonly Hub Mini,iOS,Tier 1,Closed,511,0,1,4,0.48
9002524,JNL002524,CU62784,2025-05-24T02:18:00.000Z,North America,US,DE,Phone,Inquiry,Poor night vision,Jonly Secure Subscription,Web,Tier 2,Closed,860,0,1,5,1.0
9002525,JNL002525,CU24574,2025-05-28T04:33:00.000Z,North America,CA,EN,Phone,Connectivity,Device will not pair,Jonly Hub Mini,iOS,Tier 2,In Progress,1694,0,1,3,-0.7
9002526,JNL002526,CU13543,2025-07-13T22:03:00.000Z,Europe,NL,DE,Web Form,Account,Two-factor issues,Jonly Cam Outdoor,Android,Tier 2,Closed,180,0,1,3,0.26
9002527,JNL002527,CU22399,2025-05-22T13:39:00.000Z,North America,US,EN,Chat,Inquiry,Wrong item received,Jonly Floodlight Max,Android,Tier 1,Closed,862,0,1,5,1.0
9002528,JNL002528,CU82544,2025-06-14T18:57:00.000Z,North America,US,EN,Community,Inquiry,No motion alerts,Jonly Secure Subscription,iOS,Tier 1,Closed,617,1,1,3,0.19
9002529,JNL002529,CU55841,2025-05-24T22:54:00.000Z,APAC,SG,EN,Phone,Functionality,False motion alerts,Jonly Secure Subscription,Android,Tier 1,Closed,746,0,1,5,0.86
9002530,JNL002530,CU44717,2025-05-28T05:05:00.000Z,Europe,DE,EN,Email,Functionality,Poor night vision,Jonly Secure Subscription,Web,Tier 1,Closed,533,0,1,2,-0.83
9002531,JNL002531,CU87298,2025-05-30T06:59:00.000Z,North America,US,EN,Email,Setup,Laggy live view,Jonly Cam Indoor,iOS,Tier 1,Closed,300,0,1,3,0.12
9002532,JNL002532,CU39469,2025-06-10T16:40:00.000Z,North America,US,EN,Phone,Functionality,Video not loading,Jonly Cam Outdoor,Other,Tier 1,Closed,1031,0,1,5,1.0
9002533,JNL002533,CU48042,2025-07-04T13:17:00.000Z,North America,US,EN,Phone,Billing,Charged twice,Jonly Hub Mini,Android,Tier 1,In Progress,878,2,1,3,-0.25
9002534,JNL002534,CU54627,2025-07-22T11:00:00.000Z,Europe,GB,FR,Phone,Functionality,False motion alerts,Jonly Cam Indoor,Android,Tier 1,Closed,857,0,1,4,0.34
9002535,JNL002535,CU95336,2025-07-19T10:24:00.000Z,Europe,DE,EN,Phone,Connectivity,Laggy live view,Jonly Hub Mini,Android,Tier 1,Closed,1664,0,1,1,-0.93
9002536,JNL002536,CU61600,2025-06-27T15:32:00.000Z,Europe,DE,EN,Chat,Inquiry,Device will not pair,Jonly Hub Plus,iOS,Tier 1,Closed,669,0,1,2,-0.81
9002537,JNL002537,CU30347,2025-05-04T18:22:00.000Z,North America,CA,DE,Phone,Setup,Audio one-way only,Jonly Secure Subscription,Android,Tier 2,In Progress,1400,3,1,3,0.81
9002538,JNL002538,CU34473,2025-06-12T20:14:00.000Z,North America,CA,EN,Email,Connectivity,Device will not pair,Jonly Cam Outdoor,iOS,Tier 1,Closed,526,1,1,2,-0.15
9002539,JNL002539,CU72353,2025-05-21T11:13:00.000Z,North America,CA,EN,Phone,Inquiry,False motion alerts,Jonly Doorbell Pro,Android,Tier 2,Closed,1216,0,0,4,0.05
9002540,JNL002540,CU41025,2025-05-24T20:55:00.000Z,APAC,NZ,EN,Email,Inquiry,Cannot login to app,Jonly Doorbell Pro,Android,Tier 1,In Progress,613,1,1,5,0.91
9002541,JNL002541,CU31275,2025-07-05T17:30:00.000Z,North America,US,FR,Phone,Connectivity,Laggy live view,Jonly Hub Plus,Android,Tier 2,Closed,865,0,1,5,1.0
9002542,JNL002542,CU25606,2025-05-26T16:54:00.000Z,North America,US,FR,Phone,Functionality,Wrong item received,Jonly Hub Plus,iOS,Tier 1,Closed,1042,1,1,4,0.77
9002543,JNL002543,CU66217,2025-07-09T08:04:00.000Z,APAC,NZ,NL,Phone,Connectivity,Poor night vision,Jonly Hub Plus,iOS,Tier 1,Closed,1255,4,1,3,0.24
9002544,JNL002544,CU65029,2025-05-01T12:58:00.000Z,North America,US,DE,Phone,Inquiry,Doorbell not ringing,Jonly Floodlight Max,Other,Tier 1,Escalated,1964,1,1,5,0.29
9002545,JNL002545,CU87829,2025-05-30T12:05:00.000Z,North America,CA,EN,Phone,Inquiry,Two-factor issues,Jonly Cam Outdoor,Web,Tier 1,Closed,980,1,1,5,1.0
9002546,JNL002546,CU87748,2025-07-10T23:05:00.000Z,Europe,GB,EN,Web Form,Functionality,False motion alerts,Jonly Floodlight Max,iOS,Tier 1,Closed,485,1,1,3,0.3
9002547,JNL002547,CU89181,2025-05-07T08:59:00.000Z,North America,US,NL,Phone,Functionality,Device will not pair,Jonly Floodlight Max,Web,Tier 1,Closed,790,0,1,5,1.0
9002548,JNL002548,CU47922,2025-07-25T04:56:00.000Z,APAC,NZ,EN,Phone,Inquiry,Device will not pair,Jonly Hub Plus,Web,Tier 1,Closed,949,0,0,4,0.43
9002549,JNL002549,CU36314,2025-05-30T22:29:00.000Z,North America,CA,NL,Phone,Shipping,Wrong item received,Jonly Secure Subscription,Web,Tier 1,Closed,1247,0,1,5,1.0
9002550,JNL002550,CU65985,2025-07-08T16:46:00.000Z,APAC,AU,EN,Phone,Functionality,Poor night vision,Jonly Floodlight Max,Other,Tier 1,Closed,1010,0,1,3,-0.29
9002551,JNL002551,CU19708,2025-05-16T18:22:00.000Z,North America,US,EN,Chat,Billing,Two-factor issues,Jonly Hub Mini,Android,Tier 1,Closed,1155,2,1,3,-0.85
9002552,JNL002552,CU91915,2025-05-05T18:50:00.000Z,North America,CA,EN,Web Form,Connectivity,Poor night vision,Jonly Floodlight Max,Other,Tier 1,Closed,924,0,1,1,-0.55
9002553,JNL002553,CU34073,2025-07-11T22:45:00.000Z,Europe,GB,NL,Email,Functionality,False motion alerts,Jonly Floodlight Max,Other,Tier 1,Closed,659,1,1,5,0.81
9002554,JNL002554,CU77502,2025-06-02T16:20:00.000Z,North America,US,EN,Email,Shipping,No motion alerts,Jonly Hub Plus,Android,Tier 1,Closed,855,1,1,4,0.25
9002555,JNL002555,CU88123,2025-05-31T03:54:00.000Z,North America,US,EN,Web Form,Inquiry,Subscription not applied,Jonly Hub Plus,Android,Tier 1,In Progress,920,0,1,3,0.21
9002556,JNL002556,CU34508,2025-07-08T08:16:00.000Z,APAC,SG,NL,Phone,Functionality,No motion alerts,Jonly Hub Plus,Android,Tier 1,Closed,753,0,1,5,1.0
9002557,JNL002557,CU23618,2025-06-05T04:15:00.000Z,Europe,GB,EN,Chat,Shipping,Cannot login to app,Jonly Secure Subscription,iOS,Tier 1,Closed,370,0,1,3,0.38
9002558,JNL002558,CU19637,2025-07-22T19:12:00.000Z,North America,CA,DE,Phone,Functionality,Laggy live view,Jonly Hub Plus,iOS,Tier 1,Closed,654,0,1,3,0.09
9002559,JNL002559,CU95211,2025-06-06T17:11:00.000Z,North America,US,DE,Chat,Setup,Audio one-way only,Jonly Doorbell Pro,Android,Tier 1,Escalated,1072,1,1,3,-0.26
9002560,JNL002560,CU81909,2025-06-16T06:32:00.000Z,North America,US,EN,Chat,Inquiry,No motion alerts,Jonly Secure Subscription,iOS,Tier 1,Closed,1217,1,1,5,1.0
9002561,JNL002561,CU72822,2025-06-23T19:31:00.000Z,North America,CA,EN,Web Form,Functionality,Two-factor issues,Jonly Hub Plus,Web,Tier 1,Closed,998,0,1,4,0.21
9002562,JNL002562,CU50356,2025-07-08T05:56:00.000Z,Europe,GB,DE,Phone,Setup,False motion alerts,Jonly Cam Outdoor,Web,Tier 2,Closed,1110,0,1,5,1.0
9002563,JNL002563,CU27934,2025-06-21T20:10:00.000Z,North America,CA,NL,Phone,Inquiry,Laggy live view,Jonly Doorbell Pro,Web,Tier 1,Closed,1308,1,1,4,0.44
9002564,JNL002564,CU80836,2025-06-06T13:13:00.000Z,Europe,GB,EN,Phone,Inquiry,No motion alerts,Jonly Cam Indoor,iOS,Tier 1,Closed,1365,0,0,5,0.65
9002565,JNL002565,CU20505,2025-07-28T14:34:00.000Z,Europe,NL,EN,Phone,Setup,Order not delivered,Jonly Cam Outdoor,iOS,Escalation,In Progress,457,0,1,5,1.0
9002566,JNL002566,CU47896,2025-06-15T08:17:00.000Z,North America,CA,EN,Email,Setup,Wrong item received,Jonly Floodlight Max,Android,Tier 1,Closed,1036,0,1,3,-0.54
9002567,JNL002567,CU79219,2025-05-05T05:20:00.000Z,North America,CA,DE,Phone,Setup,Wrong item received,Jonly Cam Indoor,iOS,Escalation,Closed,1228,1,1,4,0.45
9002568,JNL002568,CU15638,2025-06-11T20:18:00.000Z,North America,CA,EN,Chat,Account,Two-factor issues,Jonly Secure Subscription,iOS,Tier 1,Escalated,830,0,1,2,-0.47
9002569,JNL002569,CU36973,2025-06-26T00:20:00.000Z,North America,CA,EN,Chat,Functionality,Device will not pair,Jonly Cam Indoor,Web,Tier 1,Closed,841,0,1,1,-0.58
9002570,JNL002570,CU47577,2025-06-26T02:02:00.000Z,Europe,DE,EN,Email,Functionality,Laggy live view,Jonly Cam Indoor,iOS,Tier 1,Escalated,892,0,1,2,-0.52
9002571,JNL002571,CU90984,2025-06-22T20:24:00.000Z,Europe,FR,NL,Email,Inquiry,Doorbell not ringing,Jonly Hub Mini,Android,Tier 1,Closed,1029,0,1,1,-1.0
9002572,JNL002572,CU81818,2025-06-06T14:12:00.000Z,North America,US,FR,Phone,Inquiry,No motion alerts,Jonly Hub Plus,iOS,Tier 1,Closed,1092,0,1,5,0.83
9002573,JNL002573,CU93545,2025-06-28T10:27:00.000Z,North America,CA,EN,Phone,Inquiry,Doorbell not ringing,Jonly Floodlight Max,iOS,Tier 1,Escalated,1138,0,1,4,0.57
9002574,JNL002574,CU53094,2025-07-25T08:57:00.000Z,North America,CA,EN,Phone,Inquiry,Laggy live view,Jonly Floodlight Max,Android,Tier 1,Closed,640,0,1,5,0.98
9002575,JNL002575,CU31039,2025-06-16T11:04:00.000Z,Europe,DE,NL,Phone,Inquiry,Audio one-way only,Jonly Doorbell Pro,Web,Tier 1,Closed,773,0,1,4,0.24
9002576,JNL002576,CU63201,2025-06-21T22:02:00.000Z,North America,CA,EN,Community,Billing,Wrong item received,Jonly Doorbell Pro,Web,Tier 1,Closed,274,0,1,2,-0.5
9002577,JNL002577,CU26290,2025-06-04T01:20:00.000Z,North America,US,EN,Phone,Shipping,Device will not pair,Jonly Hub Mini,Web,Tier 1,Closed,1099,0,1,3,0.03
9002578,JNL002578,CU63946,2025-06-07T15:56:00.000Z,North America,CA,EN,Phone,Setup,No motion alerts,Jonly Cam Indoor,Web,Tier 1,Closed,1006,1,0,4,0.79
9002579,JNL002579,CU80623,2025-07-03T04:44:00.000Z,Europe,DE,DE,Phone,Functionality,False motion alerts,Jonly Floodlight Max,iOS,Tier 2,Closed,458,0,1,2,-0.54
9002580,JNL002580,CU72848,2025-05-20T04:37:00.000Z,North America,US,DE,Phone,Billing,No motion alerts,Jonly Doorbell Pro,Android,Tier 1,Closed,1664,0,1,4,0.14
9002581,JNL002581,CU49809,2025-05-23T18:01:00.000Z,Europe,FR,EN,Email,Connectivity,Doorbell not ringing,Jonly Hub Mini,iOS,Tier 2,Closed,1331,0,1,4,0.21
9002582,JNL002582,CU69207,2025-06-25T23:12:00.000Z,Europe,DE,EN,Email,Inquiry,Two-factor issues,Jonly Hub Mini,iOS,Tier 2,Closed,360,0,1,4,0.22
9002583,JNL002583,CU23114,2025-06-19T21:22:00.000Z,Europe,DE,NL,Chat,Shipping,Doorbell not ringing,Jonly Hub Mini,Web,Tier 1,Closed,598,2,1,4,-0.34
9002584,JNL002584,CU27257,2025-06-08T17:20:00.000Z,Europe,GB,EN,Phone,Shipping,Two-factor issues,Jonly Cam Indoor,iOS,Tier 1,Closed,1522,0,0,3,0.13
9002585,JNL002585,CU72634,2025-07-07T22:55:00.000Z,North America,CA,DE,Chat,Inquiry,No motion alerts,Jonly Secure Subscription,Android,Tier 1,Closed,914,1,1,3,-0.08
9002586,JNL002586,CU95243,2025-06-18T05:59:00.000Z,North America,US,EN,Phone,Billing,No motion alerts,Jonly Secure Subscription,iOS,Tier 1,Escalated,1030,0,1,5,1.0
9002587,JNL002587,CU88826,2025-06-15T22:18:00.000Z,Europe,DE,EN,Phone,Billing,Charged twice,Jonly Hub Plus,iOS,Tier 1,Closed,1464,0,1,4,1.0
9002588,JNL002588,CU11594,2025-06-28T14:02:00.000Z,North America,CA,EN,Phone,Functionality,Camera offline,Jonly Cam Outdoor,Android,Tier 1,Closed,1115,0,1,3,-0.33
9002589,JNL002589,CU35753,2025-05-10T01:09:00.000Z,North America,US,EN,Web Form,Functionality,Order not delivered,Jonly Hub Plus,Android,Tier 2,Closed,605,2,1,4,0.84
9002590,JNL002590,CU62692,2025-07-30T09:21:00.000Z,Europe,DE,EN,Phone,Connectivity,Subscription not applied,Jonly Cam Indoor,iOS,Tier 1,Escalated,725,2,1,1,-0.82
9002591,JNL002591,CU97385,2025-07-18T14:57:00.000Z,North America,CA,EN,Email,Billing,Cannot login to app,Jonly Cam Outdoor,iOS,Tier 1,Closed,965,0,1,5,0.9
9002592,JNL002592,CU14060,2025-06-28T12:19:00.000Z,APAC,NZ,EN,Phone,Inquiry,False motion alerts,Jonly Cam Indoor,Web,Tier 1,Closed,988,0,1,3,-0.14
9002593,JNL002593,CU50184,2025-07-02T17:43:00.000Z,North America,US,EN,Chat,Functionality,Doorbell not ringing,Jonly Floodlight Max,iOS,Tier 1,Closed,1536,0,1,4,0.56
9002594,JNL002594,CU61652,2025-07-05T13:08:00.000Z,APAC,NZ,EN,Phone,Billing,Video not loading,Jonly Cam Outdoor,Android,Tier 2,Closed,2064,1,1,3,0.05
9002595,JNL002595,CU23288,2025-06-12T03:37:00.000Z,North America,CA,EN,Phone,Connectivity,Audio one-way only,Jonly Hub Plus,Android,Tier 1,Escalated,1139,1,1,1,-1.0
9002596,JNL002596,CU25535,2025-05-10T11:16:00.000Z,North America,US,EN,Phone,Connectivity,Two-factor issues,Jonly Cam Indoor,Android,Tier 1,Closed,2353,0,1,5,0.82
9002597,JNL002597,CU22944,2025-05-19T09:30:00.000Z,APAC,NZ,EN,Web Form,Connectivity,Video not loading,Jonly Cam Indoor,Web,Escalation,Closed,732,1,1,4,0.64
9002598,JNL002598,CU13078,2025-05-04T07:04:00.000Z,Europe,GB,FR,Email,Connectivity,Order not delivered,Jonly Doorbell Pro,iOS,Escalation,Escalated,606,1,1,4,0.84
9002599,JNL002599,CU69413,2025-06-12T09:54:00.000Z,North America,US,DE,Web Form,Billing,Cannot login to app,Jonly Hub Plus,Web,Tier 2,Closed,929,0,1,5,1.0
9002600,JNL002600,CU81044,2025-05-22T22:56:00.000Z,North America,US,EN,Phone,Account,Subscription not applied,Jonly Hub Mini,Web,Tier 1,Closed,563,0,1,4,0.92
9002601,JNL002601,CU48867,2025-07-03T17:38:00.000Z,North America,CA,EN,Phone,Account,Camera offline,Jonly Secure Subscription,iOS,Tier 2,Escalated,1537,1,1,2,-0.43
9002602,JNL002602,CU41728,2025-06-28T09:21:00.000Z,North America,CA,NL,Email,Billing,Charged twice,Jonly Cam Outdoor,Web,Tier 2,Closed,781,0,0,5,0.96
9002603,JNL002603,CU14423,2025-07-19T09:35:00.000Z,North America,CA,FR,Email,Connectivity,Laggy live view,Jonly Hub Mini,Android,Tier 2,Closed,966,0,1,3,0.21
9002604,JNL002604,CU67223,2025-05-21T07:24:00.000Z,North America,US,EN,Email,Account,Charged twice,Jonly Secure Subscription,Android,Tier 1,Closed,589,0,1,5,1.0
9002605,JNL002605,CU37243,2025-05-20T04:21:00.000Z,North America,US,EN,Phone,Billing,Audio one-way only,Jonly Secure Subscription,iOS,Tier 2,Closed,1232,0,0,2,-0.05
9002606,JNL002606,CU26376,2025-05-15T23:21:00.000Z,Europe,FR,EN,Email,Connectivity,Subscription not applied,Jonly Hub Mini,iOS,Tier 1,Closed,1018,1,1,5,1.0
9002607,JNL002607,CU95353,2025-05-14T01:11:00.000Z,North America,US,NL,Phone,Functionality,Wrong item received,Jonly Cam Indoor,Android,Tier 1,Closed,1146,0,1,5,1.0
9002608,JNL002608,CU33235,2025-07-28T12:50:00.000Z,North America,CA,EN,Phone,Account,Wrong item received,Jonly Floodlight Max,Android,Tier 1,Closed,1296,0,1,5,0.75
9002609,JNL002609,CU45890,2025-07-17T13:31:00.000Z,North America,US,EN,Phone,Functionality,Laggy live view,Jonly Floodlight Max,iOS,Tier 1,In Progress,1950,1,1,2,-0.75
9002610,JNL002610,CU68014,2025-06-20T11:24:00.000Z,North America,CA,EN,Phone,Billing,Subscription not applied,Jonly Secure Subscription,iOS,Tier 1,Escalated,1151,0,1,5,1.0
9002611,JNL002611,CU11237,2025-05-08T17:12:00.000Z,North America,CA,EN,Email,Account,Camera offline,Jonly Cam Outdoor,Android,Tier 1,In Progress,361,0,1,3,-0.11
9002612,JNL002612,CU49475,2025-05-31T03:34:00.000Z,North America,US,EN,Phone,Billing,False motion alerts,Jonly Hub Plus,iOS,Tier 1,Closed,941,0,1,5,0.66
9002613,JNL002613,CU18848,2025-05-30T17:39:00.000Z,North America,CA,DE,Chat,Functionality,Wrong item received,Jonly Cam Indoor,iOS,Tier 2,Closed,1105,1,1,4,0.1
9002614,JNL002614,CU29712,2025-07-26T01:00:00.000Z,Europe,GB,EN,Chat,Shipping,Video not loading,Jonly Cam Outdoor,iOS,Tier 1,Closed,652,0,1,5,1.0
9002615,JNL002615,CU11082,2025-06-26T07:00:00.000Z,North America,CA,EN,Chat,Account,Charged twice,Jonly Hub Plus,Android,Tier 1,Closed,962,1,1,3,-0.35
9002616,JNL002616,CU92510,2025-07-27T11:55:00.000Z,North America,CA,EN,Chat,Inquiry,Two-factor issues,Jonly Hub Plus,Android,Tier 1,Closed,1165,1,1,5,0.41
9002617,JNL002617,CU56122,2025-07-19T12:37:00.000Z,North America,US,EN,Phone,Connectivity,False motion alerts,Jonly Cam Outdoor,iOS,Tier 2,Closed,1961,0,1,4,0.64
9002618,JNL002618,CU70002,2025-07-28T13:06:00.000Z,APAC,AU,EN,Chat,Inquiry,Charged twice,Jonly Doorbell Pro,Android,Tier 1,Closed,739,0,1,3,-0.67
9002619,JNL002619,CU13459,2025-06-05T10:00:00.000Z,North America,US,FR,Email,Connectivity,Audio one-way only,Jonly Doorbell Pro,iOS,Tier 1,Closed,682,1,1,5,0.53
9002620,JNL002620,CU95460,2025-06-09T04:32:00.000Z,North America,CA,EN,Phone,Connectivity,Poor night vision,Jonly Doorbell Pro,Web,Tier 1,Closed,863,1,1,4,1.0
9002621,JNL002621,CU52712,2025-06-11T03:12:00.000Z,North America,US,EN,Web Form,Connectivity,Camera offline,Jonly Floodlight Max,Web,Tier 1,Closed,725,1,1,3,0.15
9002622,JNL002622,CU45530,2025-05-05T16:17:00.000Z,North America,US,EN,Web Form,Setup,Order not delivered,Jonly Doorbell Pro,iOS,Tier 2,Closed,967,0,1,3,0.14
9002623,JNL002623,CU64350,2025-05-30T22:37:00.000Z,Europe,NL,FR,Phone,Billing,Cannot login to app,Jonly Hub Mini,iOS,Tier 1,Closed,859,1,1,1,-1.0
9002624,JNL002624,CU21719,2025-06-12T19:37:00.000Z,Europe,GB,EN,Phone,Account,No motion alerts,Jonly Cam Outdoor,Android,Tier 1,Closed,1177,1,1,2,-0.58
9002625,JNL002625,CU46929,2025-06-19T19:41:00.000Z,North America,CA,EN,Chat,Connectivity,False motion alerts,Jonly Doorbell Pro,Android,Tier 1,Closed,727,1,1,5,1.0
9002626,JNL002626,CU55913,2025-05-28T01:07:00.000Z,North America,CA,EN,Web Form,Functionality,Device will not pair,Jonly Cam Indoor,Other,Tier 1,Closed,917,0,1,5,1.0
9002627,JNL002627,CU62268,2025-06-07T07:22:00.000Z,APAC,SG,EN,Chat,Functionality,Camera offline,Jonly Secure Subscription,iOS,Escalation,Closed,1325,0,1,4,0.88
9002628,JNL002628,CU15327,2025-05-08T23:33:00.000Z,APAC,NZ,EN,Email,Inquiry,Charged twice,Jonly Doorbell Pro,iOS,Tier 1,Closed,912,1,1,2,-0.13
9002629,JNL002629,CU28291,2025-05-12T14:15:00.000Z,Europe,FR,EN,Phone,Setup,Doorbell not ringing,Jonly Doorbell Pro,Android,Tier 1,Closed,752,1,1,5,0.33
9002630,JNL002630,CU74080,2025-05-13T02:05:00.000Z,North America,US,EN,Phone,Functionality,Subscription not applied,Jonly Doorbell Pro,Android,Tier 2,Closed,1332,1,1,5,0.9
9002631,JNL002631,CU53156,2025-05-30T04:21:00.000Z,Europe,FR,EN,Phone,Shipping,Order not delivered,Jonly Secure Subscription,iOS,Tier 2,Closed,724,2,1,3,-0.18
9002632,JNL002632,CU30499,2025-06-08T11:14:00.000Z,North America,US,EN,Phone,Inquiry,Camera offline,Jonly Cam Indoor,Android,Tier 1,Closed,685,0,1,4,0.51
9002633,JNL002633,CU21285,2025-06-15T06:02:00.000Z,North America,CA,DE,Chat,Functionality,Cannot login to app,Jonly Hub Plus,Web,Tier 2,Closed,1288,0,1,5,1.0
9002634,JNL002634,CU16738,2025-05-03T02:57:00.000Z,North America,CA,EN,Phone,Billing,False motion alerts,Jonly Floodlight Max,iOS,Tier 1,Closed,903,0,1,5,0.58
9002635,JNL002635,CU18277,2025-05-14T13:17:00.000Z,Europe,FR,EN,Web Form,Functionality,False motion alerts,Jonly Hub Plus,iOS,Tier 1,Closed,1207,0,1,5,1.0
9002636,JNL002636,CU99336,2025-06-03T21:05:00.000Z,North America,US,DE,Chat,Account,Doorbell not ringing,Jonly Doorbell Pro,iOS,Tier 1,Closed,685,0,1,3,0.21
9002637,JNL002637,CU22372,2025-06-10T03:38:00.000Z,Europe,NL,EN,Chat,Billing,Poor night vision,Jonly Secure Subscription,Android,Tier 2,Closed,664,2,1,2,-0.22
9002638,JNL002638,CU80190,2025-07-11T03:38:00.000Z,North America,US,EN,Phone,Setup,Doorbell not ringing,Jonly Cam Outdoor,Android,Tier 1,Closed,266,0,0,1,-0.99
9002639,JNL002639,CU53608,2025-06-14T23:29:00.000Z,North America,US,EN,Community,Connectivity,No motion alerts,Jonly Secure Subscription,Android,Tier 1,Closed,512,1,1,5,0.72
9002640,JNL002640,CU95014,2025-06-18T11:40:00.000Z,North America,CA,NL,Phone,Setup,Subscription not applied,Jonly Hub Plus,Android,Tier 1,Closed,1205,1,1,4,-0.38
9002641,JNL002641,CU81721,2025-05-06T05:06:00.000Z,Europe,DE,EN,Web Form,Billing,Device will not pair,Jonly Floodlight Max,Web,Tier 1,Escalated,490,0,1,4,0.93
9002642,JNL002642,CU62400,2025-07-31T05:36:00.000Z,North America,US,EN,Phone,Setup,Device will not pair,Jonly Cam Outdoor,Web,Tier 1,Closed,1641,0,1,5,1.0
9002643,JNL002643,CU45929,2025-06-01T13:10:00.000Z,Europe,DE,EN,Email,Functionality,Subscription not applied,Jonly Doorbell Pro,Android,Tier 1,Closed,240,0,0,3,0.76
9002644,JNL002644,CU49405,2025-07-03T06:16:00.000Z,North America,US,FR,Chat,Inquiry,Wrong item received,Jonly Cam Indoor,iOS,Escalation,Closed,263,0,1,5,0.74
9002645,JNL002645,CU61965,2025-07-31T04:38:00.000Z,Europe,DE,EN,Chat,Functionality,Subscription not applied,Jonly Secure Subscription,Android,Tier 2,Closed,662,1,1,4,0.99
9002646,JNL002646,CU25184,2025-06-08T09:23:00.000Z,Europe,DE,EN,Chat,Setup,Audio one-way only,Jonly Floodlight Max,Other,Tier 1,Closed,1046,0,1,5,0.97
9002647,JNL002647,CU71317,2025-07-16T05:35:00.000Z,APAC,NZ,EN,Chat,Inquiry,Order not delivered,Jonly Hub Plus,iOS,Tier 1,Closed,1167,0,1,4,0.52
9002648,JNL002648,CU55753,2025-05-17T00:49:00.000Z,Europe,DE,DE,Email,Inquiry,Subscription not applied,Jonly Floodlight Max,Android,Tier 2,Closed,1154,1,1,4,0.14
9002649,JNL002649,CU95397,2025-07-11T06:14:00.000Z,North America,US,EN,Web Form,Setup,Cannot login to app,Jonly Cam Indoor,Web,Tier 1,Closed,180,1,1,3,0.23
9002650,JNL002650,CU12867,2025-05-06T10:10:00.000Z,North America,US,FR,Phone,Account,Doorbell not ringing,Jonly Cam Indoor,Web,Tier 1,Closed,1235,0,1,4,1.0
9002651,JNL002651,CU78110,2025-07-27T00:51:00.000Z,Europe,NL,EN,Chat,Functionality,Laggy live view,Jonly Secure Subscription,iOS,Tier 1,Closed,833,0,0,3,-0.01
9002652,JNL002652,CU51374,2025-05-31T15:13:00.000Z,North America,CA,EN,Web Form,Setup,Audio one-way only,Jonly Cam Indoor,Web,Tier 2,Escalated,825,0,1,3,0.26
9002653,JNL002653,CU12312,2025-05-22T21:32:00.000Z,North America,CA,EN,Web Form,Setup,Doorbell not ringing,Jonly Secure Subscription,iOS,Tier 1,Closed,657,2,0,1,-0.95
9002654,JNL002654,CU77253,2025-05-23T02:00:00.000Z,APAC,NZ,DE,Chat,Inquiry,Subscription not applied,Jonly Cam Indoor,iOS,Tier 1,Closed,955,0,0,5,1.0
9002655,JNL002655,CU63906,2025-06-21T17:45:00.000Z,Europe,NL,EN,Email,Connectivity,Doorbell not ringing,Jonly Cam Indoor,iOS,Tier 1,Closed,832,0,0,4,-0.24
9002656,JNL002656,CU84513,2025-07-07T04:38:00.000Z,North America,CA,EN,Phone,Setup,Subscription not applied,Jonly Cam Indoor,Android,Tier 1,Closed,1428,0,1,5,1.0
9002657,JNL002657,CU24290,2025-07-14T13:55:00.000Z,North America,CA,FR,Phone,Functionality,Poor night vision,Jonly Cam Outdoor,Android,Tier 1,Closed,578,0,1,5,1.0
9002658,JNL002658,CU41559,2025-06-20T19:28:00.000Z,Europe,DE,EN,Phone,Account,Two-factor issues,Jonly Secure Subscription,Web,Tier 1,Closed,1327,1,0,1,-1.0
9002659,JNL002659,CU42721,2025-06-29T05:30:00.000Z,North America,US,EN,Phone,Account,No motion alerts,Jonly Floodlight Max,Android,Tier 1,Escalated,1164,0,1,4,0.09
9002660,JNL002660,CU82143,2025-06-11T08:38:00.000Z,Europe,NL,EN,Email,Inquiry,Video not loading,Jonly Cam Outdoor,Other,Tier 2,Closed,584,0,1,4,0.42
9002661,JNL002661,CU69077,2025-07-28T15:02:00.000Z,Europe,DE,EN,Web Form,Connectivity,Wrong item received,Jonly Hub Mini,Web,Escalation,Closed,712,0,1,3,0.09
9002662,JNL002662,CU78127,2025-06-22T01:56:00.000Z,Europe,DE,DE,Phone,Billing,Doorbell not ringing,Jonly Doorbell Pro,iOS,Tier 1,Closed,1370,2,1,4,0.83
9002663,JNL002663,CU51436,2025-06-02T03:33:00.000Z,Europe,GB,EN,Phone,Setup,False motion alerts,Jonly Doorbell Pro,Android,Tier 1,Closed,1751,1,1,4,0.46
9002664,JNL002664,CU61337,2025-06-07T06:58:00.000Z,North America,US,FR,Phone,Functionality,Charged twice,Jonly Hub Mini,iOS,Tier 2,Closed,470,0,1,4,-0.16
9002665,JNL002665,CU92824,2025-06-06T17:46:00.000Z,Europe,DE,DE,Community,Connectivity,Video not loading,Jonly Hub Plus,Web,Tier 1,Closed,1074,1,1,3,-0.6
9002666,JNL002666,CU71715,2025-07-04T19:52:00.000Z,North America,US,FR,Phone,Functionality,Audio one-way only,Jonly Cam Outdoor,Android,Tier 1,Closed,1006,1,0,5,0.83
9002667,JNL002667,CU81810,2025-05-30T09:34:00.000Z,North America,US,EN,Phone,Billing,Laggy live view,Jonly Doorbell Pro,Android,Tier 1,Closed,1330,1,1,3,0.56
9002668,JNL002668,CU35435,2025-05-01T19:34:00.000Z,North America,US,EN,Chat,Connectivity,No motion alerts,Jonly Secure Subscription,Android,Tier 1,Closed,1565,0,1,4,1.0
9002669,JNL002669,CU35697,2025-06-01T10:45:00.000Z,Europe,FR,EN,Community,Billing,Device will not pair,Jonly Hub Plus,Web,Tier 1,Escalated,568,2,1,4,1.0
9002670,JNL002670,CU23190,2025-06-15T20:21:00.000Z,North America,US,EN,Phone,Inquiry,Subscription not applied,Jonly Cam Outdoor,Android,Tier 1,Closed,1264,0,1,2,-0.44
9002671,JNL002671,CU56509,2025-05-19T11:22:00.000Z,Europe,NL,NL,Chat,Inquiry,Audio one-way only,Jonly Doorbell Pro,Android,Tier 1,Closed,1091,1,1,4,1.0
9002672,JNL002672,CU44706,2025-06-24T18:12:00.000Z,Europe,GB,EN,Phone,Inquiry,False motion alerts,Jonly Hub Mini,iOS,Tier 2,Closed,1605,1,1,5,0.96
9002673,JNL002673,CU10955,2025-06-17T11:36:00.000Z,North America,US,EN,Phone,Shipping,Subscription not applied,Jonly Hub Plus,iOS,Tier 2,Closed,815,1,1,2,-0.77
9002674,JNL002674,CU63805,2025-05-10T06:06:00.000Z,North America,CA,EN,Community,Billing,Doorbell not ringing,Jonly Hub Plus,Web,Tier 2,Closed,686,1,1,4,0.33
9002675,JNL002675,CU79520,2025-05-31T01:18:00.000Z,North America,US,EN,Web Form,Account,No motion alerts,Jonly Hub Mini,Other,Tier 1,Closed,1023,2,1,4,0.14
9002676,JNL002676,CU24422,2025-05-20T12:52:00.000Z,APAC,SG,EN,Chat,Functionality,Camera offline,Jonly Hub Mini,Web,Escalation,Closed,1220,1,1,3,0.22
9002677,JNL002677,CU71005,2025-06-23T19:36:00.000Z,North America,CA,EN,Chat,Functionality,Video not loading,Jonly Doorbell Pro,Other,Tier 1,Closed,1073,2,0,2,0.24
9002678,JNL002678,CU82371,2025-07-01T01:35:00.000Z,Europe,FR,EN,Chat,Functionality,Doorbell not ringing,Jonly Floodlight Max,Android,Tier 2,Closed,1550,0,1,5,0.91
9002679,JNL002679,CU63549,2025-06-27T04:40:00.000Z,Europe,DE,EN,Phone,Shipping,Cannot login to app,Jonly Floodlight Max,Other,Tier 1,Closed,1559,1,1,5,1.0
9002680,JNL002680,CU21659,2025-06-05T22:07:00.000Z,North America,US,DE,Chat,Connectivity,Device will not pair,Jonly Secure Subscription,iOS,Tier 1,Closed,1136,0,1,2,-0.03
9002681,JNL002681,CU82683,2025-07-15T14:35:00.000Z,North America,US,EN,Chat,Inquiry,Laggy live view,Jonly Hub Plus,Other,Tier 1,Closed,1031,0,1,4,0.13
9002682,JNL002682,CU24941,2025-07-02T08:21:00.000Z,North America,CA,DE,Phone,Billing,Camera offline,Jonly Doorbell Pro,Web,Tier 1,Closed,820,1,0,3,-0.94
9002683,JNL002683,CU20513,2025-06-19T17:57:00.000Z,North America,CA,EN,Chat,Connectivity,Wrong item received,Jonly Floodlight Max,iOS,Tier 1,Closed,772,0,1,4,0.08
9002684,JNL002684,CU68793,2025-06-25T13:07:00.000Z,APAC,SG,EN,Chat,Account,Subscription not applied,Jonly Floodlight Max,Android,Escalation,Closed,1119,2,1,3,-0.72
9002685,JNL002685,CU33853,2025-07-09T10:30:00.000Z,North America,CA,EN,Phone,Functionality,Cannot login to app,Jonly Doorbell Pro,iOS,Tier 1,Closed,1618,0,1,5,0.51
9002686,JNL002686,CU92187,2025-06-29T11:30:00.000Z,APAC,SG,EN,Phone,Setup,False motion alerts,Jonly Cam Indoor,iOS,Tier 1,Closed,1094,0,1,4,0.89
9002687,JNL002687,CU38846,2025-06-07T12:41:00.000Z,APAC,NZ,EN,Phone,Functionality,Device will not pair,Jonly Hub Plus,Android,Tier 2,Closed,1260,0,1,5,0.12
9002688,JNL002688,CU22154,2025-05-05T21:15:00.000Z,Europe,NL,EN,Chat,Inquiry,Camera offline,Jonly Cam Outdoor,iOS,Tier 1,Closed,936,2,1,5,1.0
9002689,JNL002689,CU71094,2025-05-17T08:06:00.000Z,North America,CA,DE,Community,Functionality,Order not delivered,Jonly Floodlight Max,Android,Tier 1,Closed,382,0,1,1,-1.0
9002690,JNL002690,CU45853,2025-07-29T18:51:00.000Z,Europe,GB,FR,Email,Shipping,No motion alerts,Jonly Secure Subscription,iOS,Tier 1,Closed,180,0,1,5,1.0
9002691,JNL002691,CU11906,2025-05-18T22:12:00.000Z,North America,CA,EN,Web Form,Setup,No motion alerts,Jonly Cam Indoor,Web,Tier 1,Closed,1301,0,1,2,-0.3
9002692,JNL002692,CU23719,2025-06-20T07:46:00.000Z,Europe,GB,EN,Phone,Account,Two-factor issues,Jonly Cam Outdoor,iOS,Tier 1,In Progress,1862,0,1,5,0.98
9002693,JNL002693,CU41384,2025-06-04T00:36:00.000Z,North America,US,DE,Community,Functionality,Wrong item received,Jonly Secure Subscription,Android,Tier 1,Closed,490,0,1,3,-0.55
9002694,JNL002694,CU54463,2025-05-01T13:33:00.000Z,North America,US,EN,Web Form,Functionality,Camera offline,Jonly Cam Outdoor,Android,Tier 1,Closed,643,0,0,5,0.71
9002695,JNL002695,CU94429,2025-06-15T18:32:00.000Z,North America,US,EN,Web Form,Connectivity,Poor night vision,Jonly Hub Mini,Android,Tier 1,Closed,648,0,1,5,1.0
9002696,JNL002696,CU85011,2025-07-19T19:23:00.000Z,APAC,AU,FR,Chat,Inquiry,Doorbell not ringing,Jonly Floodlight Max,iOS,Tier 2,Closed,1134,0,1,3,-0.45
9002697,JNL002697,CU36431,2025-06-11T12:57:00.000Z,APAC,AU,EN,Phone,Connectivity,Charged twice,Jonly Hub Plus,Web,Tier 1,Escalated,2041,0,1,3,0.4
9002698,JNL002698,CU93326,2025-05-12T05:58:00.000Z,North America,US,EN,Chat,Inquiry,Charged twice,Jonly Floodlight Max,Android,Tier 1,Closed,1052,0,1,4,0.02
9002699,JNL002699,CU30706,2025-07-31T06:32:00.000Z,Europe,FR,FR,Chat,Connectivity,Order not delivered,Jonly Hub Plus,iOS,Tier 1,In Progress,1250,1,1,4,0.79
9002700,JNL002700,CU16078,2025-06-15T23:56:00.000Z,Europe,GB,EN,Email,Connectivity,Video not loading,Jonly Hub Mini,Web,Tier 1,Closed,1142,1,1,1,-0.47
9002701,JNL002701,CU18868,2025-05-06T22:48:00.000Z,North America,US,EN,Chat,Inquiry,Video not loading,Jonly Floodlight Max,Web,Tier 2,Closed,1289,0,0,2,0.1
9002702,JNL002702,CU96671,2025-05-04T20:54:00.000Z,Europe,DE,DE,Email,Billing,Order not delivered,Jonly Hub Mini,Android,Tier 1,Escalated,771,0,1,2,0.1
9002703,JNL002703,CU91377,2025-07-14T01:17:00.000Z,Europe,GB,EN,Phone,Inquiry,Poor night vision,Jonly Floodlight Max,Android,Escalation,Closed,849,1,1,4,0.89
9002704,JNL002704,CU19145,2025-05-24T20:04:00.000Z,North America,US,EN,Phone,Billing,Two-factor issues,Jonly Hub Plus,iOS,Tier 1,Closed,682,2,1,4,0.43
9002705,JNL002705,CU65775,2025-06-18T18:13:00.000Z,North America,CA,EN,Chat,Inquiry,Wrong item received,Jonly Cam Outdoor,Android,Tier 1,In Progress,1307,1,1,5,0.62
9002706,JNL002706,CU40646,2025-07-12T08:50:00.000Z,Europe,DE,EN,Chat,Billing,Poor night vision,Jonly Floodlight Max,iOS,Tier 2,Closed,746,0,1,1,-0.85
9002707,JNL002707,CU73135,2025-06-20T09:31:00.000Z,Europe,FR,EN,Phone,Functionality,Device will not pair,Jonly Floodlight Max,Android,Tier 1,Closed,1188,0,1,4,0.22
9002708,JNL002708,CU63639,2025-07-19T20:26:00.000Z,Europe,NL,EN,Chat,Inquiry,Charged twice,Jonly Cam Indoor,Android,Tier 1,Closed,1095,0,1,2,-0.36
9002709,JNL002709,CU24171,2025-05-06T10:34:00.000Z,North America,CA,DE,Web Form,Connectivity,Laggy live view,Jonly Cam Outdoor,Android,Tier 1,Closed,919,0,1,2,-0.91
9002710,JNL002710,CU43719,2025-05-03T11:19:00.000Z,North America,US,DE,Phone,Inquiry,Wrong item received,Jonly Hub Mini,Android,Tier 1,Closed,1736,0,1,4,0.3
9002711,JNL002711,CU28027,2025-06-01T20:49:00.000Z,North America,US,EN,Phone,Setup,Audio one-way only,Jonly Cam Indoor,Android,Tier 1,Closed,1281,0,1,3,0.63
9002712,JNL002712,CU65906,2025-06-16T07:54:00.000Z,North America,US,DE,Community,Setup,Cannot login to app,Jonly Secure Subscription,Other,Tier 1,Escalated,466,1,1,1,-1.0
9002713,JNL002713,CU69869,2025-05-09T07:35:00.000Z,Europe,FR,EN,Chat,Functionality,Laggy live view,Jonly Floodlight Max,Android,Tier 1,Closed,399,0,1,3,0.71
9002714,JNL002714,CU64430,2025-06-15T22:29:00.000Z,North America,CA,DE,Phone,Inquiry,Device will not pair,Jonly Secure Subscription,Android,Tier 2,Closed,997,0,1,4,0.78
9002715,JNL002715,CU29032,2025-06-16T02:46:00.000Z,APAC,SG,DE,Phone,Setup,Cannot login to app,Jonly Hub Mini,iOS,Tier 2,Closed,1324,0,1,5,0.59
9002716,JNL002716,CU73062,2025-05-18T13:28:00.000Z,North America,CA,EN,Phone,Inquiry,Cannot login to app,Jonly Hub Plus,Android,Tier 1,Closed,1343,1,1,5,1.0
9002717,JNL002717,CU78075,2025-07-30T20:54:00.000Z,APAC,NZ,EN,Community,Account,Charged twice,Jonly Doorbell Pro,iOS,Tier 1,Closed,501,0,1,4,0.08
9002718,JNL002718,CU80437,2025-07-27T04:45:00.000Z,North America,US,EN,Community,Connectivity,Order not delivered,Jonly Secure Subscription,Other,Escalation,Closed,302,1,1,3,-0.14
9002719,JNL002719,CU46329,2025-06-10T08:08:00.000Z,North America,CA,DE,Chat,Billing,Video not loading,Jonly Hub Mini,Android,Tier 1,In Progress,504,0,1,5,0.92
9002720,JNL002720,CU10512,2025-07-18T10:50:00.000Z,APAC,NZ,EN,Email,Inquiry,Video not loading,Jonly Hub Plus,iOS,Tier 1,Closed,730,0,1,4,1.0
9002721,JNL002721,CU59674,2025-06-21T23:10:00.000Z,APAC,NZ,DE,Chat,Connectivity,Laggy live view,Jonly Hub Plus,Android,Tier 2,Closed,680,1,1,4,0.82
9002722,JNL002722,CU35992,2025-05-10T16:10:00.000Z,North America,CA,EN,Phone,Connectivity,Camera offline,Jonly Hub Plus,iOS,Tier 1,Escalated,2149,0,0,5,1.0
9002723,JNL002723,CU62424,2025-07-18T09:43:00.000Z,North America,US,EN,Chat,Billing,Subscription not applied,Jonly Hub Mini,Android,Tier 2,Closed,652,0,0,3,0.28
9002724,JNL002724,CU27850,2025-06-27T10:06:00.000Z,North America,US,EN,Phone,Functionality,Poor night vision,Jonly Cam Indoor,iOS,Tier 1,In Progress,1087,1,1,4,0.25
9002725,JNL002725,CU62680,2025-07-20T03:03:00.000Z,APAC,SG,EN,Phone,Account,Poor night vision,Jonly Secure Subscription,iOS,Tier 1,Closed,1696,1,1,4,-0.01
9002726,JNL002726,CU93170,2025-05-29T02:22:00.000Z,APAC,NZ,EN,Chat,Account,Wrong item received,Jonly Cam Indoor,Android,Tier 1,Closed,828,1,0,4,1.0
9002727,JNL002727,CU20687,2025-07-09T09:15:00.000Z,APAC,SG,EN,Phone,Functionality,Wrong item received,Jonly Cam Indoor,Android,Tier 1,Closed,1266,1,0,1,-1.0
9002728,JNL002728,CU66927,2025-06-07T19:22:00.000Z,Europe,GB,DE,Phone,Connectivity,Poor night vision,Jonly Hub Plus,iOS,Tier 2,Closed,1117,1,1,5,0.62
9002729,JNL002729,CU24813,2025-06-20T22:47:00.000Z,North America,CA,EN,Email,Connectivity,Subscription not applied,Jonly Floodlight Max,iOS,Tier 1,Closed,1025,0,1,2,-0.32
9002730,JNL002730,CU67127,2025-06-27T21:58:00.000Z,North America,CA,FR,Email,Shipping,Poor night vision,Jonly Hub Plus,iOS,Tier 1,Closed,943,0,1,4,0.59
9002731,JNL002731,CU37471,2025-05-09T22:26:00.000Z,North America,US,DE,Web Form,Connectivity,Charged twice,Jonly Secure Subscription,Other,Tier 1,Closed,1094,0,1,5,0.98
9002732,JNL002732,CU72073,2025-07-20T10:43:00.000Z,Europe,FR,EN,Phone,Functionality,Subscription not applied,Jonly Hub Mini,iOS,Tier 2,Closed,1428,0,1,4,0.38
9002733,JNL002733,CU84448,2025-06-25T12:00:00.000Z,North America,CA,EN,Web Form,Functionality,Two-factor issues,Jonly Hub Plus,Android,Tier 1,Closed,506,0,1,1,-0.69
9002734,JNL002734,CU88108,2025-07-30T12:56:00.000Z,APAC,AU,EN,Email,Account,Doorbell not ringing,Jonly Hub Plus,iOS,Tier 1,Closed,337,1,1,4,0.19
9002735,JNL002735,CU52490,2025-05-01T16:58:00.000Z,North America,US,EN,Chat,Functionality,Subscription not applied,Jonly Cam Outdoor,iOS,Escalation,Escalated,496,0,0,2,-0.75
9002736,JNL002736,CU64041,2025-05-13T09:51:00.000Z,North America,CA,EN,Chat,Account,Poor night vision,Jonly Cam Outdoor,Other,Escalation,Closed,180,0,1,5,0.37
9002737,JNL002737,CU60479,2025-06-13T03:23:00.000Z,North America,CA,EN,Phone,Inquiry,Device will not pair,Jonly Cam Indoor,Web,Tier 1,Closed,1140,0,1,4,0.67
9002738,JNL002738,CU11259,2025-06-24T12:29:00.000Z,Europe,NL,EN,Community,Inquiry,Doorbell not ringing,Jonly Secure Subscription,Android,Tier 1,Closed,647,0,1,3,0.03
9002739,JNL002739,CU73998,2025-06-29T11:42:00.000Z,Europe,NL,EN,Phone,Shipping,Doorbell not ringing,Jonly Floodlight Max,Web,Escalation,Escalated,1002,0,1,3,-0.22
9002740,JNL002740,CU97907,2025-07-09T06:16:00.000Z,Europe,GB,NL,Phone,Inquiry,Doorbell not ringing,Jonly Cam Outdoor,Android,Tier 1,Closed,1017,0,1,3,0.04
9002741,JNL002741,CU26315,2025-07-13T14:58:00.000Z,Europe,NL,EN,Phone,Inquiry,Order not delivered,Jonly Hub Mini,Android,Tier 2,Closed,1248,0,1,1,-1.0
9002742,JNL002742,CU10895,2025-06-25T04:21:00.000Z,APAC,SG,NL,Phone,Connectivity,Doorbell not ringing,Jonly Cam Indoor,Android,Tier 2,Escalated,492,0,1,1,-0.76
9002743,JNL002743,CU24292,2025-06-27T09:24:00.000Z,Europe,DE,EN,Chat,Billing,Wrong item received,Jonly Doorbell Pro,iOS,Tier 1,Closed,818,1,1,2,-0.39
9002744,JNL002744,CU75639,2025-07-14T12:23:00.000Z,North America,CA,EN,Email,Inquiry,Video not loading,Jonly Hub Mini,iOS,Tier 1,Escalated,772,0,1,3,-0.27
9002745,JNL002745,CU50955,2025-05-05T04:44:00.000Z,North America,US,EN,Chat,Billing,No motion alerts,Jonly Hub Mini,iOS,Tier 1,Closed,736,1,1,5,1.0
9002746,JNL002746,CU51278,2025-06-05T06:57:00.000Z,APAC,SG,FR,Phone,Billing,Two-factor issues,Jonly Cam Indoor,iOS,Tier 1,Closed,1426,0,1,4,1.0
9002747,JNL002747,CU91137,2025-07-12T17:59:00.000Z,Europe,NL,DE,Chat,Functionality,No motion alerts,Jonly Doorbell Pro,iOS,Tier 1,Escalated,1549,1,1,5,0.83
9002748,JNL002748,CU67716,2025-06-01T13:25:00.000Z,North America,US,DE,Web Form,Functionality,Two-factor issues,Jonly Hub Plus,iOS,Tier 1,In Progress,826,1,1,4,0.95
9002749,JNL002749,CU67670,2025-07-14T12:02:00.000Z,Europe,DE,EN,Phone,Connectivity,Audio one-way only,Jonly Cam Indoor,iOS,Tier 1,Closed,524,0,1,4,0.41
9002750,JNL002750,CU99886,2025-07-14T08:25:00.000Z,North America,US,DE,Chat,Functionality,Wrong item received,Jonly Secure Subscription,iOS,Tier 1,Closed,840,1,1,5,0.89
9002751,JNL002751,CU11106,2025-06-15T21:53:00.000Z,North America,CA,EN,Chat,Connectivity,Two-factor issues,Jonly Cam Outdoor,Web,Tier 1,In Progress,827,0,1,3,-0.34
9002752,JNL002752,CU47601,2025-07-02T08:22:00.000Z,North America,US,EN,Email,Inquiry,Subscription not applied,Jonly Cam Outdoor,iOS,Tier 2,Closed,985,1,1,2,-0.68
9002753,JNL002753,CU38028,2025-05-23T08:58:00.000Z,North America,US,DE,Phone,Inquiry,Video not loading,Jonly Cam Indoor,Other,Tier 1,Closed,1625,0,1,4,0.83
9002754,JNL002754,CU70634,2025-05-08T17:31:00.000Z,North America,CA,DE,Chat,Connectivity,Device will not pair,Jonly Secure Subscription,Android,Tier 1,Escalated,812,0,1,3,0.05
9002755,JNL002755,CU74987,2025-06-19T17:54:00.000Z,Europe,DE,EN,Web Form,Inquiry,Doorbell not ringing,Jonly Doorbell Pro,iOS,Tier 1,Closed,684,0,1,5,1.0
9002756,JNL002756,CU88595,2025-07-20T17:40:00.000Z,Europe,DE,EN,Chat,Inquiry,Subscription not applied,Jonly Cam Indoor,Other,Tier 1,Closed,673,0,1,4,0.55
9002757,JNL002757,CU25359,2025-06-01T09:27:00.000Z,North America,CA,EN,Phone,Setup,Camera offline,Jonly Cam Outdoor,iOS,Tier 1,Closed,846,0,1,5,0.87
9002758,JNL002758,CU49589,2025-06-29T07:18:00.000Z,APAC,NZ,EN,Community,Connectivity,Doorbell not ringing,Jonly Secure Subscription,Web,Tier 1,Closed,701,1,1,3,-0.12
9002759,JNL002759,CU59861,2025-05-01T09:49:00.000Z,Europe,GB,EN,Web Form,Setup,Device will not pair,Jonly Hub Plus,Android,Tier 1,Closed,451,2,1,3,-0.69
9002760,JNL002760,CU38223,2025-07-01T15:49:00.000Z,North America,US,EN,Phone,Setup,Camera offline,Jonly Doorbell Pro,Web,Tier 1,Closed,955,0,1,4,0.11
9002761,JNL002761,CU98029,2025-05-31T13:34:00.000Z,APAC,AU,DE,Phone,Connectivity,Cannot login to app,Jonly Hub Plus,Web,Tier 1,Closed,2266,0,1,5,0.94
9002762,JNL002762,CU18667,2025-06-20T01:47:00.000Z,Europe,FR,DE,Web Form,Setup,Wrong item received,Jonly Doorbell Pro,Android,Tier 1,Closed,549,1,1,5,0.85
9002763,JNL002763,CU80323,2025-05-05T17:13:00.000Z,North America,US,EN,Web Form,Setup,Audio one-way only,Jonly Hub Mini,iOS,Tier 1,Escalated,1236,2,0,1,-0.88
9002764,JNL002764,CU84709,2025-06-11T13:07:00.000Z,Europe,FR,DE,Phone,Connectivity,Two-factor issues,Jonly Cam Indoor,Android,Tier 2,Closed,728,0,1,5,1.0
9002765,JNL002765,CU36414,2025-06-16T21:57:00.000Z,North America,CA,EN,Chat,Functionality,Wrong item received,Jonly Floodlight Max,Android,Tier 1,Closed,1228,0,1,4,1.0
9002766,JNL002766,CU17951,2025-06-25T09:15:00.000Z,North America,US,NL,Chat,Functionality,Charged twice,Jonly Hub Mini,Web,Tier 1,In Progress,878,0,1,3,-0.36
9002767,JNL002767,CU50723,2025-07-05T05:48:00.000Z,North America,CA,EN,Web Form,Setup,Device will not pair,Jonly Floodlight Max,iOS,Tier 1,Closed,1047,0,1,4,0.39
9002768,JNL002768,CU59294,2025-05-14T02:32:00.000Z,APAC,NZ,EN,Phone,Setup,Audio one-way only,Jonly Hub Mini,iOS,Tier 1,Closed,1676,1,1,5,1.0
9002769,JNL002769,CU58133,2025-06-08T04:03:00.000Z,North America,CA,EN,Phone,Functionality,No motion alerts,Jonly Hub Mini,Web,Tier 1,Closed,1127,0,1,5,0.83
9002770,JNL002770,CU44765,2025-06-22T16:11:00.000Z,North America,CA,EN,Phone,Inquiry,Cannot login to app,Jonly Hub Mini,Android,Tier 1,Closed,896,0,1,3,-0.32
9002771,JNL002771,CU77543,2025-06-07T21:43:00.000Z,Europe,GB,EN,Chat,Setup,Subscription not applied,Jonly Secure Subscription,iOS,Tier 1,Closed,542,1,1,1,0.03
9002772,JNL002772,CU89014,2025-06-22T20:24:00.000Z,North America,CA,FR,Phone,Setup,Video not loading,Jonly Doorbell Pro,Android,Escalation,Closed,895,1,1,2,-0.57
9002773,JNL002773,CU17093,2025-07-19T07:35:00.000Z,North America,US,EN,Phone,Inquiry,Video not loading,Jonly Cam Indoor,iOS,Tier 1,Closed,1373,0,1,4,0.35
9002774,JNL002774,CU38280,2025-06-23T01:31:00.000Z,North America,CA,DE,Phone,Connectivity,Subscription not applied,Jonly Hub Plus,iOS,Tier 1,Closed,1265,3,1,4,0.68
9002775,JNL002775,CU50178,2025-05-21T18:34:00.000Z,North America,US,EN,Phone,Connectivity,Cannot login to app,Jonly Secure Subscription,iOS,Tier 1,Closed,1116,0,1,4,0.43
9002776,JNL002776,CU58455,2025-06-04T18:10:00.000Z,North America,US,EN,Chat,Functionality,Device will not pair,Jonly Cam Indoor,iOS,Tier 1,Closed,976,0,1,5,0.76
9002777,JNL002777,CU89944,2025-07-28T00:14:00.000Z,Europe,NL,EN,Email,Functionality,Subscription not applied,Jonly Doorbell Pro,iOS,Tier 2,Closed,683,0,1,5,1.0
9002778,JNL002778,CU48095,2025-05-14T17:47:00.000Z,North America,US,EN,Phone,Account,No motion alerts,Jonly Doorbell Pro,Android,Tier 1,Closed,1981,2,1,4,0.29
9002779,JNL002779,CU61370,2025-05-16T22:18:00.000Z,North America,CA,EN,Chat,Inquiry,Video not loading,Jonly Doorbell Pro,Android,Tier 1,Closed,380,0,1,3,0.25
9002780,JNL002780,CU28266,2025-06-08T16:03:00.000Z,Europe,NL,EN,Community,Inquiry,Device will not pair,Jonly Hub Plus,Android,Tier 2,Closed,514,0,1,5,1.0
9002781,JNL002781,CU11830,2025-05-08T01:18:00.000Z,North America,CA,EN,Phone,Inquiry,Charged twice,Jonly Cam Outdoor,Android,Tier 1,Closed,1032,0,1,5,0.96
9002782,JNL002782,CU39937,2025-06-04T23:18:00.000Z,North America,CA,EN,Phone,Account,Cannot login to app,Jonly Doorbell Pro,iOS,Tier 1,Escalated,1493,1,1,5,0.92
9002783,JNL002783,CU21137,2025-05-30T13:16:00.000Z,APAC,NZ,EN,Chat,Shipping,Two-factor issues,Jonly Doorbell Pro,iOS,Tier 2,In Progress,904,0,1,3,-0.26
9002784,JNL002784,CU52723,2025-07-06T21:33:00.000Z,Europe,NL,DE,Phone,Billing,Video not loading,Jonly Hub Plus,iOS,Tier 1,Closed,958,1,1,3,0.34
9002785,JNL002785,CU35370,2025-07-30T21:06:00.000Z,North America,CA,EN,Chat,Functionality,Audio one-way only,Jonly Cam Indoor,Web,Tier 2,Closed,1359,0,1,3,-0.01
9002786,JNL002786,CU33955,2025-05-17T07:28:00.000Z,North America,CA,EN,Chat,Inquiry,False motion alerts,Jonly Hub Plus,Android,Tier 2,Closed,1140,0,1,4,0.83
9002787,JNL002787,CU38297,2025-07-04T05:24:00.000Z,Europe,FR,EN,Phone,Billing,Subscription not applied,Jonly Cam Outdoor,Android,Tier 1,Closed,1590,2,1,4,0.5
9002788,JNL002788,CU88593,2025-05-20T10:59:00.000Z,North America,CA,EN,Phone,Connectivity,Two-factor issues,Jonly Hub Mini,Android,Escalation,Closed,1646,1,1,1,-1.0
9002789,JNL002789,CU58480,2025-05-04T09:05:00.000Z,North America,CA,NL,Chat,Inquiry,Charged twice,Jonly Hub Mini,Web,Tier 1,Closed,871,1,1,4,0.1
9002790,JNL002790,CU53463,2025-06-16T14:54:00.000Z,Europe,GB,EN,Phone,Billing,Order not delivered,Jonly Floodlight Max,Android,Tier 1,In Progress,802,0,1,4,0.67
9002791,JNL002791,CU99894,2025-06-04T10:44:00.000Z,Europe,GB,EN,Phone,Connectivity,Laggy live view,Jonly Floodlight Max,Android,Tier 1,Closed,1310,0,1,2,0.09
9002792,JNL002792,CU21898,2025-07-26T02:52:00.000Z,Europe,FR,EN,Phone,Billing,Wrong item received,Jonly Floodlight Max,iOS,Tier 1,Escalated,1261,1,1,4,0.97
9002793,JNL002793,CU87201,2025-05-12T02:40:00.000Z,North America,CA,DE,Phone,Billing,Device will not pair,Jonly Cam Indoor,Android,Tier 1,Closed,731,0,1,4,1.0
9002794,JNL002794,CU85601,2025-05-26T00:13:00.000Z,North America,CA,EN,Phone,Inquiry,Subscription not applied,Jonly Secure Subscription,Web,Tier 2,Escalated,1292,0,1,3,0.32
9002795,JNL002795,CU53540,2025-06-03T02:58:00.000Z,Europe,NL,EN,Email,Connectivity,Laggy live view,Jonly Cam Outdoor,iOS,Tier 1,Closed,1479,1,1,5,1.0
9002796,JNL002796,CU23377,2025-07-17T02:13:00.000Z,North America,US,EN,Phone,Shipping,Wrong item received,Jonly Doorbell Pro,iOS,Tier 2,Closed,1066,0,1,3,-0.01
9002797,JNL002797,CU24992,2025-07-12T14:56:00.000Z,Europe,FR,EN,Phone,Inquiry,Charged twice,Jonly Cam Indoor,Android,Tier 2,Closed,1103,0,1,3,-0.03
9002798,JNL002798,CU98552,2025-05-28T11:19:00.000Z,North America,US,EN,Community,Inquiry,Order not delivered,Jonly Hub Mini,Android,Tier 1,Closed,1264,0,1,4,0.91
9002799,JNL002799,CU12807,2025-07-28T03:59:00.000Z,Europe,NL,EN,Web Form,Account,No motion alerts,Jonly Floodlight Max,Android,Tier 1,Closed,657,1,1,4,0.84
9002800,JNL002800,CU40732,2025-05-21T00:26:00.000Z,APAC,NZ,DE,Phone,Functionality,Cannot login to app,Jonly Hub Mini,Android,Escalation,Closed,651,0,1,5,1.0
9002801,JNL002801,CU38329,2025-06-21T09:53:00.000Z,Europe,NL,EN,Chat,Setup,False motion alerts,Jonly Secure Subscription,iOS,Tier 1,Closed,180,0,1,5,0.57
9002802,JNL002802,CU91654,2025-05-19T20:14:00.000Z,Europe,DE,DE,Web Form,Functionality,Charged twice,Jonly Hub Plus,Android,Escalation,Closed,608,0,1,4,1.0
9002803,JNL002803,CU13758,2025-07-15T02:49:00.000Z,APAC,AU,EN,Phone,Setup,No motion alerts,Jonly Floodlight Max,iOS,Tier 1,Escalated,1040,0,1,4,0.99
9002804,JNL002804,CU48793,2025-07-14T21:10:00.000Z,Europe,DE,EN,Phone,Account,Laggy live view,Jonly Cam Outdoor,iOS,Tier 1,Closed,1712,0,1,3,-0.85
9002805,JNL002805,CU58482,2025-05-02T21:50:00.000Z,North America,US,EN,Email,Functionality,False motion alerts,Jonly Cam Outdoor,Web,Tier 1,Closed,824,1,1,5,0.39
9002806,JNL002806,CU25592,2025-05-31T22:32:00.000Z,APAC,SG,EN,Email,Billing,Two-factor issues,Jonly Hub Plus,iOS,Tier 1,Closed,806,0,1,5,0.87
9002807,JNL002807,CU53594,2025-07-23T17:21:00.000Z,North America,CA,EN,Phone,Billing,Video not loading,Jonly Cam Outdoor,Android,Tier 1,Closed,1423,1,1,4,0.12
9002808,JNL002808,CU70870,2025-07-21T08:03:00.000Z,North America,CA,EN,Email,Inquiry,False motion alerts,Jonly Doorbell Pro,iOS,Tier 1,Closed,1426,0,1,4,0.97
9002809,JNL002809,CU86371,2025-07-09T00:23:00.000Z,APAC,NZ,FR,Web Form,Shipping,Camera offline,Jonly Doorbell Pro,Android,Tier 2,Closed,1103,0,1,5,0.85
9002810,JNL002810,CU30686,2025-06-18T10:27:00.000Z,Europe,GB,EN,Email,Functionality,Camera offline,Jonly Floodlight Max,Android,Tier 2,Escalated,603,0,1,4,0.47
9002811,JNL002811,CU68455,2025-06-04T14:14:00.000Z,Europe,GB,EN,Community,Billing,False motion alerts,Jonly Cam Outdoor,Web,Tier 1,Closed,447,1,1,1,-1.0
9002812,JNL002812,CU56514,2025-05-12T20:33:00.000Z,Europe,GB,EN,Phone,Setup,Poor night vision,Jonly Doorbell Pro,iOS,Tier 1,Closed,381,0,1,4,0.54
9002813,JNL002813,CU74743,2025-07-30T11:00:00.000Z,North America,US,DE,Phone,Shipping,No motion alerts,Jonly Hub Mini,Android,Tier 1,In Progress,1312,2,1,4,0.11
9002814,JNL002814,CU50308,2025-05-09T00:59:00.000Z,Europe,DE,FR,Phone,Account,Camera offline,Jonly Floodlight Max,Web,Tier 1,Closed,1016,0,1,4,0.48
9002815,JNL002815,CU20324,2025-07-19T04:42:00.000Z,Europe,DE,EN,Phone,Connectivity,Video not loading,Jonly Doorbell Pro,Android,Tier 1,Closed,598,1,1,3,-0.23
9002816,JNL002816,CU71349,2025-05-07T21:58:00.000Z,Europe,NL,NL,Phone,Functionality,Video not loading,Jonly Hub Mini,Android,Tier 1,Closed,1757,0,1,5,0.9
9002817,JNL002817,CU59879,2025-05-29T20:42:00.000Z,Europe,NL,EN,Web Form,Account,Laggy live view,Jonly Cam Indoor,Web,Tier 1,Closed,1094,1,1,4,0.61
9002818,JNL002818,CU25177,2025-06-04T05:19:00.000Z,North America,US,EN,Web Form,Functionality,No motion alerts,Jonly Secure Subscription,iOS,Escalation,Closed,917,1,1,2,-0.17
9002819,JNL002819,CU59712,2025-05-18T20:11:00.000Z,North America,US,EN,Phone,Inquiry,Device will not pair,Jonly Doorbell Pro,iOS,Tier 1,Closed,898,0,1,5,0.97
9002820,JNL002820,CU45992,2025-05-19T14:41:00.000Z,APAC,SG,EN,Chat,Setup,Order not delivered,Jonly Floodlight Max,Android,Escalation,Closed,1132,0,1,3,0.23
9002821,JNL002821,CU14286,2025-07-27T14:56:00.000Z,North America,CA,EN,Chat,Billing,Order not delivered,Jonly Cam Outdoor,Android,Tier 2,Closed,592,1,1,5,1.0
9002822,JNL002822,CU82262,2025-06-30T05:20:00.000Z,North America,US,FR,Phone,Inquiry,Wrong item received,Jonly Doorbell Pro,Web,Tier 1,Escalated,553,0,1,4,0.73
9002823,JNL002823,CU26290,2025-05-17T19:25:00.000Z,APAC,SG,EN,Phone,Inquiry,Two-factor issues,Jonly Cam Outdoor,iOS,Tier 1,Closed,1032,0,1,5,0.92
9002824,JNL002824,CU80670,2025-06-27T20:17:00.000Z,North America,CA,EN,Web Form,Connectivity,Audio one-way only,Jonly Hub Mini,iOS,Escalation,In Progress,1109,0,0,5,1.0
9002825,JNL002825,CU63998,2025-07-09T02:40:00.000Z,APAC,AU,DE,Email,Setup,Doorbell not ringing,Jonly Floodlight Max,Android,Escalation,In Progress,1126,0,1,2,-0.57
9002826,JNL002826,CU88620,2025-05-10T10:08:00.000Z,North America,CA,EN,Phone,Connectivity,Camera offline,Jonly Cam Indoor,Web,Tier 1,Closed,1759,0,1,4,0.28
9002827,JNL002827,CU91143,2025-07-12T16:09:00.000Z,APAC,AU,EN,Phone,Inquiry,Subscription not applied,Jonly Doorbell Pro,Android,Tier 2,Closed,347,0,0,4,0.33
9002828,JNL002828,CU44685,2025-07-22T14:17:00.000Z,North America,CA,EN,Chat,Connectivity,Cannot login to app,Jonly Cam Outdoor,Other,Tier 1,Closed,885,1,1,5,1.0
9002829,JNL002829,CU30971,2025-06-25T15:30:00.000Z,North America,US,EN,Chat,Functionality,Camera offline,Jonly Cam Indoor,Android,Tier 1,Closed,347,0,1,4,0.87
9002830,JNL002830,CU68657,2025-06-19T22:32:00.000Z,North America,CA,FR,Phone,Shipping,Video not loading,Jonly Cam Indoor,Other,Tier 1,Closed,963,0,1,2,-0.65
9002831,JNL002831,CU75338,2025-06-23T04:22:00.000Z,Europe,FR,EN,Web Form,Connectivity,False motion alerts,Jonly Hub Plus,iOS,Tier 1,Escalated,849,3,1,1,-0.84
9002832,JNL002832,CU82569,2025-05-14T06:38:00.000Z,North America,US,EN,Chat,Inquiry,Device will not pair,Jonly Hub Mini,Android,Tier 1,Closed,314,1,1,5,0.96
9002833,JNL002833,CU22447,2025-05-06T02:46:00.000Z,North America,US,DE,Phone,Functionality,Cannot login to app,Jonly Hub Plus,iOS,Tier 2,Closed,1261,0,1,2,-1.0
9002834,JNL002834,CU54793,2025-06-22T14:57:00.000Z,APAC,AU,EN,Chat,Functionality,Doorbell not ringing,Jonly Cam Outdoor,iOS,Escalation,Closed,1222,0,1,4,0.98
9002835,JNL002835,CU31024,2025-06-04T07:00:00.000Z,North America,US,EN,Email,Functionality,No motion alerts,Jonly Hub Mini,Android,Tier 1,In Progress,340,0,1,5,1.0
9002836,JNL002836,CU68841,2025-06-08T14:38:00.000Z,Europe,GB,EN,Phone,Setup,False motion alerts,Jonly Hub Mini,Other,Tier 1,Closed,375,0,1,2,-0.27
9002837,JNL002837,CU48373,2025-05-16T19:00:00.000Z,North America,CA,NL,Chat,Setup,Subscription not applied,Jonly Floodlight Max,Android,Tier 1,Closed,752,1,1,3,0.07
9002838,JNL002838,CU79912,2025-07-22T07:14:00.000Z,North America,CA,EN,Phone,Inquiry,Laggy live view,Jonly Secure Subscription,Android,Tier 1,Closed,1063,0,1,4,0.07
9002839,JNL002839,CU94056,2025-05-04T22:50:00.000Z,North America,US,EN,Phone,Inquiry,Video not loading,Jonly Hub Plus,Android,Tier 1,In Progress,842,0,1,3,0.25
9002840,JNL002840,CU81633,2025-05-09T15:09:00.000Z,North America,CA,EN,Web Form,Inquiry,Audio one-way only,Jonly Hub Mini,Android,Tier 2,Closed,1187,1,1,3,0.55
9002841,JNL002841,CU61371,2025-06-04T13:52:00.000Z,Europe,DE,EN,Phone,Inquiry,Device will not pair,Jonly Secure Subscription,Android,Tier 1,Closed,885,1,1,4,1.0
9002842,JNL002842,CU52976,2025-07-02T15:46:00.000Z,North America,CA,DE,Phone,Account,Doorbell not ringing,Jonly Secure Subscription,Web,Tier 1,Closed,456,1,1,4,0.55
9002843,JNL002843,CU92561,2025-06-03T02:27:00.000Z,North America,US,EN,Email,Inquiry,Wrong item received,Jonly Hub Plus,iOS,Tier 1,Closed,553,1,1,4,0.67
9002844,JNL002844,CU48510,2025-05-27T08:13:00.000Z,North America,CA,EN,Phone,Billing,Cannot login to app,Jonly Cam Outdoor,Web,Tier 1,Closed,1519,0,1,4,0.79
9002845,JNL002845,CU68115,2025-05-08T00:55:00.000Z,APAC,AU,EN,Community,Shipping,Laggy live view,Jonly Secure Subscription,iOS,Tier 1,Closed,1030,1,1,4,0.12
9002846,JNL002846,CU72066,2025-06-24T19:24:00.000Z,North America,US,FR,Community,Setup,Video not loading,Jonly Doorbell Pro,Web,Tier 2,Closed,489,0,1,4,0.97
9002847,JNL002847,CU45024,2025-05-03T21:23:00.000Z,APAC,SG,EN,Chat,Connectivity,Wrong item received,Jonly Hub Plus,Android,Tier 1,Closed,595,1,1,2,-0.18
9002848,JNL002848,CU75886,2025-07-28T00:47:00.000Z,Europe,FR,EN,Chat,Connectivity,Video not loading,Jonly Hub Mini,Android,Tier 1,Closed,963,0,1,3,0.38
9002849,JNL002849,CU56988,2025-07-20T02:34:00.000Z,North America,CA,EN,Phone,Inquiry,Poor night vision,Jonly Floodlight Max,iOS,Tier 2,Closed,729,0,1,5,1.0
9002850,JNL002850,CU52314,2025-07-14T03:41:00.000Z,Europe,GB,EN,Community,Connectivity,Doorbell not ringing,Jonly Cam Indoor,Android,Tier 1,Closed,867,1,1,3,0.34
9002851,JNL002851,CU66701,2025-07-25T17:33:00.000Z,North America,CA,EN,Email,Functionality,Subscription not applied,Jonly Hub Plus,Android,Tier 2,Closed,419,0,1,5,0.87
9002852,JNL002852,CU60457,2025-06-17T08:22:00.000Z,APAC,AU,EN,Phone,Setup,Order not delivered,Jonly Floodlight Max,Other,Tier 1,Closed,1163,1,1,3,0.13
9002853,JNL002853,CU27782,2025-06-17T06:40:00.000Z,North America,CA,EN,Chat,Account,Camera offline,Jonly Secure Subscription,Android,Tier 1,Closed,870,0,1,4,-0.46
9002854,JNL002854,CU24588,2025-07-30T01:24:00.000Z,North America,CA,EN,Phone,Inquiry,Poor night vision,Jonly Floodlight Max,iOS,Tier 1,Closed,1599,1,1,3,-0.09
9002855,JNL002855,CU21037,2025-05-06T13:32:00.000Z,North America,CA,EN,Email,Inquiry,Video not loading,Jonly Hub Plus,iOS,Tier 1,Closed,1029,0,0,3,0.12
9002856,JNL002856,CU77434,2025-06-20T19:59:00.000Z,North America,CA,EN,Chat,Functionality,Poor night vision,Jonly Hub Mini,Android,Tier 1,In Progress,751,1,1,4,1.0
9002857,JNL002857,CU90590,2025-05-15T12:56:00.000Z,North America,CA,EN,Web Form,Shipping,Video not loading,Jonly Secure Subscription,iOS,Tier 1,Closed,538,0,1,5,0.99
9002858,JNL002858,CU93538,2025-07-08T18:25:00.000Z,North America,US,EN,Chat,Inquiry,Cannot login to app,Jonly Doorbell Pro,iOS,Tier 2,Closed,1050,0,1,2,-0.87
9002859,JNL002859,CU53958,2025-06-16T12:32:00.000Z,North America,CA,FR,Community,Shipping,Laggy live view,Jonly Cam Outdoor,iOS,Tier 1,Closed,181,0,1,5,1.0
9002860,JNL002860,CU51455,2025-05-25T06:18:00.000Z,North America,US,EN,Web Form,Billing,Laggy live view,Jonly Cam Indoor,iOS,Tier 1,Closed,419,1,1,1,-1.0
9002861,JNL002861,CU43268,2025-07-02T10:44:00.000Z,APAC,SG,EN,Phone,Account,Camera offline,Jonly Secure Subscription,Android,Tier 1,Escalated,816,1,1,1,-0.8
9002862,JNL002862,CU34775,2025-06-24T17:39:00.000Z,North America,CA,EN,Chat,Connectivity,No motion alerts,Jonly Cam Indoor,Android,Tier 1,In Progress,1561,0,1,2,-0.46
9002863,JNL002863,CU19305,2025-07-14T02:07:00.000Z,APAC,NZ,EN,Chat,Functionality,Video not loading,Jonly Floodlight Max,Android,Tier 1,Closed,579,0,1,5,0.72
9002864,JNL002864,CU28442,2025-07-04T03:59:00.000Z,North America,US,EN,Email,Connectivity,Device will not pair,Jonly Cam Outdoor,Web,Tier 2,In Progress,796,1,1,3,0.09
9002865,JNL002865,CU48107,2025-07-24T07:41:00.000Z,APAC,AU,EN,Web Form,Connectivity,No motion alerts,Jonly Hub Plus,Web,Tier 2,Closed,526,0,1,4,0.45
9002866,JNL002866,CU92541,2025-06-02T17:38:00.000Z,North America,US,FR,Phone,Billing,Device will not pair,Jonly Floodlight Max,iOS,Tier 1,Closed,1233,1,1,5,1.0
9002867,JNL002867,CU67363,2025-05-09T16:37:00.000Z,North America,CA,EN,Web Form,Functionality,Laggy live view,Jonly Cam Outdoor,Other,Tier 1,Closed,928,0,1,3,-0.17
9002868,JNL002868,CU59525,2025-06-11T15:32:00.000Z,APAC,SG,EN,Email,Account,Doorbell not ringing,Jonly Hub Mini,Web,Escalation,In Progress,893,1,1,1,-0.88
9002869,JNL002869,CU43061,2025-07-25T12:25:00.000Z,APAC,NZ,DE,Web Form,Inquiry,Cannot login to app,Jonly Doorbell Pro,Android,Tier 1,Escalated,479,0,1,5,1.0
9002870,JNL002870,CU65215,2025-06-01T16:04:00.000Z,North America,US,EN,Chat,Inquiry,Two-factor issues,Jonly Hub Plus,Web,Tier 1,Closed,1166,1,1,5,1.0
9002871,JNL002871,CU89859,2025-06-24T11:47:00.000Z,Europe,NL,EN,Chat,Setup,Doorbell not ringing,Jonly Floodlight Max,Web,Tier 1,Closed,1019,1,1,5,0.54
9002872,JNL002872,CU98149,2025-05-07T17:21:00.000Z,North America,CA,EN,Phone,Billing,No motion alerts,Jonly Hub Plus,Android,Tier 2,Closed,1294,1,1,5,0.71
9002873,JNL002873,CU91139,2025-07-11T11:58:00.000Z,Europe,FR,EN,Email,Inquiry,False motion alerts,Jonly Doorbell Pro,iOS,Tier 2,Closed,1090,0,1,1,-1.0
9002874,JNL002874,CU27563,2025-05-26T12:49:00.000Z,North America,US,EN,Chat,Account,False motion alerts,Jonly Hub Plus,Android,Tier 1,Closed,551,1,1,5,1.0
9002875,JNL002875,CU71734,2025-07-07T16:07:00.000Z,APAC,SG,EN,Phone,Connectivity,False motion alerts,Jonly Hub Plus,iOS,Tier 1,Escalated,1623,0,1,3,-0.36
9002876,JNL002876,CU27515,2025-06-16T07:03:00.000Z,North America,CA,EN,Web Form,Functionality,False motion alerts,Jonly Hub Mini,Android,Tier 2,Closed,876,0,1,4,0.41
9002877,JNL002877,CU86221,2025-06-23T14:54:00.000Z,North America,CA,EN,Email,Billing,Two-factor issues,Jonly Hub Mini,iOS,Tier 2,Closed,975,0,1,3,-0.3
9002878,JNL002878,CU97725,2025-05-16T21:11:00.000Z,Europe,NL,EN,Chat,Inquiry,Poor night vision,Jonly Hub Mini,iOS,Tier 1,Closed,782,0,1,5,0.78
9002879,JNL002879,CU65477,2025-06-11T01:52:00.000Z,Europe,GB,EN,Community,Connectivity,Camera offline,Jonly Secure Subscription,Other,Tier 1,Closed,1041,0,1,4,1.0
9002880,JNL002880,CU13560,2025-05-19T01:16:00.000Z,North America,US,EN,Phone,Account,Wrong item received,Jonly Cam Outdoor,Web,Tier 2,Closed,1485,0,1,3,-0.32
9002881,JNL002881,CU86799,2025-07-02T14:19:00.000Z,Europe,FR,NL,Community,Setup,Charged twice,Jonly Hub Plus,Other,Tier 1,Closed,765,0,1,3,0.16
9002882,JNL002882,CU55882,2025-07-15T21:24:00.000Z,Europe,FR,EN,Chat,Setup,Wrong item received,Jonly Doorbell Pro,iOS,Tier 1,Closed,939,0,1,2,0.15
9002883,JNL002883,CU62704,2025-05-21T02:41:00.000Z,Europe,GB,DE,Chat,Billing,False motion alerts,Jonly Cam Outdoor,Android,Escalation,Closed,1322,0,1,5,0.99
9002884,JNL002884,CU10864,2025-05-23T12:03:00.000Z,North America,CA,DE,Email,Account,Doorbell not ringing,Jonly Cam Indoor,Android,Tier 1,Closed,906,0,1,5,1.0
9002885,JNL002885,CU32176,2025-07-24T17:18:00.000Z,Europe,DE,EN,Chat,Connectivity,Laggy live view,Jonly Hub Plus,Android,Tier 1,Closed,332,0,1,4,0.21
9002886,JNL002886,CU74049,2025-05-27T22:32:00.000Z,North America,US,EN,Phone,Billing,No motion alerts,Jonly Doorbell Pro,Web,Tier 1,Closed,1296,2,1,3,0.12
9002887,JNL002887,CU48793,2025-05-29T01:39:00.000Z,North America,CA,DE,Email,Billing,No motion alerts,Jonly Floodlight Max,iOS,Tier 1,Closed,609,0,0,3,-0.07
9002888,JNL002888,CU56105,2025-06-07T04:14:00.000Z,North America,US,EN,Web Form,Functionality,Camera offline,Jonly Hub Mini,Android,Tier 1,Closed,525,2,0,3,0.64
9002889,JNL002889,CU16415,2025-05-08T22:06:00.000Z,Europe,FR,EN,Chat,Inquiry,Device will not pair,Jonly Secure Subscription,iOS,Tier 1,Closed,1104,1,1,5,0.23
9002890,JNL002890,CU40676,2025-07-12T20:50:00.000Z,Europe,FR,DE,Phone,Setup,Video not loading,Jonly Floodlight Max,iOS,Tier 1,Closed,1523,0,1,3,-0.27
9002891,JNL002891,CU63807,2025-05-08T20:33:00.000Z,Europe,FR,EN,Email,Functionality,Audio one-way only,Jonly Hub Mini,iOS,Tier 1,Closed,1489,0,1,3,-0.03
9002892,JNL002892,CU27189,2025-05-29T05:49:00.000Z,North America,CA,EN,Chat,Inquiry,False motion alerts,Jonly Hub Mini,Android,Tier 1,Closed,630,0,1,5,1.0
9002893,JNL002893,CU13478,2025-07-18T18:45:00.000Z,Europe,FR,EN,Phone,Inquiry,Order not delivered,Jonly Cam Indoor,iOS,Tier 1,Closed,1546,0,1,3,0.12
9002894,JNL002894,CU38131,2025-07-30T12:39:00.000Z,North America,CA,EN,Phone,Inquiry,Order not delivered,Jonly Cam Outdoor,Web,Tier 1,Closed,1030,0,1,4,0.31
9002895,JNL002895,CU59970,2025-07-05T04:47:00.000Z,North America,CA,EN,Chat,Setup,False motion alerts,Jonly Doorbell Pro,Android,Tier 1,Closed,1419,1,1,4,0.4
9002896,JNL002896,CU60633,2025-05-26T21:34:00.000Z,Europe,FR,EN,Phone,Connectivity,Doorbell not ringing,Jonly Hub Plus,iOS,Tier 1,In Progress,1160,0,1,5,1.0
9002897,JNL002897,CU17326,2025-05-01T13:44:00.000Z,APAC,NZ,FR,Web Form,Connectivity,Charged twice,Jonly Hub Mini,Android,Tier 2,Closed,1278,2,1,2,-0.4
9002898,JNL002898,CU84830,2025-05-12T13:41:00.000Z,North America,CA,EN,Chat,Account,Video not loading,Jonly Floodlight Max,iOS,Tier 1,Closed,1351,0,1,2,-0.44
9002899,JNL002899,CU93684,2025-06-12T03:17:00.000Z,North America,US,EN,Web Form,Inquiry,Poor night vision,Jonly Floodlight Max,iOS,Escalation,In Progress,434,1,1,5,0.97
9002900,JNL002900,CU34327,2025-05-08T17:23:00.000Z,North America,CA,EN,Phone,Billing,Audio one-way only,Jonly Floodlight Max,Android,Tier 1,Closed,631,1,1,5,0.94
9002901,JNL002901,CU10784,2025-06-06T01:37:00.000Z,North America,US,EN,Phone,Shipping,Two-factor issues,Jonly Hub Mini,iOS,Tier 1,Closed,1423,0,1,5,1.0
9002902,JNL002902,CU10742,2025-05-06T14:41:00.000Z,North America,CA,EN,Chat,Inquiry,Device will not pair,Jonly Hub Plus,Other,Tier 1,Closed,942,1,0,5,1.0
9002903,JNL002903,CU33667,2025-07-11T15:11:00.000Z,North America,CA,EN,Phone,Billing,Poor night vision,Jonly Hub Mini,Android,Tier 1,Closed,1495,0,1,2,-0.05
9002904,JNL002904,CU67041,2025-06-28T13:26:00.000Z,North America,US,EN,Phone,Functionality,Camera offline,Jonly Floodlight Max,Android,Tier 1,Closed,1472,0,1,5,0.24
9002905,JNL002905,CU46273,2025-07-09T07:29:00.000Z,Europe,NL,EN,Phone,Connectivity,Camera offline,Jonly Cam Indoor,Web,Tier 1,Closed,1120,0,1,5,1.0
9002906,JNL002906,CU58405,2025-05-18T17:21:00.000Z,North America,CA,DE,Phone,Billing,Order not delivered,Jonly Cam Indoor,Android,Tier 2,Closed,1215,0,1,5,1.0
9002907,JNL002907,CU70497,2025-06-13T08:16:00.000Z,North America,CA,EN,Email,Inquiry,Video not loading,Jonly Secure Subscription,iOS,Tier 1,Closed,515,0,1,4,0.47
9002908,JNL002908,CU46766,2025-05-15T17:34:00.000Z,North America,US,EN,Web Form,Setup,Audio one-way only,Jonly Hub Plus,iOS,Tier 1,In Progress,450,1,1,5,0.83
9002909,JNL002909,CU63692,2025-06-07T00:15:00.000Z,North America,CA,EN,Phone,Inquiry,Charged twice,Jonly Hub Mini,Web,Tier 1,Closed,942,1,1,5,0.79
9002910,JNL002910,CU51845,2025-07-19T23:06:00.000Z,APAC,AU,EN,Phone,Setup,Doorbell not ringing,Jonly Hub Plus,Android,Tier 1,Closed,1382,0,1,4,-0.39
9002911,JNL002911,CU92463,2025-06-12T05:46:00.000Z,Europe,NL,EN,Chat,Inquiry,Device will not pair,Jonly Floodlight Max,Web,Tier 2,Closed,1561,0,1,2,-0.96
9002912,JNL002912,CU41358,2025-07-24T17:32:00.000Z,Europe,GB,FR,Phone,Billing,Device will not pair,Jonly Hub Plus,iOS,Tier 1,Closed,718,0,1,4,0.28
9002913,JNL002913,CU77039,2025-07-28T11:43:00.000Z,Europe,DE,EN,Web Form,Inquiry,Poor night vision,Jonly Floodlight Max,Android,Tier 2,Closed,394,0,0,3,0.16
9002914,JNL002914,CU16227,2025-05-31T04:30:00.000Z,North America,CA,DE,Phone,Setup,Subscription not applied,Jonly Cam Outdoor,iOS,Tier 2,Closed,1045,1,1,4,0.63
9002915,JNL002915,CU33460,2025-05-14T20:33:00.000Z,North America,CA,EN,Phone,Account,No motion alerts,Jonly Cam Indoor,iOS,Escalation,Closed,1287,0,1,4,0.3
9002916,JNL002916,CU48971,2025-06-02T02:33:00.000Z,Europe,FR,EN,Email,Billing,Subscription not applied,Jonly Cam Outdoor,Android,Escalation,Closed,1066,1,1,5,1.0
9002917,JNL002917,CU30909,2025-05-16T06:05:00.000Z,APAC,NZ,EN,Chat,Account,Charged twice,Jonly Hub Plus,Android,Escalation,Closed,574,0,0,4,0.89
9002918,JNL002918,CU91757,2025-07-14T23:15:00.000Z,APAC,AU,EN,Chat,Inquiry,False motion alerts,Jonly Cam Indoor,iOS,Tier 1,Closed,699,1,1,5,1.0
9002919,JNL002919,CU98091,2025-07-05T06:12:00.000Z,North America,CA,EN,Phone,Functionality,Order not delivered,Jonly Floodlight Max,Other,Tier 1,Closed,1347,0,1,5,0.33
9002920,JNL002920,CU47701,2025-05-12T20:40:00.000Z,Europe,DE,EN,Phone,Billing,Laggy live view,Jonly Cam Indoor,iOS,Escalation,Closed,1056,0,1,1,-0.92
9002921,JNL002921,CU57326,2025-05-22T00:44:00.000Z,North America,CA,EN,Phone,Connectivity,Device will not pair,Jonly Doorbell Pro,Android,Tier 1,Closed,889,0,0,3,0.47
9002922,JNL002922,CU41814,2025-07-14T14:27:00.000Z,North America,CA,DE,Phone,Inquiry,Charged twice,Jonly Floodlight Max,Android,Tier 2,Closed,976,0,1,5,1.0
9002923,JNL002923,CU47394,2025-06-01T10:47:00.000Z,North America,US,EN,Email,Connectivity,Camera offline,Jonly Cam Indoor,Web,Tier 1,Closed,930,0,1,1,-1.0
9002924,JNL002924,CU30595,2025-07-23T15:24:00.000Z,Europe,NL,DE,Email,Billing,False motion alerts,Jonly Secure Subscription,Android,Tier 1,Closed,615,1,1,4,0.12
9002925,JNL002925,CU82006,2025-07-09T04:25:00.000Z,North America,CA,EN,Phone,Functionality,False motion alerts,Jonly Cam Outdoor,Android,Tier 2,Closed,1332,0,1,5,1.0
9002926,JNL002926,CU25498,2025-06-24T18:23:00.000Z,North America,CA,DE,Phone,Functionality,Charged twice,Jonly Floodlight Max,iOS,Tier 2,Closed,785,0,1,2,-0.63
9002927,JNL002927,CU77133,2025-05-06T22:50:00.000Z,North America,CA,EN,Phone,Functionality,Order not delivered,Jonly Doorbell Pro,Android,Tier 1,Closed,811,0,1,2,-0.13
9002928,JNL002928,CU83296,2025-07-17T04:59:00.000Z,Europe,GB,EN,Email,Functionality,Device will not pair,Jonly Doorbell Pro,Android,Escalation,Closed,1022,0,1,5,1.0
9002929,JNL002929,CU76603,2025-07-17T11:10:00.000Z,Europe,GB,FR,Phone,Functionality,Device will not pair,Jonly Floodlight Max,Android,Tier 1,Closed,1081,0,1,4,0.75
9002930,JNL002930,CU33108,2025-06-25T17:01:00.000Z,North America,US,NL,Phone,Connectivity,False motion alerts,Jonly Doorbell Pro,iOS,Escalation,Closed,1223,0,1,1,-0.68
9002931,JNL002931,CU19888,2025-06-01T23:42:00.000Z,North America,US,EN,Chat,Functionality,Camera offline,Jonly Cam Indoor,Web,Tier 1,Closed,1354,1,1,3,-0.58
9002932,JNL002932,CU70565,2025-07-20T01:45:00.000Z,Europe,DE,DE,Phone,Functionality,Audio one-way only,Jonly Hub Plus,Web,Tier 1,In Progress,1443,0,1,4,0.56
9002933,JNL002933,CU89478,2025-07-13T08:34:00.000Z,APAC,AU,EN,Chat,Setup,Two-factor issues,Jonly Floodlight Max,Web,Tier 1,Closed,534,0,1,1,-1.0
9002934,JNL002934,CU59573,2025-06-12T22:04:00.000Z,APAC,SG,EN,Chat,Connectivity,Video not loading,Jonly Hub Plus,Web,Tier 1,Closed,964,0,1,2,-0.16
9002935,JNL002935,CU41258,2025-05-26T14:04:00.000Z,Europe,DE,EN,Email,Inquiry,Two-factor issues,Jonly Hub Plus,iOS,Tier 2,In Progress,1021,0,1,5,0.34
9002936,JNL002936,CU23318,2025-05-30T09:21:00.000Z,North America,CA,EN,Phone,Account,Device will not pair,Jonly Doorbell Pro,iOS,Tier 1,Closed,2118,0,1,4,-0.07
9002937,JNL002937,CU13805,2025-06-22T17:05:00.000Z,Europe,DE,EN,Phone,Billing,Doorbell not ringing,Jonly Secure Subscription,iOS,Tier 1,Closed,1183,1,1,3,0.9
9002938,JNL002938,CU93764,2025-05-08T00:42:00.000Z,North America,US,NL,Email,Inquiry,Device will not pair,Jonly Hub Mini,iOS,Tier 1,Closed,527,0,1,3,0.09
9002939,JNL002939,CU27520,2025-06-23T16:49:00.000Z,APAC,NZ,EN,Phone,Inquiry,Charged twice,Jonly Secure Subscription,iOS,Tier 1,Closed,968,0,1,3,-0.16
9002940,JNL002940,CU37573,2025-05-11T05:17:00.000Z,Europe,DE,DE,Chat,Connectivity,Wrong item received,Jonly Hub Plus,Android,Tier 1,Closed,666,0,1,1,-0.92
9002941,JNL002941,CU65760,2025-07-03T06:39:00.000Z,Europe,GB,EN,Phone,Connectivity,Cannot login to app,Jonly Hub Plus,Other,Escalation,Closed,386,0,1,3,0.54
9002942,JNL002942,CU29723,2025-05-29T17:42:00.000Z,North America,CA,EN,Email,Account,Wrong item received,Jonly Hub Mini,iOS,Tier 1,Closed,1277,0,1,5,0.89
9002943,JNL002943,CU18032,2025-07-04T18:18:00.000Z,Europe,GB,DE,Phone,Inquiry,Two-factor issues,Jonly Hub Mini,Android,Tier 1,Closed,1469,1,0,1,-0.49
9002944,JNL002944,CU95788,2025-07-14T01:24:00.000Z,North America,CA,EN,Phone,Connectivity,Poor night vision,Jonly Hub Mini,Other,Tier 1,Closed,1780,2,1,1,-0.98
9002945,JNL002945,CU78504,2025-07-28T13:29:00.000Z,Europe,FR,EN,Chat,Functionality,Subscription not applied,Jonly Doorbell Pro,iOS,Tier 1,In Progress,1019,1,1,4,-0.03
9002946,JNL002946,CU22439,2025-05-17T14:22:00.000Z,Europe,GB,EN,Email,Functionality,Doorbell not ringing,Jonly Hub Mini,iOS,Tier 1,Closed,454,1,1,5,0.77
9002947,JNL002947,CU45714,2025-07-30T15:39:00.000Z,North America,US,EN,Email,Inquiry,Device will not pair,Jonly Doorbell Pro,iOS,Tier 1,Closed,1205,2,1,3,0.44
9002948,JNL002948,CU20226,2025-06-04T09:05:00.000Z,APAC,SG,EN,Phone,Connectivity,Order not delivered,Jonly Cam Indoor,iOS,Tier 1,Closed,583,0,1,2,-0.53
9002949,JNL002949,CU51945,2025-05-05T17:05:00.000Z,Europe,FR,FR,Chat,Functionality,Device will not pair,Jonly Hub Plus,iOS,Tier 1,Closed,1132,0,1,1,-0.82
9002950,JNL002950,CU44015,2025-05-20T03:29:00.000Z,North America,US,EN,Chat,Inquiry,Device will not pair,Jonly Hub Plus,Web,Escalation,Escalated,1251,1,1,3,0.13
9002951,JNL002951,CU87925,2025-07-15T12:47:00.000Z,North America,CA,DE,Phone,Account,Audio one-way only,Jonly Doorbell Pro,Android,Tier 1,Closed,822,0,1,4,0.64
9002952,JNL002952,CU74009,2025-05-28T00:02:00.000Z,Europe,DE,DE,Chat,Connectivity,Device will not pair,Jonly Cam Outdoor,iOS,Tier 1,Closed,1432,0,1,2,-0.02
9002953,JNL002953,CU80904,2025-06-14T10:43:00.000Z,North America,US,EN,Phone,Billing,False motion alerts,Jonly Cam Indoor,Web,Tier 1,Closed,1000,0,1,3,-0.59
9002954,JNL002954,CU46060,2025-06-13T17:32:00.000Z,North America,CA,EN,Phone,Account,Doorbell not ringing,Jonly Cam Outdoor,iOS,Tier 1,Closed,1024,0,1,2,-0.43
9002955,JNL002955,CU46188,2025-07-17T23:21:00.000Z,Europe,GB,EN,Chat,Functionality,Cannot login to app,Jonly Cam Indoor,iOS,Tier 1,Closed,180,0,1,4,0.12
9002956,JNL002956,CU20531,2025-06-02T09:21:00.000Z,APAC,SG,DE,Web Form,Inquiry,Charged twice,Jonly Cam Indoor,iOS,Tier 1,Closed,648,0,1,4,0.33
9002957,JNL002957,CU79792,2025-07-23T03:58:00.000Z,North America,US,NL,Email,Inquiry,Cannot login to app,Jonly Secure Subscription,iOS,Tier 1,Closed,1133,0,1,2,-0.55
9002958,JNL002958,CU80192,2025-07-30T09:03:00.000Z,North America,CA,EN,Phone,Inquiry,Laggy live view,Jonly Hub Plus,iOS,Tier 1,Closed,1183,0,1,3,0.4
9002959,JNL002959,CU28628,2025-05-18T15:47:00.000Z,North America,CA,EN,Phone,Account,Device will not pair,Jonly Secure Subscription,iOS,Tier 1,Closed,359,0,1,3,-0.23
9002960,JNL002960,CU58996,2025-05-09T00:29:00.000Z,Europe,FR,EN,Phone,Connectivity,Two-factor issues,Jonly Hub Mini,iOS,Tier 1,Closed,908,0,1,1,-1.0
9002961,JNL002961,CU70671,2025-07-08T13:14:00.000Z,North America,CA,EN,Chat,Connectivity,Camera offline,Jonly Doorbell Pro,Web,Tier 1,In Progress,806,1,1,2,0.31
9002962,JNL002962,CU25494,2025-06-17T18:57:00.000Z,APAC,SG,EN,Chat,Connectivity,Laggy live view,Jonly Cam Indoor,Android,Tier 2,Closed,877,1,0,3,-0.62
9002963,JNL002963,CU45582,2025-06-20T22:31:00.000Z,Europe,NL,EN,Chat,Connectivity,Wrong item received,Jonly Cam Indoor,Web,Tier 1,Closed,741,0,0,4,0.48
9002964,JNL002964,CU91512,2025-07-18T12:03:00.000Z,North America,CA,EN,Chat,Account,Subscription not applied,Jonly Secure Subscription,Android,Tier 2,Closed,267,0,1,4,0.73
9002965,JNL002965,CU54611,2025-05-16T14:10:00.000Z,North America,CA,FR,Phone,Functionality,Camera offline,Jonly Hub Mini,Web,Tier 1,Closed,1647,1,1,5,1.0
9002966,JNL002966,CU51305,2025-05-29T23:18:00.000Z,Europe,FR,FR,Phone,Connectivity,Video not loading,Jonly Hub Mini,Android,Tier 1,Escalated,1199,2,1,4,-0.33
9002967,JNL002967,CU81266,2025-06-23T15:31:00.000Z,North America,US,DE,Phone,Inquiry,Order not delivered,Jonly Cam Indoor,iOS,Tier 1,Closed,1399,0,0,5,1.0
9002968,JNL002968,CU57266,2025-06-04T18:11:00.000Z,APAC,SG,EN,Phone,Inquiry,Order not delivered,Jonly Secure Subscription,Android,Tier 2,Closed,1021,0,1,4,0.83
9002969,JNL002969,CU82735,2025-05-06T02:50:00.000Z,North America,US,EN,Chat,Connectivity,Order not delivered,Jonly Cam Indoor,Android,Tier 1,In Progress,1137,2,1,4,0.51
9002970,JNL002970,CU67739,2025-05-09T08:20:00.000Z,North America,US,EN,Chat,Billing,Audio one-way only,Jonly Cam Indoor,Android,Tier 2,Escalated,543,0,1,4,0.93
9002971,JNL002971,CU69586,2025-05-24T21:19:00.000Z,APAC,SG,DE,Phone,Functionality,Two-factor issues,Jonly Cam Indoor,Android,Tier 1,Closed,1784,0,1,5,1.0
9002972,JNL002972,CU27337,2025-06-18T17:18:00.000Z,North America,US,FR,Chat,Connectivity,Camera offline,Jonly Hub Mini,Android,Tier 2,Closed,1614,0,1,4,0.7
9002973,JNL002973,CU17864,2025-05-14T20:27:00.000Z,APAC,SG,EN,Email,Setup,Laggy live view,Jonly Hub Plus,iOS,Tier 1,Closed,1180,0,1,3,0.1
9002974,JNL002974,CU80272,2025-05-10T11:07:00.000Z,North America,CA,EN,Chat,Inquiry,Video not loading,Jonly Secure Subscription,iOS,Tier 1,Closed,289,0,1,5,0.67
9002975,JNL002975,CU30274,2025-06-06T22:22:00.000Z,North America,US,EN,Phone,Connectivity,Video not loading,Jonly Secure Subscription,Android,Tier 1,Closed,1678,1,1,5,0.81
9002976,JNL002976,CU85672,2025-06-07T01:40:00.000Z,North America,CA,FR,Phone,Connectivity,Order not delivered,Jonly Cam Indoor,Android,Tier 1,Closed,180,1,1,5,0.56
9002977,JNL002977,CU78050,2025-07-31T23:58:00.000Z,North America,US,EN,Phone,Account,Cannot login to app,Jonly Floodlight Max,Android,Tier 1,Closed,978,0,1,4,0.12
9002978,JNL002978,CU58172,2025-05-23T05:37:00.000Z,North America,US,EN,Phone,Billing,Video not loading,Jonly Doorbell Pro,iOS,Tier 1,Closed,796,2,1,4,0.95
9002979,JNL002979,CU33708,2025-07-22T07:26:00.000Z,North America,CA,EN,Chat,Inquiry,Wrong item received,Jonly Hub Mini,iOS,Tier 1,Closed,1256,0,1,2,-0.49
9002980,JNL002980,CU59496,2025-07-29T21:00:00.000Z,North America,CA,EN,Phone,Inquiry,Subscription not applied,Jonly Cam Indoor,Android,Escalation,Closed,1557,0,1,4,0.19
9002981,JNL002981,CU74107,2025-07-22T04:41:00.000Z,North America,US,FR,Chat,Inquiry,Cannot login to app,Jonly Hub Mini,Android,Tier 1,Closed,427,1,1,5,0.84
9002982,JNL002982,CU41210,2025-07-24T05:21:00.000Z,APAC,SG,EN,Phone,Billing,Subscription not applied,Jonly Doorbell Pro,iOS,Tier 1,Closed,1362,0,1,3,-0.08
9002983,JNL002983,CU52954,2025-07-25T21:24:00.000Z,Europe,NL,EN,Web Form,Inquiry,Device will not pair,Jonly Floodlight Max,Other,Tier 1,Closed,1097,0,1,4,0.55
9002984,JNL002984,CU92989,2025-05-27T03:29:00.000Z,APAC,NZ,EN,Phone,Connectivity,Two-factor issues,Jonly Hub Mini,Web,Tier 2,Closed,1743,1,1,5,1.0
9002985,JNL002985,CU60329,2025-07-24T09:25:00.000Z,Europe,DE,EN,Chat,Connectivity,Two-factor issues,Jonly Cam Outdoor,Android,Escalation,In Progress,1103,0,1,2,0.25
9002986,JNL002986,CU20151,2025-05-02T10:01:00.000Z,North America,CA,DE,Phone,Inquiry,Audio one-way only,Jonly Cam Outdoor,Other,Escalation,Closed,1595,0,1,3,-0.24
9002987,JNL002987,CU84175,2025-05-12T20:36:00.000Z,North America,US,EN,Phone,Account,Video not loading,Jonly Cam Indoor,iOS,Tier 1,In Progress,989,0,1,3,0.48
9002988,JNL002988,CU20455,2025-05-19T03:51:00.000Z,North America,CA,EN,Email,Inquiry,Subscription not applied,Jonly Cam Outdoor,iOS,Escalation,Closed,894,0,1,4,0.79
9002989,JNL002989,CU68656,2025-06-03T09:13:00.000Z,Europe,DE,FR,Phone,Billing,Order not delivered,Jonly Cam Indoor,Android,Tier 1,Escalated,1097,0,1,5,0.81
9002990,JNL002990,CU86568,2025-07-26T06:38:00.000Z,North America,US,EN,Phone,Inquiry,Camera offline,Jonly Cam Outdoor,Android,Tier 1,Closed,1169,0,1,1,-0.94
9002991,JNL002991,CU30631,2025-05-07T08:23:00.000Z,Europe,GB,NL,Phone,Functionality,Laggy live view,Jonly Doorbell Pro,Web,Tier 1,Escalated,621,1,1,4,0.32
9002992,JNL002992,CU21975,2025-06-23T07:28:00.000Z,Europe,FR,EN,Phone,Billing,Wrong item received,Jonly Secure Subscription,iOS,Tier 1,Closed,1471,0,1,4,0.93
9002993,JNL002993,CU49994,2025-05-11T02:43:00.000Z,North America,US,DE,Chat,Inquiry,Order not delivered,Jonly Floodlight Max,Android,Tier 1,Closed,1008,0,1,3,0.3
9002994,JNL002994,CU12021,2025-05-31T16:28:00.000Z,APAC,AU,EN,Email,Connectivity,Video not loading,Jonly Secure Subscription,Web,Tier 1,Escalated,1284,1,1,2,0.06
9002995,JNL002995,CU17480,2025-07-06T14:56:00.000Z,North America,US,EN,Phone,Billing,Device will not pair,Jonly Secure Subscription,Android,Tier 1,Closed,593,0,1,5,1.0
9002996,JNL002996,CU68205,2025-07-02T09:50:00.000Z,Europe,NL,FR,Phone,Functionality,Wrong item received,Jonly Cam Outdoor,Android,Tier 2,Closed,1906,0,1,3,-0.42
9002997,JNL002997,CU65524,2025-05-19T07:17:00.000Z,Europe,GB,DE,Phone,Functionality,Wrong item received,Jonly Hub Plus,Web,Tier 2,Closed,1856,1,1,5,0.64
9002998,JNL002998,CU33855,2025-05-15T07:39:00.000Z,Europe,FR,FR,Chat,Inquiry,No motion alerts,Jonly Hub Mini,Android,Tier 1,Closed,1004,0,0,5,1.0
9002999,JNL002999,CU96962,2025-06-14T09:24:00.000Z,North America,US,FR,Phone,Connectivity,Device will not pair,Jonly Hub Plus,iOS,Tier 1,Closed,1643,0,0,5,0.91
9003000,JNL003000,CU99810,2025-07-02T10:12:00.000Z,Europe,DE,EN,Phone,Setup,False motion alerts,Jonly Secure Subscription,iOS,Tier 1,Closed,1554,0,1,4,0.51
9003001,JNL003001,CU34540,2025-05-22T06:59:00.000Z,APAC,SG,EN,Chat,Inquiry,Laggy live view,Jonly Floodlight Max,iOS,Tier 1,Closed,783,1,1,1,-0.81
9003002,JNL003002,CU16454,2025-07-23T07:53:00.000Z,North America,US,EN,Phone,Connectivity,Subscription not applied,Jonly Floodlight Max,Other,Tier 1,Closed,1105,1,1,4,0.09
9003003,JNL003003,CU55126,2025-05-16T17:31:00.000Z,North America,US,EN,Phone,Inquiry,Subscription not applied,Jonly Floodlight Max,iOS,Tier 1,Closed,933,0,1,4,0.3
9003004,JNL003004,CU61195,2025-06-26T16:58:00.000Z,APAC,SG,EN,Phone,Setup,Video not loading,Jonly Secure Subscription,iOS,Tier 1,Closed,1445,1,1,1,-0.81
9003005,JNL003005,CU27977,2025-06-20T23:05:00.000Z,APAC,AU,EN,Chat,Setup,Doorbell not ringing,Jonly Floodlight Max,Other,Tier 2,Closed,1145,1,1,1,-0.43
9003006,JNL003006,CU56951,2025-06-26T11:37:00.000Z,North America,CA,EN,Chat,Inquiry,Doorbell not ringing,Jonly Floodlight Max,Android,Tier 1,Closed,1011,0,1,4,0.39
9003007,JNL003007,CU84371,2025-05-08T11:55:00.000Z,Europe,DE,FR,Phone,Setup,Camera offline,Jonly Cam Indoor,Web,Tier 1,In Progress,1826,0,1,4,0.7
9003008,JNL003008,CU45774,2025-06-05T11:59:00.000Z,North America,US,EN,Phone,Inquiry,False motion alerts,Jonly Cam Outdoor,iOS,Tier 1,Closed,735,1,1,5,0.28
9003009,JNL003009,CU96581,2025-05-29T17:47:00.000Z,Europe,FR,EN,Phone,Inquiry,Cannot login to app,Jonly Hub Mini,Web,Tier 2,Closed,747,0,0,4,0.27
9003010,JNL003010,CU58389,2025-07-08T14:13:00.000Z,North America,US,EN,Phone,Setup,False motion alerts,Jonly Hub Mini,iOS,Tier 1,Closed,1149,0,1,3,-0.11
9003011,JNL003011,CU47208,2025-07-13T14:09:00.000Z,Europe,DE,EN,Email,Inquiry,Video not loading,Jonly Secure Subscription,iOS,Escalation,Closed,761,0,1,3,-0.12
9003012,JNL003012,CU55524,2025-05-30T06:05:00.000Z,North America,US,DE,Phone,Setup,Camera offline,Jonly Secure Subscription,Web,Tier 2,Closed,697,2,1,2,-0.2
9003013,JNL003013,CU64243,2025-06-25T21:33:00.000Z,Europe,GB,EN,Phone,Connectivity,Wrong item received,Jonly Cam Outdoor,Android,Tier 1,Closed,1002,1,1,5,1.0
9003014,JNL003014,CU62303,2025-05-29T02:22:00.000Z,Europe,FR,EN,Phone,Billing,Camera offline,Jonly Secure Subscription,Android,Tier 1,Closed,1566,1,1,3,0.3
9003015,JNL003015,CU24034,2025-06-18T19:59:00.000Z,North America,CA,EN,Web Form,Inquiry,False motion alerts,Jonly Cam Outdoor,Web,Escalation,Closed,1131,0,1,3,0.77
9003016,JNL003016,CU37833,2025-05-31T05:32:00.000Z,Europe,FR,EN,Web Form,Functionality,Order not delivered,Jonly Secure Subscription,iOS,Tier 1,Closed,835,0,1,3,-0.42
9003017,JNL003017,CU56018,2025-05-24T09:07:00.000Z,North America,US,EN,Chat,Connectivity,Device will not pair,Jonly Doorbell Pro,iOS,Tier 1,Closed,783,1,1,5,0.68
9003018,JNL003018,CU40930,2025-05-29T10:25:00.000Z,APAC,AU,EN,Phone,Billing,Cannot login to app,Jonly Doorbell Pro,iOS,Tier 2,Closed,1390,1,1,5,0.65
9003019,JNL003019,CU11883,2025-06-16T20:28:00.000Z,North America,CA,EN,Phone,Account,Laggy live view,Jonly Hub Plus,Other,Tier 1,In Progress,706,0,1,4,1.0
9003020,JNL003020,CU39643,2025-06-18T21:05:00.000Z,North America,CA,EN,Email,Billing,Wrong item received,Jonly Hub Plus,Android,Tier 1,Closed,844,0,1,5,1.0
9003021,JNL003021,CU68761,2025-06-24T05:21:00.000Z,Europe,NL,EN,Email,Connectivity,False motion alerts,Jonly Floodlight Max,Other,Tier 2,Closed,435,0,1,3,0.36
9003022,JNL003022,CU87867,2025-05-13T05:09:00.000Z,Europe,FR,FR,Phone,Functionality,Poor night vision,Jonly Hub Plus,iOS,Tier 2,Closed,1045,0,1,4,0.82
9003023,JNL003023,CU18718,2025-06-05T16:31:00.000Z,North America,CA,FR,Email,Shipping,Doorbell not ringing,Jonly Secure Subscription,Android,Tier 1,In Progress,936,0,1,5,0.62
9003024,JNL003024,CU41477,2025-05-21T21:23:00.000Z,North America,US,EN,Phone,Functionality,Video not loading,Jonly Hub Mini,Android,Tier 1,In Progress,1128,0,1,5,0.65
9003025,JNL003025,CU73037,2025-06-29T17:17:00.000Z,Europe,DE,NL,Phone,Connectivity,Video not loading,Jonly Hub Mini,iOS,Escalation,Closed,1561,0,1,4,0.27
9003026,JNL003026,CU61960,2025-07-15T18:07:00.000Z,Europe,FR,EN,Web Form,Inquiry,Two-factor issues,Jonly Cam Outdoor,iOS,Tier 1,Escalated,629,0,0,4,1.0
9003027,JNL003027,CU49978,2025-07-03T13:37:00.000Z,North America,US,EN,Phone,Account,Cannot login to app,Jonly Hub Mini,iOS,Tier 1,Closed,1981,0,1,5,1.0
9003028,JNL003028,CU83671,2025-07-06T13:21:00.000Z,North America,CA,DE,Phone,Setup,Cannot login to app,Jonly Secure Subscription,Web,Escalation,Closed,1457,0,1,5,1.0
9003029,JNL003029,CU26258,2025-05-03T20:20:00.000Z,APAC,NZ,EN,Chat,Connectivity,Video not loading,Jonly Floodlight Max,iOS,Tier 2,Closed,525,0,1,4,0.62
9003030,JNL003030,CU15324,2025-06-23T11:31:00.000Z,Europe,NL,EN,Email,Account,Video not loading,Jonly Hub Mini,Web,Tier 1,Closed,757,0,0,5,0.97
9003031,JNL003031,CU21868,2025-07-18T13:51:00.000Z,Europe,NL,EN,Phone,Connectivity,Camera offline,Jonly Secure Subscription,iOS,Tier 1,Closed,1592,0,1,4,0.37
9003032,JNL003032,CU99734,2025-06-26T19:57:00.000Z,APAC,AU,FR,Chat,Functionality,Camera offline,Jonly Cam Indoor,Other,Tier 1,Closed,1024,0,1,4,0.06
9003033,JNL003033,CU14448,2025-06-10T16:34:00.000Z,North America,CA,FR,Web Form,Setup,Subscription not applied,Jonly Hub Mini,iOS,Tier 1,Escalated,786,0,1,5,1.0
9003034,JNL003034,CU66773,2025-05-18T06:10:00.000Z,North America,US,EN,Phone,Account,Two-factor issues,Jonly Doorbell Pro,iOS,Tier 1,Closed,880,1,1,3,-0.01
9003035,JNL003035,CU44801,2025-05-02T11:42:00.000Z,Europe,FR,EN,Web Form,Setup,Laggy live view,Jonly Cam Indoor,iOS,Tier 2,Closed,1112,0,1,1,-1.0
9003036,JNL003036,CU35976,2025-06-06T17:06:00.000Z,APAC,NZ,EN,Phone,Functionality,Camera offline,Jonly Secure Subscription,Web,Tier 1,Escalated,918,0,1,3,-0.06
9003037,JNL003037,CU49839,2025-05-24T22:45:00.000Z,APAC,NZ,EN,Phone,Connectivity,Video not loading,Jonly Doorbell Pro,iOS,Tier 1,Closed,738,3,1,4,0.43
9003038,JNL003038,CU27202,2025-05-21T04:27:00.000Z,APAC,SG,EN,Chat,Connectivity,Charged twice,Jonly Secure Subscription,iOS,Tier 1,Closed,1031,0,1,1,-1.0
9003039,JNL003039,CU15866,2025-07-12T21:35:00.000Z,North America,US,EN,Phone,Inquiry,Audio one-way only,Jonly Floodlight Max,iOS,Tier 1,Closed,1272,2,1,4,0.89
9003040,JNL003040,CU49292,2025-07-26T12:31:00.000Z,Europe,DE,EN,Chat,Account,Audio one-way only,Jonly Cam Indoor,Android,Tier 1,Closed,713,0,1,4,0.08
9003041,JNL003041,CU83331,2025-06-13T11:40:00.000Z,North America,US,DE,Phone,Functionality,Device will not pair,Jonly Hub Plus,iOS,Tier 1,Closed,1309,1,1,5,1.0
9003042,JNL003042,CU30962,2025-06-04T04:39:00.000Z,North America,CA,EN,Phone,Functionality,Poor night vision,Jonly Doorbell Pro,iOS,Tier 1,Closed,1733,1,1,5,0.44
9003043,JNL003043,CU54185,2025-07-24T03:47:00.000Z,North America,CA,EN,Web Form,Account,Charged twice,Jonly Floodlight Max,iOS,Tier 2,Closed,570,1,1,4,0.74
9003044,JNL003044,CU31380,2025-07-21T11:36:00.000Z,Europe,DE,DE,Phone,Setup,Charged twice,Jonly Hub Plus,iOS,Tier 1,Closed,340,0,1,5,0.67
9003045,JNL003045,CU32709,2025-07-01T09:30:00.000Z,North America,CA,EN,Web Form,Setup,Poor night vision,Jonly Doorbell Pro,Android,Tier 1,Closed,733,2,1,4,0.71
9003046,JNL003046,CU59323,2025-06-25T11:13:00.000Z,North America,US,EN,Chat,Connectivity,Audio one-way only,Jonly Hub Mini,Web,Tier 1,Closed,357,0,1,4,0.69
9003047,JNL003047,CU38401,2025-07-29T10:21:00.000Z,North America,US,EN,Phone,Inquiry,No motion alerts,Jonly Cam Outdoor,Android,Tier 1,Closed,635,1,0,1,-1.0
9003048,JNL003048,CU99582,2025-06-03T00:50:00.000Z,North America,CA,EN,Phone,Connectivity,Wrong item received,Jonly Cam Outdoor,iOS,Tier 1,Closed,1599,1,1,4,0.16
9003049,JNL003049,CU97281,2025-07-21T18:23:00.000Z,APAC,NZ,EN,Phone,Billing,Laggy live view,Jonly Hub Mini,Android,Tier 1,In Progress,1104,0,1,3,0.23
9003050,JNL003050,CU33120,2025-06-19T23:56:00.000Z,Europe,DE,EN,Phone,Account,Wrong item received,Jonly Hub Mini,Android,Tier 1,Closed,632,0,1,4,0.42
9003051,JNL003051,CU18923,2025-05-29T04:28:00.000Z,North America,US,EN,Phone,Account,Device will not pair,Jonly Doorbell Pro,Android,Tier 2,Closed,1387,0,1,3,0.1
9003052,JNL003052,CU44087,2025-07-20T04:27:00.000Z,North America,US,EN,Phone,Account,Charged twice,Jonly Secure Subscription,Android,Tier 1,Closed,527,1,1,3,0.27
9003053,JNL003053,CU36812,2025-06-14T14:03:00.000Z,Europe,GB,EN,Phone,Setup,Subscription not applied,Jonly Floodlight Max,iOS,Tier 1,Closed,349,0,1,2,-0.81
9003054,JNL003054,CU97842,2025-05-10T22:17:00.000Z,Europe,DE,EN,Phone,Account,Subscription not applied,Jonly Cam Outdoor,iOS,Tier 1,Closed,1145,0,1,5,0.92
9003055,JNL003055,CU61186,2025-05-25T13:47:00.000Z,Europe,NL,DE,Chat,Billing,Laggy live view,Jonly Hub Plus,Web,Tier 1,Escalated,933,0,1,4,0.51
9003056,JNL003056,CU38783,2025-06-12T14:15:00.000Z,North America,CA,FR,Chat,Setup,Doorbell not ringing,Jonly Hub Mini,iOS,Tier 1,Closed,1201,0,1,4,0.57
9003057,JNL003057,CU39522,2025-06-04T14:17:00.000Z,Europe,FR,DE,Chat,Functionality,Charged twice,Jonly Secure Subscription,Android,Tier 2,Closed,858,0,1,5,0.9
9003058,JNL003058,CU12289,2025-05-12T02:10:00.000Z,North America,US,EN,Phone,Functionality,Device will not pair,Jonly Floodlight Max,Web,Tier 1,Closed,1287,1,1,4,0.5
9003059,JNL003059,CU23242,2025-05-12T13:30:00.000Z,North America,US,DE,Phone,Connectivity,Charged twice,Jonly Floodlight Max,Web,Tier 1,Closed,1693,1,1,3,-0.11
9003060,JNL003060,CU98243,2025-05-10T22:29:00.000Z,APAC,SG,EN,Email,Billing,Video not loading,Jonly Floodlight Max,iOS,Tier 1,Closed,1170,1,1,5,0.93
9003061,JNL003061,CU70367,2025-06-29T08:46:00.000Z,APAC,AU,EN,Email,Functionality,Cannot login to app,Jonly Floodlight Max,iOS,Escalation,Closed,699,0,1,2,-0.38
9003062,JNL003062,CU18492,2025-06-15T16:44:00.000Z,North America,US,EN,Phone,Inquiry,Wrong item received,Jonly Hub Mini,iOS,Tier 2,Closed,1473,0,1,3,-0.11
9003063,JNL003063,CU76295,2025-05-09T21:07:00.000Z,North America,US,EN,Phone,Functionality,Camera offline,Jonly Cam Outdoor,Android,Tier 1,Closed,756,0,1,2,-0.81
9003064,JNL003064,CU65494,2025-07-31T03:39:00.000Z,APAC,SG,EN,Chat,Inquiry,Doorbell not ringing,Jonly Cam Indoor,iOS,Tier 1,Closed,1048,1,1,3,-0.14
9003065,JNL003065,CU10634,2025-05-23T11:08:00.000Z,North America,US,DE,Chat,Inquiry,Cannot login to app,Jonly Hub Mini,Web,Tier 2,Closed,284,0,1,4,0.9
9003066,JNL003066,CU77145,2025-06-17T13:57:00.000Z,North America,CA,DE,Phone,Functionality,Cannot login to app,Jonly Floodlight Max,Android,Tier 1,Closed,1272,0,1,5,0.75
9003067,JNL003067,CU33813,2025-05-03T21:25:00.000Z,North America,US,FR,Phone,Inquiry,Wrong item received,Jonly Cam Outdoor,Android,Tier 1,Closed,1337,0,1,3,-0.01
9003068,JNL003068,CU45355,2025-07-05T04:48:00.000Z,North America,CA,EN,Chat,Functionality,Poor night vision,Jonly Cam Indoor,iOS,Tier 1,Closed,945,0,1,4,0.48
9003069,JNL003069,CU97514,2025-06-23T02:43:00.000Z,North America,US,DE,Phone,Account,Poor night vision,Jonly Floodlight Max,iOS,Tier 1,Closed,857,0,1,4,-0.11
9003070,JNL003070,CU25027,2025-07-02T12:25:00.000Z,APAC,AU,DE,Chat,Connectivity,Camera offline,Jonly Hub Mini,Web,Tier 2,Closed,943,0,1,5,0.42
9003071,JNL003071,CU28814,2025-07-31T12:26:00.000Z,Europe,FR,DE,Web Form,Connectivity,Charged twice,Jonly Secure Subscription,iOS,Tier 1,Closed,598,0,1,4,0.34
9003072,JNL003072,CU42598,2025-07-18T18:27:00.000Z,North America,CA,EN,Chat,Functionality,Poor night vision,Jonly Hub Mini,iOS,Tier 2,Closed,862,0,1,4,0.93
9003073,JNL003073,CU72192,2025-06-24T01:40:00.000Z,Europe,FR,EN,Phone,Inquiry,Charged twice,Jonly Hub Mini,Web,Tier 1,Closed,1600,0,1,3,0.12
9003074,JNL003074,CU44636,2025-07-17T01:50:00.000Z,Europe,GB,EN,Community,Billing,Laggy live view,Jonly Doorbell Pro,Android,Tier 1,Closed,841,0,1,5,0.7
9003075,JNL003075,CU83997,2025-07-25T19:01:00.000Z,Europe,FR,EN,Phone,Setup,False motion alerts,Jonly Hub Mini,iOS,Tier 1,Closed,1639,0,1,5,0.69
9003076,JNL003076,CU18313,2025-07-13T06:02:00.000Z,North America,US,EN,Email,Functionality,Doorbell not ringing,Jonly Doorbell Pro,iOS,Tier 1,Closed,938,0,1,5,0.4
9003077,JNL003077,CU47685,2025-07-05T14:34:00.000Z,North America,CA,EN,Chat,Functionality,Device will not pair,Jonly Doorbell Pro,Web,Tier 2,Closed,1249,0,1,4,0.08
9003078,JNL003078,CU84763,2025-05-03T05:53:00.000Z,North America,US,EN,Chat,Setup,Wrong item received,Jonly Doorbell Pro,iOS,Tier 2,Closed,874,0,1,3,-0.85
9003079,JNL003079,CU13303,2025-05-20T09:11:00.000Z,North America,US,DE,Phone,Connectivity,Order not delivered,Jonly Cam Outdoor,Android,Tier 1,Escalated,721,1,1,4,1.0
9003080,JNL003080,CU21657,2025-06-15T08:49:00.000Z,Europe,GB,FR,Chat,Shipping,Two-factor issues,Jonly Hub Mini,Web,Tier 2,Closed,867,0,1,5,0.82
9003081,JNL003081,CU46331,2025-05-27T18:34:00.000Z,Europe,DE,EN,Phone,Functionality,Poor night vision,Jonly Floodlight Max,iOS,Tier 2,Closed,818,0,1,4,0.47
9003082,JNL003082,CU85473,2025-06-10T06:16:00.000Z,North America,CA,EN,Community,Inquiry,Audio one-way only,Jonly Cam Outdoor,Android,Tier 1,In Progress,604,0,1,5,1.0
9003083,JNL003083,CU99105,2025-06-03T21:51:00.000Z,North America,US,EN,Chat,Connectivity,Subscription not applied,Jonly Doorbell Pro,Android,Tier 1,Closed,734,0,1,4,0.69
9003084,JNL003084,CU35124,2025-05-03T18:46:00.000Z,APAC,SG,EN,Phone,Functionality,Two-factor issues,Jonly Secure Subscription,Web,Tier 1,Closed,995,0,1,2,-0.17
9003085,JNL003085,CU58344,2025-07-25T08:28:00.000Z,North America,US,EN,Community,Account,No motion alerts,Jonly Cam Outdoor,Android,Tier 1,Closed,993,0,1,1,-1.0
9003086,JNL003086,CU13927,2025-06-14T13:49:00.000Z,Europe,GB,DE,Phone,Billing,Device will not pair,Jonly Secure Subscription,iOS,Tier 1,Closed,1177,0,0,5,0.83
9003087,JNL003087,CU24218,2025-07-04T10:23:00.000Z,North America,US,FR,Phone,Setup,Poor night vision,Jonly Secure Subscription,iOS,Tier 1,Closed,713,0,1,2,-0.48
9003088,JNL003088,CU28759,2025-05-12T11:18:00.000Z,Europe,GB,EN,Phone,Inquiry,Laggy live view,Jonly Doorbell Pro,iOS,Tier 2,Closed,1226,0,1,4,-0.06
9003089,JNL003089,CU69011,2025-07-28T16:44:00.000Z,Europe,FR,DE,Phone,Connectivity,Audio one-way only,Jonly Hub Plus,iOS,Tier 1,Closed,2082,1,1,2,-0.63
9003090,JNL003090,CU45689,2025-06-13T10:55:00.000Z,North America,CA,EN,Email,Connectivity,Charged twice,Jonly Secure Subscription,Android,Tier 1,Closed,1135,1,1,4,0.17
9003091,JNL003091,CU45279,2025-06-05T04:38:00.000Z,Europe,DE,EN,Email,Account,Wrong item received,Jonly Hub Mini,iOS,Tier 1,In Progress,356,2,1,3,-0.69
9003092,JNL003092,CU25375,2025-07-26T16:40:00.000Z,North America,US,EN,Chat,Billing,Poor night vision,Jonly Hub Mini,iOS,Tier 1,Closed,1049,1,1,1,-0.8
9003093,JNL003093,CU54000,2025-06-27T12:47:00.000Z,Europe,GB,EN,Phone,Connectivity,Subscription not applied,Jonly Doorbell Pro,Android,Tier 2,Closed,887,2,1,1,-1.0
9003094,JNL003094,CU52292,2025-05-11T05:55:00.000Z,North America,US,EN,Email,Billing,Order not delivered,Jonly Cam Outdoor,Android,Tier 2,Escalated,957,1,1,5,1.0
9003095,JNL003095,CU41236,2025-07-18T04:22:00.000Z,Europe,NL,EN,Email,Inquiry,Cannot login to app,Jonly Hub Mini,Android,Tier 1,Closed,775,1,1,4,0.9
9003096,JNL003096,CU20248,2025-06-17T04:44:00.000Z,Europe,NL,FR,Phone,Inquiry,Audio one-way only,Jonly Cam Outdoor,iOS,Tier 2,Closed,815,1,1,5,0.69
9003097,JNL003097,CU90255,2025-07-10T20:03:00.000Z,North America,CA,EN,Web Form,Connectivity,Camera offline,Jonly Cam Indoor,iOS,Tier 1,Closed,180,1,1,5,1.0
9003098,JNL003098,CU32450,2025-06-08T20:59:00.000Z,APAC,NZ,EN,Community,Connectivity,Wrong item received,Jonly Cam Indoor,iOS,Tier 1,Closed,537,1,1,3,0.09
9003099,JNL003099,CU70389,2025-07-06T05:05:00.000Z,Europe,DE,EN,Email,Inquiry,Order not delivered,Jonly Secure Subscription,Android,Tier 2,In Progress,912,0,1,4,0.58
9003100,JNL003100,CU52265,2025-07-18T23:40:00.000Z,Europe,DE,DE,Phone,Account,Device will not pair,Jonly Cam Indoor,iOS,Tier 1,Closed,1339,0,1,2,-0.19
9003101,JNL003101,CU95264,2025-06-30T16:37:00.000Z,Europe,FR,FR,Email,Functionality,No motion alerts,Jonly Cam Indoor,iOS,Tier 1,In Progress,600,0,1,1,-1.0
9003102,JNL003102,CU87112,2025-05-15T12:44:00.000Z,APAC,SG,EN,Chat,Inquiry,No motion alerts,Jonly Cam Outdoor,iOS,Tier 2,Closed,461,1,1,4,0.54
9003103,JNL003103,CU74618,2025-05-17T10:46:00.000Z,North America,US,DE,Phone,Connectivity,Device will not pair,Jonly Cam Outdoor,Android,Tier 1,Escalated,1028,0,1,5,1.0
9003104,JNL003104,CU21720,2025-05-14T02:19:00.000Z,North America,US,EN,Phone,Connectivity,False motion alerts,Jonly Cam Indoor,iOS,Tier 2,Closed,1292,1,0,4,0.03
9003105,JNL003105,CU70438,2025-05-01T10:46:00.000Z,North America,CA,EN,Phone,Functionality,Video not loading,Jonly Secure Subscription,Android,Tier 1,Escalated,982,1,1,5,0.68
9003106,JNL003106,CU88430,2025-07-06T20:39:00.000Z,North America,US,NL,Email,Billing,Audio one-way only,Jonly Hub Mini,Android,Tier 2,Closed,451,0,1,5,1.0
9003107,JNL003107,CU63912,2025-07-13T16:59:00.000Z,North America,US,EN,Phone,Functionality,Laggy live view,Jonly Secure Subscription,iOS,Escalation,Closed,1316,0,1,4,-0.12
9003108,JNL003108,CU33767,2025-05-24T08:14:00.000Z,North America,CA,DE,Phone,Billing,Video not loading,Jonly Cam Indoor,iOS,Tier 1,Closed,1442,2,1,2,0.01
9003109,JNL003109,CU26400,2025-06-20T08:42:00.000Z,North America,CA,EN,Web Form,Billing,Audio one-way only,Jonly Cam Indoor,Android,Tier 1,Closed,917,1,1,1,-0.91
9003110,JNL003110,CU85669,2025-07-10T03:24:00.000Z,APAC,NZ,EN,Phone,Account,Cannot login to app,Jonly Cam Indoor,Web,Tier 2,Closed,180,1,0,2,-0.84
9003111,JNL003111,CU36212,2025-06-09T03:18:00.000Z,North America,US,EN,Web Form,Connectivity,Camera offline,Jonly Cam Indoor,Android,Tier 2,Closed,812,0,0,3,-0.05
9003112,JNL003112,CU28347,2025-05-19T04:05:00.000Z,North America,US,EN,Phone,Account,Poor night vision,Jonly Doorbell Pro,Android,Tier 1,Closed,1139,0,1,5,1.0
9003113,JNL003113,CU37161,2025-05-26T20:18:00.000Z,North America,CA,EN,Chat,Connectivity,Audio one-way only,Jonly Cam Outdoor,Web,Tier 1,Closed,913,0,1,3,-0.25
9003114,JNL003114,CU28618,2025-07-28T09:38:00.000Z,North America,US,EN,Chat,Connectivity,No motion alerts,Jonly Cam Indoor,Web,Tier 1,Closed,499,2,1,2,-0.71
9003115,JNL003115,CU50164,2025-07-20T08:54:00.000Z,North America,US,EN,Chat,Shipping,Order not delivered,Jonly Doorbell Pro,iOS,Tier 1,Escalated,941,0,1,2,-0.82
9003116,JNL003116,CU56837,2025-05-04T01:37:00.000Z,Europe,NL,FR,Chat,Functionality,Doorbell not ringing,Jonly Floodlight Max,Android,Tier 1,Closed,750,0,0,4,0.12
9003117,JNL003117,CU34268,2025-05-18T03:45:00.000Z,North America,CA,EN,Phone,Inquiry,Wrong item received,Jonly Hub Mini,iOS,Tier 2,Closed,1753,1,1,4,0.49
9003118,JNL003118,CU87999,2025-05-08T16:22:00.000Z,North America,US,EN,Community,Inquiry,Wrong item received,Jonly Floodlight Max,Android,Tier 1,Closed,180,0,1,5,1.0
9003119,JNL003119,CU83877,2025-07-08T15:44:00.000Z,North America,US,EN,Community,Connectivity,Device will not pair,Jonly Cam Indoor,Android,Escalation,Escalated,180,0,1,5,1.0
9003120,JNL003120,CU14140,2025-05-12T21:44:00.000Z,North America,US,EN,Web Form,Functionality,Doorbell not ringing,Jonly Secure Subscription,iOS,Tier 2,Closed,1007,0,1,3,0.25
9003121,JNL003121,CU96713,2025-05-19T14:32:00.000Z,Europe,FR,EN,Chat,Functionality,Camera offline,Jonly Doorbell Pro,iOS,Tier 1,Closed,1036,0,1,4,0.27
9003122,JNL003122,CU16353,2025-07-09T16:52:00.000Z,North America,CA,EN,Web Form,Inquiry,Subscription not applied,Jonly Hub Plus,iOS,Tier 1,Closed,732,0,1,4,0.71
9003123,JNL003123,CU29937,2025-06-27T02:36:00.000Z,North America,CA,EN,Web Form,Billing,Doorbell not ringing,Jonly Secure Subscription,Android,Tier 1,In Progress,804,0,1,4,0.61
9003124,JNL003124,CU41196,2025-07-11T21:23:00.000Z,North America,CA,FR,Phone,Inquiry,Cannot login to app,Jonly Secure Subscription,iOS,Escalation,Closed,1594,0,1,2,-0.38
9003125,JNL003125,CU25328,2025-05-06T02:10:00.000Z,Europe,NL,EN,Chat,Account,Wrong item received,Jonly Cam Outdoor,Android,Tier 1,Closed,866,1,1,5,1.0
9003126,JNL003126,CU99535,2025-07-21T13:29:00.000Z,APAC,NZ,EN,Chat,Shipping,False motion alerts,Jonly Floodlight Max,Web,Tier 1,Closed,1689,2,1,5,0.91
9003127,JNL003127,CU50745,2025-05-09T04:58:00.000Z,North America,CA,NL,Phone,Billing,Subscription not applied,Jonly Cam Outdoor,Android,Tier 1,Closed,1481,0,1,4,0.9
9003128,JNL003128,CU63393,2025-05-19T15:37:00.000Z,APAC,AU,EN,Email,Functionality,Two-factor issues,Jonly Hub Mini,iOS,Tier 1,Closed,1014,0,0,5,1.0
9003129,JNL003129,CU58498,2025-07-28T23:16:00.000Z,North America,CA,EN,Chat,Functionality,Order not delivered,Jonly Floodlight Max,Web,Tier 1,Closed,524,1,1,3,-0.55
9003130,JNL003130,CU44725,2025-07-06T18:49:00.000Z,APAC,SG,EN,Chat,Inquiry,Device will not pair,Jonly Doorbell Pro,Android,Tier 1,Closed,1087,0,1,4,0.06
9003131,JNL003131,CU82982,2025-05-29T19:42:00.000Z,Europe,DE,DE,Chat,Connectivity,No motion alerts,Jonly Cam Outdoor,iOS,Escalation,Closed,939,0,1,2,-0.39
9003132,JNL003132,CU48697,2025-06-15T06:04:00.000Z,North America,US,EN,Chat,Connectivity,Audio one-way only,Jonly Secure Subscription,Android,Tier 1,Closed,993,1,1,4,0.04
9003133,JNL003133,CU20829,2025-06-01T22:01:00.000Z,APAC,NZ,EN,Phone,Functionality,Camera offline,Jonly Doorbell Pro,Android,Escalation,Closed,1405,1,1,4,0.28
9003134,JNL003134,CU91434,2025-07-17T11:18:00.000Z,North America,US,EN,Phone,Inquiry,Camera offline,Jonly Floodlight Max,Android,Tier 1,Closed,1259,3,1,4,0.06
9003135,JNL003135,CU73987,2025-05-04T17:10:00.000Z,North America,US,FR,Email,Account,Laggy live view,Jonly Hub Mini,iOS,Tier 1,Closed,1481,1,1,3,-0.3
9003136,JNL003136,CU26416,2025-05-07T14:32:00.000Z,APAC,NZ,EN,Phone,Setup,Cannot login to app,Jonly Doorbell Pro,iOS,Tier 2,Closed,1145,1,0,5,0.74
9003137,JNL003137,CU83547,2025-05-02T11:00:00.000Z,North America,US,DE,Chat,Connectivity,Order not delivered,Jonly Cam Outdoor,iOS,Tier 1,Closed,862,1,1,1,-1.0
9003138,JNL003138,CU69181,2025-06-25T14:48:00.000Z,North America,CA,EN,Phone,Connectivity,Cannot login to app,Jonly Cam Outdoor,Android,Escalation,Closed,393,0,0,4,0.83
9003139,JNL003139,CU15956,2025-06-15T14:04:00.000Z,North America,US,DE,Chat,Connectivity,Laggy live view,Jonly Cam Outdoor,iOS,Tier 1,Escalated,868,2,1,5,1.0
9003140,JNL003140,CU19513,2025-05-29T09:46:00.000Z,Europe,NL,FR,Phone,Connectivity,Device will not pair,Jonly Cam Outdoor,Android,Tier 2,Closed,1232,1,1,3,-0.0
9003141,JNL003141,CU35515,2025-05-09T04:11:00.000Z,North America,US,EN,Phone,Functionality,Subscription not applied,Jonly Doorbell Pro,Web,Tier 2,Closed,1057,0,1,5,1.0
9003142,JNL003142,CU48652,2025-05-17T12:36:00.000Z,Europe,DE,FR,Web Form,Connectivity,Subscription not applied,Jonly Hub Mini,Android,Tier 1,Closed,1067,0,1,2,-0.56
9003143,JNL003143,CU12165,2025-05-29T10:50:00.000Z,North America,CA,EN,Chat,Functionality,Camera offline,Jonly Secure Subscription,iOS,Tier 1,Closed,311,0,0,4,-0.19
9003144,JNL003144,CU88322,2025-06-10T17:43:00.000Z,North America,CA,NL,Chat,Billing,Doorbell not ringing,Jonly Doorbell Pro,Android,Tier 1,Closed,426,0,1,2,-0.38
9003145,JNL003145,CU84856,2025-07-07T19:59:00.000Z,North America,CA,EN,Web Form,Functionality,Audio one-way only,Jonly Hub Plus,iOS,Tier 1,Closed,548,0,0,4,0.07
9003146,JNL003146,CU26935,2025-06-06T20:26:00.000Z,North America,US,EN,Chat,Inquiry,Device will not pair,Jonly Hub Plus,Android,Tier 1,Closed,648,0,1,3,0.1
9003147,JNL003147,CU88043,2025-05-08T09:14:00.000Z,Europe,FR,EN,Web Form,Inquiry,No motion alerts,Jonly Cam Indoor,iOS,Tier 1,Closed,615,1,1,4,0.56
9003148,JNL003148,CU24858,2025-07-06T15:33:00.000Z,Europe,DE,FR,Email,Account,Cannot login to app,Jonly Doorbell Pro,Android,Tier 1,Closed,705,1,1,4,0.96
9003149,JNL003149,CU22358,2025-05-18T13:18:00.000Z,Europe,DE,EN,Phone,Connectivity,Audio one-way only,Jonly Hub Mini,Other,Tier 1,Escalated,1254,0,1,4,0.59
9003150,JNL003150,CU13132,2025-06-04T08:55:00.000Z,North America,CA,DE,Chat,Account,Cannot login to app,Jonly Cam Outdoor,Android,Tier 1,Closed,667,0,1,3,-0.06
9003151,JNL003151,CU75884,2025-05-02T04:24:00.000Z,Europe,DE,EN,Community,Account,Charged twice,Jonly Doorbell Pro,Android,Escalation,Closed,409,0,1,5,0.99
9003152,JNL003152,CU64440,2025-06-16T02:39:00.000Z,North America,US,EN,Email,Account,Two-factor issues,Jonly Cam Outdoor,Other,Tier 1,Closed,698,0,1,3,0.06
9003153,JNL003153,CU92144,2025-07-18T01:50:00.000Z,North America,US,EN,Phone,Inquiry,Two-factor issues,Jonly Cam Outdoor,iOS,Tier 1,Closed,1465,0,1,5,0.76
9003154,JNL003154,CU99713,2025-06-06T12:47:00.000Z,North America,CA,EN,Web Form,Billing,Laggy live view,Jonly Hub Plus,Web,Tier 1,Closed,1024,0,1,3,-0.45
9003155,JNL003155,CU62645,2025-05-17T23:55:00.000Z,APAC,NZ,EN,Chat,Connectivity,Doorbell not ringing,Jonly Floodlight Max,Android,Tier 1,Closed,946,1,1,3,-0.24
9003156,JNL003156,CU80054,2025-07-18T13:55:00.000Z,APAC,AU,FR,Chat,Inquiry,Wrong item received,Jonly Hub Mini,Web,Tier 1,Closed,652,1,1,5,1.0
9003157,JNL003157,CU86728,2025-06-01T21:57:00.000Z,North America,CA,EN,Phone,Shipping,False motion alerts,Jonly Hub Mini,Android,Tier 2,Closed,1008,1,1,3,0.2
9003158,JNL003158,CU33398,2025-05-23T02:17:00.000Z,North America,US,EN,Phone,Connectivity,Subscription not applied,Jonly Hub Plus,Android,Escalation,Closed,1022,0,0,3,-0.68
9003159,JNL003159,CU42907,2025-05-11T15:02:00.000Z,North America,CA,EN,Email,Billing,Video not loading,Jonly Hub Mini,Android,Tier 1,Closed,1049,1,1,4,1.0
9003160,JNL003160,CU95541,2025-07-07T00:28:00.000Z,North America,US,EN,Phone,Connectivity,Laggy live view,Jonly Floodlight Max,Web,Tier 2,Closed,383,0,1,4,0.29
9003161,JNL003161,CU75805,2025-07-11T09:13:00.000Z,North America,CA,FR,Email,Inquiry,Wrong item received,Jonly Doorbell Pro,Android,Tier 1,Closed,956,0,1,5,0.77
9003162,JNL003162,CU20989,2025-06-02T10:54:00.000Z,North America,US,EN,Web Form,Inquiry,Audio one-way only,Jonly Hub Plus,iOS,Tier 1,Closed,680,0,1,5,0.72
9003163,JNL003163,CU25166,2025-06-30T08:50:00.000Z,North America,US,EN,Email,Connectivity,Laggy live view,Jonly Hub Mini,Android,Tier 1,Closed,535,2,1,3,0.01
9003164,JNL003164,CU55141,2025-06-01T13:58:00.000Z,Europe,NL,DE,Phone,Shipping,Video not loading,Jonly Hub Plus,iOS,Tier 1,Closed,881,1,1,1,-1.0
9003165,JNL003165,CU71274,2025-07-23T03:08:00.000Z,North America,US,EN,Web Form,Functionality,False motion alerts,Jonly Doorbell Pro,iOS,Tier 1,Closed,505,2,1,2,0.04
9003166,JNL003166,CU61464,2025-05-21T12:06:00.000Z,North America,US,EN,Phone,Account,Camera offline,Jonly Doorbell Pro,Web,Tier 1,Closed,1966,0,1,4,0.97
9003167,JNL003167,CU82068,2025-07-17T02:28:00.000Z,APAC,SG,EN,Chat,Account,Laggy live view,Jonly Hub Plus,iOS,Tier 2,In Progress,789,2,1,3,0.7
9003168,JNL003168,CU76599,2025-07-23T11:29:00.000Z,Europe,GB,EN,Web Form,Inquiry,Doorbell not ringing,Jonly Hub Plus,Web,Escalation,Closed,792,0,1,4,0.67
9003169,JNL003169,CU94128,2025-06-15T16:33:00.000Z,North America,US,EN,Chat,Setup,Camera offline,Jonly Doorbell Pro,Android,Tier 2,Closed,1180,1,0,5,0.97
9003170,JNL003170,CU83545,2025-07-20T15:56:00.000Z,North America,CA,EN,Phone,Functionality,Poor night vision,Jonly Cam Indoor,Other,Tier 1,Closed,318,0,0,3,-0.31
9003171,JNL003171,CU22891,2025-07-13T11:03:00.000Z,Europe,FR,EN,Email,Functionality,False motion alerts,Jonly Doorbell Pro,Web,Tier 1,Closed,928,0,1,3,0.14
9003172,JNL003172,CU45146,2025-06-17T05:32:00.000Z,North America,CA,EN,Chat,Functionality,Audio one-way only,Jonly Cam Outdoor,Android,Tier 2,Closed,860,0,1,2,0.07
9003173,JNL003173,CU75721,2025-06-11T09:08:00.000Z,North America,US,FR,Phone,Connectivity,Charged twice,Jonly Hub Plus,Android,Tier 1,Closed,1003,0,1,3,-0.11
9003174,JNL003174,CU47355,2025-06-01T17:27:00.000Z,Europe,DE,EN,Phone,Setup,Order not delivered,Jonly Cam Outdoor,Android,Tier 1,Escalated,974,0,1,5,1.0
9003175,JNL003175,CU59780,2025-05-08T11:25:00.000Z,North America,CA,EN,Email,Connectivity,Device will not pair,Jonly Doorbell Pro,iOS,Tier 1,Closed,1029,0,1,4,-0.03
9003176,JNL003176,CU99853,2025-05-03T22:40:00.000Z,APAC,NZ,EN,Chat,Billing,No motion alerts,Jonly Doorbell Pro,Android,Escalation,Closed,839,1,1,3,-0.09
9003177,JNL003177,CU67949,2025-07-06T17:34:00.000Z,North America,CA,DE,Phone,Functionality,Laggy live view,Jonly Hub Plus,Android,Tier 2,Closed,751,0,1,3,0.24
9003178,JNL003178,CU44104,2025-05-31T12:18:00.000Z,Europe,DE,EN,Phone,Inquiry,Laggy live view,Jonly Doorbell Pro,Android,Escalation,In Progress,772,1,1,5,0.9
9003179,JNL003179,CU19575,2025-06-14T07:43:00.000Z,Europe,NL,EN,Phone,Shipping,Order not delivered,Jonly Cam Indoor,Web,Tier 1,Closed,1355,0,1,4,-0.5
9003180,JNL003180,CU43430,2025-07-22T23:32:00.000Z,Europe,NL,EN,Phone,Functionality,Device will not pair,Jonly Hub Plus,Android,Tier 1,Escalated,844,2,1,1,-1.0
9003181,JNL003181,CU22613,2025-07-05T09:16:00.000Z,Europe,GB,DE,Chat,Billing,False motion alerts,Jonly Secure Subscription,Android,Tier 1,Closed,658,3,1,1,-1.0
9003182,JNL003182,CU31851,2025-07-29T10:22:00.000Z,APAC,SG,EN,Chat,Account,Doorbell not ringing,Jonly Cam Indoor,Web,Tier 1,In Progress,546,0,1,5,1.0
9003183,JNL003183,CU18993,2025-05-09T02:44:00.000Z,North America,US,EN,Chat,Inquiry,Wrong item received,Jonly Doorbell Pro,iOS,Tier 1,Closed,825,0,1,5,0.86
9003184,JNL003184,CU29348,2025-06-22T17:12:00.000Z,Europe,DE,FR,Phone,Connectivity,Wrong item received,Jonly Doorbell Pro,iOS,Tier 1,In Progress,2057,1,1,5,0.8
9003185,JNL003185,CU72001,2025-05-12T20:23:00.000Z,APAC,AU,EN,Chat,Account,Subscription not applied,Jonly Hub Plus,iOS,Tier 2,Closed,1296,0,1,5,1.0
9003186,JNL003186,CU57931,2025-07-21T01:02:00.000Z,Europe,NL,EN,Chat,Functionality,Subscription not applied,Jonly Hub Plus,iOS,Tier 1,Closed,517,0,0,3,-0.19
9003187,JNL003187,CU73815,2025-05-20T01:41:00.000Z,North America,US,EN,Web Form,Billing,Poor night vision,Jonly Floodlight Max,Other,Tier 2,Closed,313,1,1,2,-1.0
9003188,JNL003188,CU20022,2025-06-07T00:42:00.000Z,APAC,AU,EN,Chat,Inquiry,Order not delivered,Jonly Cam Outdoor,Android,Tier 1,Closed,813,0,1,4,0.46
9003189,JNL003189,CU58673,2025-06-09T23:25:00.000Z,North America,CA,DE,Phone,Setup,Poor night vision,Jonly Cam Outdoor,Other,Escalation,In Progress,1294,3,1,3,0.13
9003190,JNL003190,CU35711,2025-07-04T21:27:00.000Z,North America,CA,EN,Phone,Connectivity,Device will not pair,Jonly Hub Mini,iOS,Tier 1,Closed,1608,1,1,3,0.25
9003191,JNL003191,CU40598,2025-05-25T02:04:00.000Z,Europe,GB,NL,Phone,Inquiry,Subscription not applied,Jonly Hub Plus,Web,Tier 2,Closed,1211,1,1,4,0.22
9003192,JNL003192,CU51603,2025-05-11T20:29:00.000Z,Europe,GB,DE,Email,Inquiry,Laggy live view,Jonly Cam Indoor,iOS,Tier 1,Closed,1272,1,1,5,0.52
9003193,JNL003193,CU40566,2025-07-11T12:27:00.000Z,North America,CA,DE,Chat,Inquiry,False motion alerts,Jonly Doorbell Pro,iOS,Tier 1,In Progress,1240,0,1,4,0.18
9003194,JNL003194,CU45667,2025-07-25T19:58:00.000Z,APAC,NZ,EN,Phone,Connectivity,Device will not pair,Jonly Cam Outdoor,iOS,Tier 1,Closed,408,0,1,4,0.67
9003195,JNL003195,CU73669,2025-07-14T22:51:00.000Z,Europe,GB,EN,Phone,Setup,Laggy live view,Jonly Cam Indoor,Android,Tier 1,Escalated,986,1,1,3,0.34
9003196,JNL003196,CU74009,2025-06-27T01:46:00.000Z,North America,CA,DE,Email,Account,Camera offline,Jonly Cam Indoor,Android,Tier 1,Escalated,593,0,1,3,0.1
9003197,JNL003197,CU76726,2025-07-05T11:18:00.000Z,North America,US,EN,Chat,Account,Video not loading,Jonly Cam Indoor,iOS,Tier 1,Closed,914,0,1,5,1.0
9003198,JNL003198,CU25498,2025-07-23T23:21:00.000Z,Europe,DE,EN,Chat,Functionality,No motion alerts,Jonly Cam Indoor,Web,Tier 1,In Progress,677,0,1,4,0.78
9003199,JNL003199,CU63822,2025-05-23T08:14:00.000Z,APAC,SG,EN,Phone,Functionality,Audio one-way only,Jonly Hub Plus,iOS,Tier 1,Closed,1510,0,1,5,0.76
9003200,JNL003200,CU91222,2025-07-17T13:48:00.000Z,North America,US,EN,Email,Shipping,Doorbell not ringing,Jonly Hub Plus,Other,Tier 1,Closed,280,0,1,5,0.97
9003201,JNL003201,CU11992,2025-07-25T13:47:00.000Z,North America,US,EN,Email,Functionality,Laggy live view,Jonly Cam Outdoor,Android,Tier 1,Escalated,855,1,0,4,0.2
9003202,JNL003202,CU91384,2025-05-02T16:56:00.000Z,Europe,DE,EN,Community,Inquiry,False motion alerts,Jonly Floodlight Max,Android,Tier 1,Escalated,628,0,1,3,0.46
9003203,JNL003203,CU11811,2025-07-12T01:38:00.000Z,North America,US,DE,Phone,Inquiry,Order not delivered,Jonly Cam Indoor,iOS,Tier 2,Closed,1900,0,1,5,0.36
9003204,JNL003204,CU92065,2025-06-17T22:00:00.000Z,North America,CA,EN,Phone,Functionality,Cannot login to app,Jonly Hub Plus,iOS,Tier 1,Closed,1161,0,1,5,0.99
9003205,JNL003205,CU45953,2025-06-30T12:49:00.000Z,North America,CA,EN,Phone,Functionality,Two-factor issues,Jonly Hub Mini,Android,Tier 1,Closed,562,0,0,4,0.17
9003206,JNL003206,CU11812,2025-05-27T21:27:00.000Z,Europe,NL,EN,Chat,Functionality,Doorbell not ringing,Jonly Doorbell Pro,iOS,Tier 1,Closed,836,2,1,3,-0.02
9003207,JNL003207,CU80427,2025-05-20T07:56:00.000Z,APAC,AU,DE,Chat,Inquiry,Doorbell not ringing,Jonly Cam Outdoor,iOS,Tier 1,Closed,975,0,1,4,0.43
9003208,JNL003208,CU89575,2025-06-23T13:14:00.000Z,Europe,GB,EN,Email,Setup,Wrong item received,Jonly Cam Outdoor,iOS,Tier 2,Closed,1308,0,0,1,-1.0
9003209,JNL003209,CU50474,2025-05-19T21:48:00.000Z,Europe,NL,EN,Community,Functionality,Video not loading,Jonly Floodlight Max,Web,Escalation,Closed,180,0,1,3,0.23
9003210,JNL003210,CU35317,2025-05-21T19:52:00.000Z,North America,US,EN,Web Form,Inquiry,Laggy live view,Jonly Secure Subscription,Android,Tier 1,Closed,1163,1,1,5,1.0
9003211,JNL003211,CU81672,2025-07-08T00:02:00.000Z,North America,CA,EN,Phone,Inquiry,Subscription not applied,Jonly Doorbell Pro,Android,Tier 1,Closed,1819,1,1,3,-0.36
9003212,JNL003212,CU94737,2025-06-04T08:50:00.000Z,Europe,DE,DE,Phone,Functionality,Laggy live view,Jonly Doorbell Pro,Android,Tier 2,Escalated,1008,1,1,5,1.0
9003213,JNL003213,CU43107,2025-05-16T23:33:00.000Z,North America,US,EN,Web Form,Connectivity,No motion alerts,Jonly Cam Outdoor,iOS,Tier 1,Escalated,707,0,1,3,-0.49
9003214,JNL003214,CU63555,2025-05-22T18:06:00.000Z,North America,US,EN,Web Form,Setup,Laggy live view,Jonly Hub Mini,iOS,Tier 1,Closed,1075,2,1,1,-0.5
9003215,JNL003215,CU46642,2025-07-20T11:45:00.000Z,North America,CA,EN,Phone,Functionality,Audio one-way only,Jonly Floodlight Max,iOS,Tier 1,Closed,1457,0,1,5,0.81
9003216,JNL003216,CU23686,2025-07-24T16:47:00.000Z,North America,CA,EN,Web Form,Billing,Poor night vision,Jonly Hub Mini,Android,Tier 1,Closed,872,0,1,4,0.32
9003217,JNL003217,CU79571,2025-07-31T09:08:00.000Z,North America,CA,EN,Phone,Functionality,Cannot login to app,Jonly Secure Subscription,Android,Tier 1,Escalated,944,0,0,2,-0.48
9003218,JNL003218,CU27441,2025-06-10T04:27:00.000Z,North America,CA,DE,Chat,Inquiry,Device will not pair,Jonly Cam Indoor,iOS,Tier 2,Closed,1424,0,1,5,1.0
9003219,JNL003219,CU21578,2025-06-12T16:26:00.000Z,APAC,SG,DE,Phone,Inquiry,Audio one-way only,Jonly Secure Subscription,iOS,Tier 1,Closed,918,0,1,5,1.0
9003220,JNL003220,CU15318,2025-06-02T21:04:00.000Z,APAC,SG,DE,Email,Connectivity,Order not delivered,Jonly Cam Outdoor,iOS,Tier 2,Closed,776,0,1,5,0.67
9003221,JNL003221,CU90130,2025-05-05T03:02:00.000Z,North America,US,EN,Email,Billing,Two-factor issues,Jonly Floodlight Max,Android,Tier 2,Closed,359,0,1,3,0.15
9003222,JNL003222,CU88878,2025-06-18T14:52:00.000Z,North America,CA,EN,Phone,Shipping,Device will not pair,Jonly Hub Mini,iOS,Tier 1,Closed,408,0,1,4,0.58
9003223,JNL003223,CU25998,2025-07-30T23:47:00.000Z,Europe,GB,EN,Email,Functionality,Charged twice,Jonly Doorbell Pro,Android,Tier 1,Closed,1146,0,1,3,0.25
9003224,JNL003224,CU13364,2025-05-15T05:32:00.000Z,North America,CA,DE,Chat,Account,Cannot login to app,Jonly Doorbell Pro,Android,Tier 1,Closed,1593,0,1,5,0.53
9003225,JNL003225,CU26101,2025-07-08T10:10:00.000Z,North America,CA,EN,Email,Billing,Cannot login to app,Jonly Hub Mini,Other,Escalation,In Progress,656,0,1,5,1.0
9003226,JNL003226,CU69444,2025-07-07T13:48:00.000Z,North America,CA,EN,Phone,Billing,Wrong item received,Jonly Hub Plus,Android,Tier 1,Closed,1457,0,1,5,1.0
9003227,JNL003227,CU33295,2025-07-12T18:53:00.000Z,North America,CA,EN,Email,Setup,Charged twice,Jonly Hub Mini,Android,Tier 2,Closed,957,1,1,3,-0.27
9003228,JNL003228,CU44972,2025-05-18T08:23:00.000Z,North America,CA,EN,Web Form,Inquiry,Two-factor issues,Jonly Cam Indoor,iOS,Tier 1,Escalated,1207,0,1,5,0.9
9003229,JNL003229,CU20122,2025-06-30T11:08:00.000Z,North America,US,EN,Chat,Inquiry,Video not loading,Jonly Cam Indoor,iOS,Tier 1,Closed,1147,0,1,3,-0.19
9003230,JNL003230,CU10264,2025-06-15T11:44:00.000Z,APAC,SG,EN,Phone,Connectivity,Camera offline,Jonly Cam Indoor,Web,Tier 1,In Progress,833,1,1,5,1.0
9003231,JNL003231,CU47130,2025-05-22T13:24:00.000Z,Europe,NL,DE,Email,Shipping,Doorbell not ringing,Jonly Cam Indoor,Android,Tier 1,Closed,915,1,1,3,0.83
9003232,JNL003232,CU85667,2025-07-07T00:35:00.000Z,North America,CA,FR,Phone,Functionality,Laggy live view,Jonly Hub Mini,iOS,Tier 1,Closed,1106,0,1,3,0.06
9003233,JNL003233,CU64168,2025-05-22T07:06:00.000Z,Europe,DE,FR,Phone,Connectivity,Order not delivered,Jonly Doorbell Pro,Android,Tier 1,In Progress,890,0,1,5,0.1
9003234,JNL003234,CU75721,2025-05-31T19:21:00.000Z,North America,US,EN,Email,Functionality,Camera offline,Jonly Cam Indoor,Android,Tier 1,Closed,829,0,0,4,1.0
9003235,JNL003235,CU71640,2025-05-30T16:10:00.000Z,Europe,FR,NL,Phone,Inquiry,Order not delivered,Jonly Doorbell Pro,Web,Tier 1,Closed,1145,0,1,2,0.08
9003236,JNL003236,CU24857,2025-06-15T21:37:00.000Z,North America,US,FR,Community,Connectivity,Audio one-way only,Jonly Floodlight Max,Android,Tier 1,Closed,488,2,0,4,0.68
9003237,JNL003237,CU18428,2025-07-12T07:28:00.000Z,North America,US,FR,Web Form,Connectivity,Charged twice,Jonly Hub Plus,iOS,Tier 2,Closed,667,0,1,5,1.0
9003238,JNL003238,CU29275,2025-06-01T11:58:00.000Z,Europe,NL,DE,Phone,Inquiry,Audio one-way only,Jonly Cam Outdoor,Android,Tier 1,Closed,1655,0,1,4,0.55
9003239,JNL003239,CU34535,2025-05-14T12:12:00.000Z,North America,US,EN,Email,Connectivity,Doorbell not ringing,Jonly Floodlight Max,iOS,Tier 1,Closed,214,0,1,3,-0.71
9003240,JNL003240,CU23411,2025-05-25T08:35:00.000Z,Europe,NL,EN,Chat,Functionality,Doorbell not ringing,Jonly Hub Mini,Android,Tier 1,Closed,826,1,1,4,0.43
9003241,JNL003241,CU61586,2025-05-08T05:39:00.000Z,North America,US,EN,Email,Connectivity,Poor night vision,Jonly Cam Outdoor,iOS,Escalation,Closed,974,2,1,2,-0.4
9003242,JNL003242,CU80949,2025-07-13T23:23:00.000Z,APAC,NZ,EN,Phone,Functionality,Laggy live view,Jonly Doorbell Pro,Web,Tier 1,Closed,1396,0,1,4,0.82
9003243,JNL003243,CU76476,2025-07-27T03:52:00.000Z,North America,US,EN,Phone,Connectivity,Cannot login to app,Jonly Cam Outdoor,iOS,Tier 1,Closed,1334,0,1,4,0.45
9003244,JNL003244,CU44853,2025-06-20T00:19:00.000Z,North America,CA,EN,Phone,Connectivity,Charged twice,Jonly Doorbell Pro,iOS,Tier 1,Closed,839,0,1,5,0.62
9003245,JNL003245,CU29356,2025-05-26T06:32:00.000Z,APAC,NZ,NL,Email,Connectivity,Device will not pair,Jonly Hub Mini,iOS,Tier 1,Closed,1014,1,1,3,-0.11
9003246,JNL003246,CU12091,2025-06-21T11:10:00.000Z,Europe,NL,EN,Web Form,Account,Video not loading,Jonly Secure Subscription,iOS,Tier 2,Closed,347,0,1,5,1.0
9003247,JNL003247,CU70714,2025-07-13T07:52:00.000Z,Europe,NL,NL,Chat,Billing,Two-factor issues,Jonly Hub Plus,Android,Tier 1,Closed,1048,0,1,5,0.85
9003248,JNL003248,CU86075,2025-06-02T13:12:00.000Z,North America,US,EN,Phone,Inquiry,Order not delivered,Jonly Hub Mini,iOS,Tier 2,Closed,500,0,1,5,0.35
9003249,JNL003249,CU50694,2025-06-25T16:24:00.000Z,APAC,SG,EN,Chat,Setup,Two-factor issues,Jonly Cam Indoor,iOS,Tier 2,Closed,775,0,1,4,0.22
9003250,JNL003250,CU97036,2025-07-10T08:02:00.000Z,North America,CA,EN,Web Form,Setup,Audio one-way only,Jonly Cam Indoor,Web,Tier 1,Closed,763,0,1,2,-0.19
9003251,JNL003251,CU35201,2025-07-31T08:12:00.000Z,APAC,AU,DE,Email,Connectivity,False motion alerts,Jonly Doorbell Pro,Android,Escalation,Closed,579,0,1,5,1.0
9003252,JNL003252,CU58887,2025-05-10T00:22:00.000Z,North America,US,EN,Phone,Connectivity,Camera offline,Jonly Doorbell Pro,Android,Tier 1,Closed,1421,0,1,2,-0.14
9003253,JNL003253,CU59935,2025-07-28T20:02:00.000Z,North America,CA,FR,Phone,Connectivity,Wrong item received,Jonly Secure Subscription,Android,Tier 1,Closed,903,0,1,3,0.13
9003254,JNL003254,CU70000,2025-07-29T10:19:00.000Z,North America,US,DE,Phone,Account,Camera offline,Jonly Cam Outdoor,Android,Tier 1,Escalated,1296,0,1,4,0.44
9003255,JNL003255,CU39798,2025-07-16T22:50:00.000Z,North America,US,EN,Phone,Inquiry,Camera offline,Jonly Doorbell Pro,Android,Tier 1,In Progress,226,0,1,4,0.67
9003256,JNL003256,CU12560,2025-06-24T12:36:00.000Z,APAC,SG,EN,Phone,Setup,Video not loading,Jonly Hub Mini,Android,Tier 1,Closed,1159,1,0,5,0.69
9003257,JNL003257,CU74014,2025-07-02T18:45:00.000Z,North America,CA,DE,Chat,Inquiry,Audio one-way only,Jonly Hub Plus,iOS,Tier 1,Closed,487,0,1,4,1.0
9003258,JNL003258,CU98247,2025-06-25T05:09:00.000Z,North America,CA,EN,Community,Inquiry,Two-factor issues,Jonly Hub Mini,Android,Tier 1,Closed,576,0,1,1,-1.0
9003259,JNL003259,CU34949,2025-06-16T16:04:00.000Z,North America,US,EN,Email,Inquiry,Camera offline,Jonly Doorbell Pro,iOS,Tier 1,Closed,645,0,1,5,1.0
9003260,JNL003260,CU79728,2025-05-10T10:33:00.000Z,North America,CA,EN,Phone,Billing,Camera offline,Jonly Floodlight Max,Web,Tier 2,Closed,763,1,1,4,0.49
9003261,JNL003261,CU28495,2025-06-12T08:47:00.000Z,North America,US,DE,Chat,Functionality,No motion alerts,Jonly Doorbell Pro,Other,Tier 2,Closed,1309,1,1,3,-0.57
9003262,JNL003262,CU40300,2025-06-08T08:06:00.000Z,North America,US,EN,Community,Inquiry,Subscription not applied,Jonly Cam Indoor,iOS,Tier 1,Closed,808,1,1,1,-1.0
9003263,JNL003263,CU10553,2025-06-28T19:32:00.000Z,Europe,GB,EN,Phone,Connectivity,Laggy live view,Jonly Cam Indoor,iOS,Tier 1,Closed,854,1,1,5,1.0
9003264,JNL003264,CU55049,2025-06-06T21:13:00.000Z,North America,CA,EN,Phone,Inquiry,Laggy live view,Jonly Hub Plus,iOS,Tier 2,Closed,1517,1,1,5,1.0
9003265,JNL003265,CU86347,2025-05-01T02:42:00.000Z,North America,US,EN,Chat,Functionality,Two-factor issues,Jonly Floodlight Max,iOS,Tier 1,Closed,978,0,1,5,1.0
9003266,JNL003266,CU29476,2025-06-20T05:28:00.000Z,North America,CA,EN,Email,Inquiry,Device will not pair,Jonly Hub Mini,Android,Escalation,Closed,610,0,1,5,1.0
9003267,JNL003267,CU80310,2025-05-13T09:52:00.000Z,Europe,GB,FR,Phone,Inquiry,Video not loading,Jonly Secure Subscription,iOS,Tier 1,In Progress,1216,0,1,4,0.43
9003268,JNL003268,CU57300,2025-05-14T18:19:00.000Z,Europe,GB,EN,Community,Setup,Cannot login to app,Jonly Doorbell Pro,iOS,Tier 1,Closed,780,1,1,4,0.74
9003269,JNL003269,CU35474,2025-05-18T03:43:00.000Z,Europe,DE,EN,Phone,Connectivity,Poor night vision,Jonly Floodlight Max,Android,Tier 1,Closed,1695,1,0,5,0.91
9003270,JNL003270,CU16036,2025-05-27T04:48:00.000Z,North America,CA,EN,Email,Inquiry,Subscription not applied,Jonly Floodlight Max,Android,Escalation,Closed,1153,0,1,1,-1.0
9003271,JNL003271,CU17197,2025-06-06T22:37:00.000Z,North America,US,EN,Community,Connectivity,Wrong item received,Jonly Cam Outdoor,Android,Tier 1,Closed,538,0,1,5,1.0
9003272,JNL003272,CU85744,2025-06-28T14:17:00.000Z,North America,US,EN,Phone,Connectivity,Audio one-way only,Jonly Cam Outdoor,Android,Tier 1,Closed,711,0,1,4,1.0
9003273,JNL003273,CU53826,2025-06-19T20:52:00.000Z,APAC,AU,EN,Phone,Setup,False motion alerts,Jonly Doorbell Pro,iOS,Tier 1,Closed,1606,0,1,5,1.0
9003274,JNL003274,CU81300,2025-05-21T07:29:00.000Z,North America,US,EN,Phone,Account,Poor night vision,Jonly Doorbell Pro,Web,Tier 1,Closed,846,0,1,5,0.88
9003275,JNL003275,CU69700,2025-06-16T22:55:00.000Z,North America,CA,FR,Email,Inquiry,Device will not pair,Jonly Hub Plus,Web,Tier 2,Escalated,1048,0,1,4,0.4
9003276,JNL003276,CU37293,2025-05-25T13:01:00.000Z,North America,CA,EN,Email,Billing,Two-factor issues,Jonly Secure Subscription,Android,Tier 1,Closed,1032,1,1,2,-0.74
9003277,JNL003277,CU37576,2025-06-22T08:15:00.000Z,Europe,NL,EN,Phone,Connectivity,Audio one-way only,Jonly Hub Plus,iOS,Tier 2,Closed,1734,1,1,5,1.0
9003278,JNL003278,CU64026,2025-07-30T06:22:00.000Z,North America,US,FR,Chat,Connectivity,Device will not pair,Jonly Floodlight Max,iOS,Tier 1,Closed,1054,0,0,3,0.01
9003279,JNL003279,CU51329,2025-06-12T14:25:00.000Z,APAC,NZ,EN,Phone,Inquiry,Video not loading,Jonly Secure Subscription,Android,Escalation,Closed,759,1,1,2,-0.39
9003280,JNL003280,CU88400,2025-06-12T14:46:00.000Z,APAC,NZ,EN,Chat,Setup,Doorbell not ringing,Jonly Floodlight Max,iOS,Tier 1,Escalated,766,0,1,1,-0.95
9003281,JNL003281,CU24826,2025-05-30T08:03:00.000Z,APAC,SG,EN,Phone,Connectivity,Audio one-way only,Jonly Hub Mini,iOS,Tier 1,Closed,180,1,1,5,1.0
9003282,JNL003282,CU35701,2025-06-01T08:59:00.000Z,North America,US,DE,Phone,Billing,No motion alerts,Jonly Cam Outdoor,Other,Tier 1,Closed,1476,1,1,1,-0.89
9003283,JNL003283,CU29999,2025-07-02T05:12:00.000Z,North America,CA,EN,Phone,Connectivity,Doorbell not ringing,Jonly Doorbell Pro,iOS,Tier 1,Closed,902,0,1,2,-0.92
9003284,JNL003284,CU53324,2025-06-23T00:32:00.000Z,North America,CA,EN,Chat,Functionality,Subscription not applied,Jonly Hub Plus,Web,Escalation,Closed,385,0,1,5,0.85
9003285,JNL003285,CU57342,2025-05-27T18:27:00.000Z,North America,CA,EN,Phone,Account,No motion alerts,Jonly Doorbell Pro,Android,Tier 1,Closed,1501,0,1,5,1.0
9003286,JNL003286,CU60180,2025-07-02T18:59:00.000Z,Europe,NL,EN,Community,Setup,Cannot login to app,Jonly Cam Indoor,iOS,Tier 1,Closed,809,0,1,5,1.0
9003287,JNL003287,CU96083,2025-07-05T11:52:00.000Z,Europe,GB,NL,Phone,Functionality,Video not loading,Jonly Doorbell Pro,iOS,Tier 2,Closed,713,0,1,1,-1.0
9003288,JNL003288,CU45992,2025-07-31T18:15:00.000Z,North America,US,EN,Phone,Account,Doorbell not ringing,Jonly Secure Subscription,Android,Tier 2,Closed,964,0,1,4,0.6
9003289,JNL003289,CU61547,2025-05-16T09:12:00.000Z,Europe,NL,NL,Phone,Inquiry,Charged twice,Jonly Secure Subscription,iOS,Escalation,Closed,977,0,1,1,-0.47
9003290,JNL003290,CU16744,2025-06-17T02:54:00.000Z,North America,CA,EN,Phone,Billing,Device will not pair,Jonly Doorbell Pro,Web,Escalation,Closed,1930,0,1,4,0.68
9003291,JNL003291,CU91454,2025-06-10T21:54:00.000Z,North America,CA,EN,Phone,Inquiry,Video not loading,Jonly Cam Indoor,iOS,Tier 2,Closed,1648,1,1,4,0.47
9003292,JNL003292,CU32785,2025-05-01T16:07:00.000Z,North America,US,EN,Chat,Functionality,Cannot login to app,Jonly Hub Mini,iOS,Tier 2,Closed,1026,0,1,5,1.0
9003293,JNL003293,CU32763,2025-05-27T08:25:00.000Z,Europe,GB,DE,Chat,Inquiry,Cannot login to app,Jonly Hub Plus,iOS,Tier 1,In Progress,1019,0,1,2,-0.25
9003294,JNL003294,CU82544,2025-05-25T10:33:00.000Z,North America,US,EN,Chat,Inquiry,Charged twice,Jonly Secure Subscription,Web,Tier 1,Closed,881,0,1,5,1.0
9003295,JNL003295,CU90439,2025-07-27T00:45:00.000Z,Europe,GB,EN,Phone,Setup,Laggy live view,Jonly Hub Mini,iOS,Tier 1,Closed,1310,0,1,5,1.0
9003296,JNL003296,CU21131,2025-05-16T21:02:00.000Z,Europe,GB,EN,Phone,Functionality,Two-factor issues,Jonly Hub Plus,Android,Tier 1,Closed,1040,0,1,3,0.25
9003297,JNL003297,CU14627,2025-05-29T16:48:00.000Z,Europe,DE,FR,Phone,Billing,Audio one-way only,Jonly Floodlight Max,Android,Tier 1,Closed,905,0,1,3,-0.01
9003298,JNL003298,CU78255,2025-07-21T23:01:00.000Z,North America,US,EN,Phone,Billing,Subscription not applied,Jonly Doorbell Pro,iOS,Tier 1,Closed,1149,1,1,5,1.0
9003299,JNL003299,CU88740,2025-06-09T22:20:00.000Z,Europe,GB,EN,Phone,Billing,Audio one-way only,Jonly Cam Indoor,iOS,Tier 2,Closed,1499,0,1,2,-0.49
9003300,JNL003300,CU78649,2025-05-27T09:28:00.000Z,North America,CA,EN,Phone,Functionality,Video not loading,Jonly Secure Subscription,Android,Tier 1,Closed,601,0,1,4,0.78
9003301,JNL003301,CU31455,2025-05-09T16:18:00.000Z,APAC,NZ,EN,Web Form,Connectivity,Wrong item received,Jonly Floodlight Max,Web,Tier 1,Closed,846,0,1,4,0.24
9003302,JNL003302,CU38001,2025-07-15T11:03:00.000Z,Europe,GB,NL,Chat,Connectivity,No motion alerts,Jonly Cam Outdoor,Web,Tier 1,Closed,1216,0,1,4,0.01
9003303,JNL003303,CU73518,2025-06-24T08:10:00.000Z,North America,CA,EN,Phone,Functionality,Doorbell not ringing,Jonly Cam Indoor,Web,Tier 1,Closed,1075,0,1,5,0.19
9003304,JNL003304,CU55382,2025-06-18T13:34:00.000Z,Europe,GB,EN,Phone,Billing,Poor night vision,Jonly Doorbell Pro,iOS,Tier 1,Closed,1052,2,1,1,-0.99
9003305,JNL003305,CU20079,2025-07-20T07:51:00.000Z,APAC,NZ,EN,Web Form,Functionality,Two-factor issues,Jonly Secure Subscription,Android,Tier 1,Escalated,513,0,1,5,1.0
9003306,JNL003306,CU13473,2025-05-26T01:22:00.000Z,North America,US,EN,Chat,Inquiry,Laggy live view,Jonly Floodlight Max,iOS,Tier 1,Closed,1234,0,1,4,0.76
9003307,JNL003307,CU46336,2025-06-07T09:41:00.000Z,Europe,DE,EN,Email,Account,Subscription not applied,Jonly Hub Plus,iOS,Tier 1,Escalated,1048,0,1,4,0.4
9003308,JNL003308,CU15030,2025-05-22T12:44:00.000Z,North America,CA,EN,Chat,Connectivity,Audio one-way only,Jonly Secure Subscription,iOS,Tier 2,Closed,1293,0,1,3,0.47
9003309,JNL003309,CU13840,2025-06-17T22:35:00.000Z,APAC,AU,EN,Phone,Inquiry,Cannot login to app,Jonly Hub Plus,Other,Tier 1,Closed,1296,1,1,5,1.0
9003310,JNL003310,CU25926,2025-05-10T21:29:00.000Z,North America,US,EN,Phone,Shipping,False motion alerts,Jonly Secure Subscription,Android,Tier 1,Closed,754,0,1,2,-0.62
9003311,JNL003311,CU92487,2025-07-27T13:53:00.000Z,APAC,SG,EN,Email,Connectivity,Order not delivered,Jonly Cam Indoor,Android,Tier 2,Escalated,180,0,1,1,-1.0
9003312,JNL003312,CU26687,2025-05-01T15:13:00.000Z,North America,CA,EN,Chat,Billing,False motion alerts,Jonly Floodlight Max,iOS,Tier 2,Closed,1243,1,1,3,0.29
9003313,JNL003313,CU81275,2025-05-11T03:52:00.000Z,North America,CA,EN,Phone,Inquiry,Two-factor issues,Jonly Doorbell Pro,Other,Tier 1,Closed,1365,0,1,4,0.57
9003314,JNL003314,CU62302,2025-05-23T21:52:00.000Z,North America,US,DE,Email,Setup,Doorbell not ringing,Jonly Hub Plus,Android,Tier 1,Closed,940,0,1,2,-0.42
9003315,JNL003315,CU48645,2025-05-25T13:03:00.000Z,North America,CA,EN,Community,Connectivity,Subscription not applied,Jonly Cam Indoor,Web,Tier 1,Closed,180,0,1,3,-0.36
9003316,JNL003316,CU36887,2025-06-19T07:24:00.000Z,North America,CA,EN,Phone,Connectivity,No motion alerts,Jonly Hub Plus,Android,Tier 2,Closed,936,1,1,3,-0.21
9003317,JNL003317,CU37335,2025-07-14T04:21:00.000Z,North America,US,EN,Phone,Billing,Wrong item received,Jonly Secure Subscription,iOS,Tier 1,Closed,1023,1,1,3,0.26
9003318,JNL003318,CU98112,2025-07-24T06:18:00.000Z,Europe,NL,EN,Phone,Connectivity,Subscription not applied,Jonly Cam Indoor,Web,Escalation,Closed,1759,0,1,4,-0.0
9003319,JNL003319,CU16253,2025-05-27T05:59:00.000Z,North America,US,DE,Phone,Billing,No motion alerts,Jonly Hub Mini,Android,Tier 2,Closed,1462,1,1,5,0.86
9003320,JNL003320,CU67448,2025-07-27T06:26:00.000Z,APAC,SG,EN,Email,Account,Camera offline,Jonly Floodlight Max,iOS,Tier 1,Closed,703,1,1,3,-0.45
9003321,JNL003321,CU38661,2025-07-18T12:46:00.000Z,Europe,FR,DE,Phone,Connectivity,False motion alerts,Jonly Floodlight Max,Android,Tier 1,Closed,916,0,0,1,-1.0
9003322,JNL003322,CU61915,2025-06-14T14:31:00.000Z,North America,US,DE,Community,Functionality,Audio one-way only,Jonly Hub Plus,Android,Tier 1,Closed,666,1,1,4,0.7
9003323,JNL003323,CU56183,2025-06-06T08:22:00.000Z,APAC,AU,NL,Phone,Connectivity,Laggy live view,Jonly Cam Outdoor,iOS,Tier 2,Closed,1602,0,1,4,0.36
9003324,JNL003324,CU46373,2025-05-29T07:32:00.000Z,North America,US,FR,Phone,Functionality,Two-factor issues,Jonly Cam Indoor,Other,Tier 1,Escalated,1181,0,1,3,-0.13
9003325,JNL003325,CU30692,2025-06-22T17:21:00.000Z,Europe,GB,DE,Phone,Inquiry,Cannot login to app,Jonly Secure Subscription,Android,Tier 1,Closed,866,2,1,4,0.69
9003326,JNL003326,CU47962,2025-07-29T08:01:00.000Z,APAC,NZ,DE,Phone,Billing,Audio one-way only,Jonly Doorbell Pro,Android,Escalation,Closed,1516,0,1,2,-0.25
9003327,JNL003327,CU91126,2025-06-26T02:43:00.000Z,North America,CA,FR,Chat,Connectivity,Wrong item received,Jonly Cam Indoor,Android,Tier 2,Escalated,1063,2,1,2,-1.0
9003328,JNL003328,CU87970,2025-07-09T11:08:00.000Z,Europe,FR,EN,Phone,Connectivity,Device will not pair,Jonly Doorbell Pro,Android,Escalation,Closed,1496,0,1,4,0.75
9003329,JNL003329,CU80166,2025-07-19T15:16:00.000Z,Europe,FR,DE,Email,Functionality,Audio one-way only,Jonly Hub Mini,Android,Tier 1,Closed,879,0,1,3,-0.09
9003330,JNL003330,CU66056,2025-06-26T21:28:00.000Z,North America,US,EN,Phone,Account,Wrong item received,Jonly Floodlight Max,Web,Tier 1,Escalated,1178,0,1,1,-1.0
9003331,JNL003331,CU54523,2025-06-06T20:54:00.000Z,Europe,FR,EN,Phone,Account,Order not delivered,Jonly Floodlight Max,iOS,Tier 1,Closed,1097,1,1,3,0.04
9003332,JNL003332,CU20889,2025-07-14T13:55:00.000Z,North America,CA,EN,Chat,Inquiry,Video not loading,Jonly Secure Subscription,iOS,Tier 1,In Progress,192,2,1,4,0.94
9003333,JNL003333,CU40571,2025-06-28T11:36:00.000Z,APAC,AU,EN,Phone,Shipping,Two-factor issues,Jonly Hub Plus,iOS,Tier 1,Closed,1030,0,0,4,0.29
9003334,JNL003334,CU48349,2025-05-13T09:31:00.000Z,North America,CA,EN,Phone,Inquiry,Subscription not applied,Jonly Hub Mini,Android,Tier 2,Closed,1469,0,1,3,0.22
9003335,JNL003335,CU55782,2025-07-27T22:19:00.000Z,North America,CA,DE,Phone,Shipping,Order not delivered,Jonly Doorbell Pro,Android,Tier 2,Closed,681,1,1,4,1.0
9003336,JNL003336,CU21457,2025-06-07T08:14:00.000Z,Europe,GB,EN,Phone,Connectivity,Cannot login to app,Jonly Secure Subscription,Web,Tier 1,Closed,2574,0,1,2,-0.19
9003337,JNL003337,CU41323,2025-05-19T23:41:00.000Z,Europe,NL,NL,Phone,Connectivity,Video not loading,Jonly Cam Outdoor,iOS,Tier 1,Closed,210,0,1,4,0.47
9003338,JNL003338,CU93681,2025-06-09T16:29:00.000Z,Europe,GB,EN,Web Form,Account,Doorbell not ringing,Jonly Cam Indoor,Other,Tier 2,Closed,567,0,0,3,0.38
9003339,JNL003339,CU36577,2025-06-02T13:21:00.000Z,Europe,GB,EN,Chat,Connectivity,Video not loading,Jonly Doorbell Pro,Android,Tier 1,Closed,312,1,1,2,-0.44
9003340,JNL003340,CU74945,2025-06-20T13:01:00.000Z,North America,CA,EN,Email,Setup,Doorbell not ringing,Jonly Secure Subscription,Web,Tier 2,Closed,511,0,1,5,1.0
9003341,JNL003341,CU31709,2025-05-21T22:26:00.000Z,North America,CA,EN,Chat,Account,Cannot login to app,Jonly Cam Indoor,Android,Tier 1,Closed,677,0,1,3,0.18
9003342,JNL003342,CU38688,2025-07-27T19:26:00.000Z,North America,US,EN,Chat,Functionality,Device will not pair,Jonly Hub Plus,iOS,Tier 1,Escalated,1005,0,1,3,0.38
9003343,JNL003343,CU87089,2025-05-18T18:23:00.000Z,Europe,GB,EN,Phone,Functionality,Camera offline,Jonly Hub Plus,Web,Escalation,In Progress,1452,0,1,5,1.0
9003344,JNL003344,CU60091,2025-07-15T13:20:00.000Z,APAC,AU,EN,Email,Setup,Audio one-way only,Jonly Hub Mini,Web,Tier 1,Closed,798,0,1,3,0.05
9003345,JNL003345,CU78314,2025-05-24T00:21:00.000Z,North America,US,EN,Phone,Inquiry,Charged twice,Jonly Hub Plus,Android,Tier 1,Closed,1533,0,0,5,1.0
9003346,JNL003346,CU18359,2025-06-08T20:13:00.000Z,Europe,FR,EN,Phone,Connectivity,Cannot login to app,Jonly Hub Mini,iOS,Escalation,Escalated,780,0,1,5,1.0
9003347,JNL003347,CU75223,2025-07-28T02:39:00.000Z,Europe,GB,DE,Phone,Billing,Subscription not applied,Jonly Floodlight Max,Android,Tier 1,Closed,796,0,1,5,1.0
9003348,JNL003348,CU29027,2025-06-16T21:53:00.000Z,North America,US,EN,Chat,Connectivity,Doorbell not ringing,Jonly Hub Plus,Other,Tier 1,Closed,1169,1,1,3,0.82
9003349,JNL003349,CU34434,2025-06-24T02:35:00.000Z,North America,CA,EN,Email,Functionality,Laggy live view,Jonly Floodlight Max,iOS,Tier 1,Closed,420,0,1,3,0.06
9003350,JNL003350,CU86220,2025-07-08T16:59:00.000Z,Europe,FR,EN,Chat,Inquiry,Poor night vision,Jonly Cam Outdoor,iOS,Tier 1,Closed,387,1,1,4,-0.08
9003351,JNL003351,CU96362,2025-07-04T00:50:00.000Z,APAC,SG,EN,Chat,Connectivity,False motion alerts,Jonly Cam Indoor,Android,Tier 1,Closed,364,1,0,2,-0.46
9003352,JNL003352,CU63171,2025-06-27T02:42:00.000Z,Europe,FR,EN,Phone,Inquiry,Video not loading,Jonly Secure Subscription,Other,Tier 1,Closed,1355,0,1,4,0.26
9003353,JNL003353,CU27625,2025-07-09T12:45:00.000Z,APAC,AU,EN,Phone,Account,Poor night vision,Jonly Floodlight Max,Android,Tier 1,Closed,1618,0,1,5,1.0
9003354,JNL003354,CU90267,2025-05-04T19:49:00.000Z,Europe,GB,DE,Email,Inquiry,Wrong item received,Jonly Hub Mini,iOS,Escalation,Closed,1084,0,1,2,-0.42
9003355,JNL003355,CU49940,2025-06-10T14:38:00.000Z,APAC,SG,EN,Phone,Setup,Charged twice,Jonly Doorbell Pro,Android,Tier 1,Closed,1507,0,1,4,0.74
9003356,JNL003356,CU37387,2025-07-21T02:02:00.000Z,Europe,FR,EN,Phone,Setup,False motion alerts,Jonly Cam Outdoor,iOS,Tier 1,Closed,924,2,1,4,1.0
9003357,JNL003357,CU19189,2025-06-21T03:35:00.000Z,North America,CA,DE,Phone,Functionality,False motion alerts,Jonly Cam Outdoor,Android,Tier 1,Closed,1479,0,1,4,0.09
9003358,JNL003358,CU86480,2025-06-15T13:02:00.000Z,North America,CA,EN,Phone,Connectivity,Doorbell not ringing,Jonly Floodlight Max,Web,Tier 1,Closed,1676,1,1,4,0.33
9003359,JNL003359,CU13503,2025-05-19T21:55:00.000Z,North America,CA,EN,Email,Account,Device will not pair,Jonly Secure Subscription,iOS,Tier 2,Closed,180,0,1,3,0.19
9003360,JNL003360,CU73538,2025-07-16T07:31:00.000Z,North America,US,EN,Chat,Account,Order not delivered,Jonly Secure Subscription,iOS,Tier 1,In Progress,1328,1,1,3,0.11
9003361,JNL003361,CU52038,2025-05-08T08:12:00.000Z,Europe,DE,EN,Chat,Account,Wrong item received,Jonly Floodlight Max,Other,Tier 1,Escalated,726,0,1,5,0.89
9003362,JNL003362,CU65780,2025-05-09T09:28:00.000Z,North America,CA,DE,Phone,Functionality,Video not loading,Jonly Cam Indoor,iOS,Tier 1,Closed,655,0,1,4,0.88
9003363,JNL003363,CU68704,2025-05-01T23:54:00.000Z,APAC,SG,DE,Chat,Account,No motion alerts,Jonly Hub Mini,Android,Tier 2,Closed,1277,1,1,3,-0.06
9003364,JNL003364,CU13616,2025-07-11T21:18:00.000Z,North America,US,FR,Phone,Setup,Wrong item received,Jonly Hub Plus,iOS,Tier 1,Closed,1342,0,1,4,0.09
9003365,JNL003365,CU46976,2025-06-06T02:52:00.000Z,North America,CA,EN,Phone,Billing,No motion alerts,Jonly Secure Subscription,Web,Tier 1,Escalated,761,0,1,5,0.77
9003366,JNL003366,CU14960,2025-07-24T00:49:00.000Z,North America,US,EN,Phone,Setup,Doorbell not ringing,Jonly Hub Plus,iOS,Tier 1,Closed,1352,2,0,3,0.29
9003367,JNL003367,CU23726,2025-07-24T18:02:00.000Z,Europe,FR,DE,Chat,Inquiry,Audio one-way only,Jonly Hub Plus,iOS,Tier 2,Closed,1054,1,1,3,-0.27
9003368,JNL003368,CU95303,2025-06-05T13:27:00.000Z,North America,CA,EN,Phone,Setup,Device will not pair,Jonly Secure Subscription,iOS,Tier 1,In Progress,1411,1,1,3,-0.17
9003369,JNL003369,CU38409,2025-07-09T19:27:00.000Z,North America,US,EN,Phone,Connectivity,No motion alerts,Jonly Cam Indoor,Android,Tier 1,Closed,1153,0,1,3,-0.09
9003370,JNL003370,CU49483,2025-07-18T17:07:00.000Z,Europe,GB,EN,Phone,Billing,Subscription not applied,Jonly Secure Subscription,Web,Tier 1,Closed,1827,2,1,4,0.67
9003371,JNL003371,CU19838,2025-06-01T17:32:00.000Z,North America,CA,EN,Phone,Functionality,Camera offline,Jonly Floodlight Max,Web,Tier 2,Closed,1499,0,1,5,0.72
9003372,JNL003372,CU28878,2025-06-18T22:31:00.000Z,North America,CA,EN,Phone,Functionality,Video not loading,Jonly Floodlight Max,Android,Tier 1,Closed,1396,0,1,3,-0.2
9003373,JNL003373,CU67915,2025-07-01T12:09:00.000Z,North America,CA,EN,Phone,Inquiry,False motion alerts,Jonly Hub Plus,Android,Tier 1,Closed,1424,0,1,5,1.0
9003374,JNL003374,CU29225,2025-07-31T09:44:00.000Z,North America,CA,EN,Phone,Inquiry,Doorbell not ringing,Jonly Cam Indoor,Android,Escalation,Closed,210,0,1,4,0.27
9003375,JNL003375,CU81737,2025-05-09T09:17:00.000Z,North America,CA,DE,Email,Functionality,Cannot login to app,Jonly Hub Mini,Android,Tier 1,Closed,1095,0,1,5,0.7
9003376,JNL003376,CU21972,2025-06-10T07:37:00.000Z,North America,US,FR,Web Form,Inquiry,Doorbell not ringing,Jonly Doorbell Pro,iOS,Tier 1,Closed,590,0,1,5,1.0
9003377,JNL003377,CU38211,2025-06-25T00:08:00.000Z,North America,CA,EN,Email,Inquiry,No motion alerts,Jonly Hub Plus,iOS,Tier 2,Closed,868,0,1,2,-0.19
9003378,JNL003378,CU30207,2025-06-01T11:27:00.000Z,Europe,GB,EN,Chat,Billing,Wrong item received,Jonly Hub Plus,Web,Tier 1,Closed,874,0,1,3,0.44
9003379,JNL003379,CU91272,2025-06-26T16:53:00.000Z,Europe,FR,EN,Chat,Connectivity,Order not delivered,Jonly Hub Mini,Android,Tier 1,Closed,611,0,1,5,0.86
9003380,JNL003380,CU41701,2025-07-05T09:24:00.000Z,Europe,FR,EN,Community,Connectivity,Audio one-way only,Jonly Cam Outdoor,Android,Tier 1,Closed,939,0,1,4,0.38
9003381,JNL003381,CU21240,2025-06-28T10:11:00.000Z,North America,CA,NL,Phone,Inquiry,Order not delivered,Jonly Hub Mini,iOS,Tier 1,Closed,699,2,1,3,0.6
9003382,JNL003382,CU15498,2025-05-09T07:36:00.000Z,North America,CA,EN,Phone,Inquiry,False motion alerts,Jonly Cam Indoor,iOS,Tier 1,Closed,908,1,1,4,-0.04
9003383,JNL003383,CU93597,2025-05-21T07:17:00.000Z,APAC,AU,EN,Email,Billing,Wrong item received,Jonly Cam Indoor,Android,Tier 1,Closed,997,0,1,5,1.0
9003384,JNL003384,CU46604,2025-07-04T11:19:00.000Z,North America,US,DE,Email,Functionality,Camera offline,Jonly Cam Indoor,Android,Tier 1,In Progress,344,0,1,3,0.16
9003385,JNL003385,CU93197,2025-07-23T15:57:00.000Z,North America,CA,EN,Email,Functionality,Doorbell not ringing,Jonly Doorbell Pro,iOS,Tier 1,Closed,452,0,1,4,-0.12
9003386,JNL003386,CU82616,2025-05-04T04:02:00.000Z,Europe,GB,EN,Email,Inquiry,Camera offline,Jonly Hub Mini,Web,Tier 1,Closed,1166,0,1,5,0.52
9003387,JNL003387,CU29809,2025-07-12T13:51:00.000Z,North America,US,FR,Email,Shipping,Two-factor issues,Jonly Cam Indoor,Android,Escalation,Escalated,799,1,1,4,-0.02
9003388,JNL003388,CU77030,2025-06-07T05:26:00.000Z,North America,US,EN,Phone,Inquiry,Subscription not applied,Jonly Cam Outdoor,iOS,Tier 2,Closed,1032,1,1,3,0.75
9003389,JNL003389,CU91800,2025-07-06T08:56:00.000Z,APAC,NZ,EN,Web Form,Connectivity,Laggy live view,Jonly Hub Mini,iOS,Tier 2,Closed,1022,0,1,5,1.0
9003390,JNL003390,CU11158,2025-07-10T05:22:00.000Z,Europe,DE,DE,Chat,Inquiry,Doorbell not ringing,Jonly Hub Mini,iOS,Tier 1,Closed,2090,0,1,5,0.85
9003391,JNL003391,CU63172,2025-07-08T07:25:00.000Z,Europe,FR,FR,Email,Billing,Charged twice,Jonly Floodlight Max,Web,Tier 1,Closed,1499,1,1,4,0.53
9003392,JNL003392,CU43583,2025-06-02T17:54:00.000Z,APAC,AU,DE,Chat,Shipping,Wrong item received,Jonly Doorbell Pro,Android,Tier 2,Escalated,939,1,1,3,-0.05
9003393,JNL003393,CU37146,2025-06-15T02:25:00.000Z,North America,US,EN,Web Form,Inquiry,Cannot login to app,Jonly Hub Plus,Android,Tier 1,Closed,180,0,1,5,0.94
9003394,JNL003394,CU86625,2025-06-29T05:48:00.000Z,North America,US,EN,Phone,Account,Laggy live view,Jonly Cam Outdoor,Android,Tier 2,Escalated,1274,1,1,5,1.0
9003395,JNL003395,CU92487,2025-06-20T11:19:00.000Z,North America,US,EN,Chat,Billing,False motion alerts,Jonly Hub Plus,iOS,Escalation,Closed,533,1,1,5,0.79
9003396,JNL003396,CU89154,2025-05-13T06:18:00.000Z,North America,US,NL,Chat,Functionality,No motion alerts,Jonly Cam Indoor,Android,Tier 1,Escalated,840,1,1,4,0.35
9003397,JNL003397,CU41997,2025-06-18T04:12:00.000Z,APAC,AU,EN,Phone,Account,Poor night vision,Jonly Floodlight Max,iOS,Tier 2,Closed,1471,0,1,4,0.53
9003398,JNL003398,CU10659,2025-06-23T02:04:00.000Z,North America,US,NL,Chat,Inquiry,Poor night vision,Jonly Floodlight Max,iOS,Tier 1,Closed,842,2,1,2,-0.17
9003399,JNL003399,CU21680,2025-06-28T10:46:00.000Z,North America,CA,EN,Phone,Inquiry,Charged twice,Jonly Floodlight Max,iOS,Tier 1,Closed,1194,0,1,3,0.23
9003400,JNL003400,CU13862,2025-06-27T20:09:00.000Z,North America,US,DE,Web Form,Functionality,Video not loading,Jonly Hub Mini,Android,Tier 1,In Progress,786,0,1,4,0.46
9003401,JNL003401,CU22466,2025-06-12T15:48:00.000Z,North America,US,EN,Web Form,Inquiry,Poor night vision,Jonly Cam Indoor,Android,Tier 1,Closed,212,0,1,4,0.93
9003402,JNL003402,CU80179,2025-06-19T10:13:00.000Z,Europe,NL,EN,Chat,Connectivity,Device will not pair,Jonly Hub Mini,Web,Tier 2,Closed,747,0,1,5,0.64
9003403,JNL003403,CU83203,2025-07-25T05:01:00.000Z,North America,CA,EN,Phone,Functionality,Order not delivered,Jonly Doorbell Pro,Android,Tier 1,Closed,471,0,0,5,0.28
9003404,JNL003404,CU54783,2025-05-29T03:03:00.000Z,Europe,NL,EN,Email,Inquiry,Doorbell not ringing,Jonly Doorbell Pro,iOS,Tier 1,Closed,540,0,1,3,-0.08
9003405,JNL003405,CU58578,2025-05-19T01:55:00.000Z,North America,US,DE,Chat,Functionality,Subscription not applied,Jonly Hub Mini,Web,Tier 1,Closed,513,0,1,3,0.41
9003406,JNL003406,CU65422,2025-05-20T16:21:00.000Z,North America,CA,EN,Chat,Shipping,Order not delivered,Jonly Cam Indoor,Android,Tier 1,Closed,1135,2,1,3,0.05
9003407,JNL003407,CU58785,2025-07-23T15:59:00.000Z,Europe,FR,EN,Phone,Inquiry,Two-factor issues,Jonly Floodlight Max,iOS,Tier 2,Closed,2295,0,1,4,0.69
9003408,JNL003408,CU84283,2025-07-13T06:22:00.000Z,North America,US,EN,Email,Setup,Subscription not applied,Jonly Hub Plus,Web,Tier 1,Escalated,1021,0,1,4,0.22
9003409,JNL003409,CU73023,2025-07-07T04:24:00.000Z,APAC,SG,EN,Phone,Account,No motion alerts,Jonly Floodlight Max,Android,Tier 2,In Progress,859,1,1,4,0.67
9003410,JNL003410,CU84008,2025-07-13T10:42:00.000Z,North America,US,FR,Chat,Functionality,Wrong item received,Jonly Doorbell Pro,iOS,Escalation,Closed,943,0,1,5,0.87
9003411,JNL003411,CU30842,2025-06-19T19:02:00.000Z,Europe,NL,EN,Phone,Inquiry,Wrong item received,Jonly Cam Indoor,Android,Tier 2,Closed,1013,2,0,3,0.33
9003412,JNL003412,CU18005,2025-07-15T05:54:00.000Z,North America,US,EN,Phone,Billing,Poor night vision,Jonly Hub Mini,Android,Tier 1,In Progress,857,0,1,3,-0.1
9003413,JNL003413,CU51186,2025-07-23T04:26:00.000Z,North America,CA,EN,Chat,Billing,False motion alerts,Jonly Hub Mini,Android,Tier 1,Escalated,199,1,1,5,1.0
9003414,JNL003414,CU65333,2025-06-06T17:42:00.000Z,North America,CA,EN,Community,Inquiry,Two-factor issues,Jonly Hub Mini,iOS,Tier 1,Closed,1039,0,1,3,0.1
9003415,JNL003415,CU35079,2025-07-24T01:15:00.000Z,Europe,NL,EN,Phone,Setup,Subscription not applied,Jonly Secure Subscription,Android,Tier 2,Closed,1020,0,0,5,1.0
9003416,JNL003416,CU33590,2025-07-06T20:23:00.000Z,North America,US,EN,Phone,Connectivity,Audio one-way only,Jonly Doorbell Pro,Android,Tier 1,Closed,634,0,1,5,1.0
9003417,JNL003417,CU41147,2025-07-31T12:27:00.000Z,APAC,SG,EN,Phone,Connectivity,Video not loading,Jonly Secure Subscription,Android,Tier 1,Closed,1254,0,1,5,0.4
9003418,JNL003418,CU18892,2025-06-15T14:31:00.000Z,APAC,SG,NL,Phone,Connectivity,Video not loading,Jonly Secure Subscription,Android,Tier 1,Closed,451,2,0,1,-1.0
9003419,JNL003419,CU52646,2025-05-05T21:34:00.000Z,North America,US,EN,Chat,Inquiry,Audio one-way only,Jonly Hub Plus,Web,Tier 1,Closed,725,0,1,5,1.0
9003420,JNL003420,CU20686,2025-07-29T01:57:00.000Z,North America,CA,EN,Chat,Connectivity,Doorbell not ringing,Jonly Cam Outdoor,iOS,Tier 1,Closed,557,0,0,5,1.0
9003421,JNL003421,CU81758,2025-05-31T14:15:00.000Z,Europe,FR,EN,Chat,Inquiry,Charged twice,Jonly Floodlight Max,iOS,Tier 1,Closed,903,0,1,5,0.97
9003422,JNL003422,CU69537,2025-07-14T23:27:00.000Z,Europe,NL,EN,Phone,Account,Laggy live view,Jonly Hub Mini,iOS,Tier 1,Escalated,509,0,1,3,0.32
9003423,JNL003423,CU69196,2025-07-06T06:41:00.000Z,North America,US,EN,Phone,Setup,Two-factor issues,Jonly Hub Plus,iOS,Tier 1,Closed,300,0,1,4,0.68
9003424,JNL003424,CU55305,2025-05-25T14:39:00.000Z,APAC,NZ,DE,Email,Functionality,Subscription not applied,Jonly Hub Plus,Android,Escalation,Closed,838,1,1,4,0.27
9003425,JNL003425,CU63709,2025-05-29T09:22:00.000Z,Europe,GB,EN,Phone,Billing,Poor night vision,Jonly Cam Outdoor,Web,Escalation,Closed,935,0,1,4,0.55
9003426,JNL003426,CU73160,2025-05-26T18:10:00.000Z,North America,CA,FR,Email,Connectivity,Camera offline,Jonly Cam Indoor,iOS,Tier 1,Closed,989,0,0,5,1.0
9003427,JNL003427,CU91791,2025-07-08T13:17:00.000Z,North America,CA,EN,Phone,Shipping,Audio one-way only,Jonly Hub Mini,iOS,Tier 1,Closed,1280,1,0,5,1.0
9003428,JNL003428,CU35608,2025-07-18T00:08:00.000Z,North America,CA,EN,Phone,Connectivity,Cannot login to app,Jonly Cam Indoor,Android,Tier 2,Escalated,1271,1,1,3,0.02
9003429,JNL003429,CU68719,2025-05-29T13:13:00.000Z,APAC,SG,EN,Community,Setup,No motion alerts,Jonly Doorbell Pro,Android,Tier 1,Escalated,987,2,1,4,1.0
9003430,JNL003430,CU98809,2025-05-26T14:41:00.000Z,Europe,FR,FR,Web Form,Inquiry,Laggy live view,Jonly Hub Plus,iOS,Tier 1,Closed,723,0,1,5,1.0
9003431,JNL003431,CU31151,2025-07-19T00:50:00.000Z,North America,US,DE,Chat,Shipping,Charged twice,Jonly Cam Indoor,iOS,Tier 1,Closed,1075,0,1,3,-0.2
9003432,JNL003432,CU82606,2025-05-07T01:14:00.000Z,North America,US,EN,Phone,Functionality,No motion alerts,Jonly Doorbell Pro,iOS,Tier 1,In Progress,1044,0,0,4,0.21
9003433,JNL003433,CU43608,2025-06-03T15:10:00.000Z,APAC,SG,FR,Web Form,Connectivity,No motion alerts,Jonly Cam Outdoor,iOS,Tier 2,Closed,875,0,1,3,-0.3
9003434,JNL003434,CU76570,2025-07-11T20:26:00.000Z,Europe,NL,DE,Phone,Connectivity,Audio one-way only,Jonly Hub Plus,Web,Tier 1,Closed,1413,0,1,2,-1.0
9003435,JNL003435,CU44920,2025-05-27T20:14:00.000Z,North America,US,EN,Chat,Inquiry,Camera offline,Jonly Cam Outdoor,Android,Tier 1,In Progress,568,1,1,3,-0.33
9003436,JNL003436,CU20013,2025-06-25T08:11:00.000Z,North America,US,DE,Email,Setup,Poor night vision,Jonly Hub Plus,iOS,Tier 1,Closed,1456,1,1,3,-0.04
9003437,JNL003437,CU16953,2025-05-18T14:17:00.000Z,Europe,DE,EN,Phone,Billing,Video not loading,Jonly Doorbell Pro,iOS,Tier 1,Closed,226,1,1,5,0.9
9003438,JNL003438,CU36883,2025-05-29T18:22:00.000Z,Europe,NL,EN,Chat,Functionality,Wrong item received,Jonly Cam Outdoor,Android,Escalation,Closed,872,0,1,5,1.0
9003439,JNL003439,CU18922,2025-05-11T02:03:00.000Z,APAC,NZ,EN,Web Form,Inquiry,Audio one-way only,Jonly Cam Outdoor,Android,Tier 1,In Progress,1180,0,1,5,0.92
9003440,JNL003440,CU50444,2025-05-11T19:25:00.000Z,North America,US,EN,Phone,Account,Poor night vision,Jonly Doorbell Pro,Android,Tier 1,Closed,1948,0,1,4,0.22
9003441,JNL003441,CU27606,2025-06-02T21:38:00.000Z,Europe,GB,EN,Email,Billing,Laggy live view,Jonly Doorbell Pro,iOS,Tier 1,Closed,768,0,1,4,0.38
9003442,JNL003442,CU47573,2025-05-30T10:47:00.000Z,North America,US,EN,Chat,Account,Two-factor issues,Jonly Cam Indoor,iOS,Tier 1,In Progress,1241,0,1,5,0.83
9003443,JNL003443,CU37018,2025-07-14T03:00:00.000Z,North America,US,EN,Email,Billing,Camera offline,Jonly Cam Outdoor,Android,Tier 2,In Progress,658,1,1,5,1.0
9003444,JNL003444,CU73276,2025-07-06T05:06:00.000Z,North America,US,DE,Phone,Setup,Poor night vision,Jonly Hub Mini,iOS,Tier 2,In Progress,1478,1,1,2,-1.0
9003445,JNL003445,CU87585,2025-06-09T05:03:00.000Z,Europe,FR,DE,Chat,Functionality,Doorbell not ringing,Jonly Cam Outdoor,iOS,Tier 1,Closed,709,0,1,4,0.52
9003446,JNL003446,CU66192,2025-05-13T12:21:00.000Z,North America,US,DE,Chat,Functionality,Subscription not applied,Jonly Doorbell Pro,Android,Tier 2,Closed,907,0,1,5,1.0
9003447,JNL003447,CU63694,2025-06-06T08:41:00.000Z,North America,CA,EN,Email,Account,Camera offline,Jonly Cam Outdoor,iOS,Tier 1,Closed,1448,0,1,3,0.25
9003448,JNL003448,CU98818,2025-05-30T17:54:00.000Z,North America,US,EN,Phone,Functionality,False motion alerts,Jonly Hub Mini,Android,Tier 1,Closed,1740,1,1,2,-0.33
9003449,JNL003449,CU38408,2025-05-15T00:59:00.000Z,North America,CA,EN,Community,Billing,Laggy live view,Jonly Doorbell Pro,iOS,Tier 1,Closed,944,1,1,3,-0.09
9003450,JNL003450,CU43535,2025-07-12T05:25:00.000Z,North America,CA,EN,Phone,Account,Cannot login to app,Jonly Cam Outdoor,Android,Tier 1,Closed,940,0,1,3,-0.09
9003451,JNL003451,CU41913,2025-06-23T16:24:00.000Z,North America,CA,DE,Chat,Inquiry,No motion alerts,Jonly Cam Outdoor,Android,Tier 1,Escalated,1350,0,1,5,1.0
9003452,JNL003452,CU80725,2025-05-23T15:21:00.000Z,North America,US,EN,Chat,Functionality,Order not delivered,Jonly Cam Indoor,Android,Tier 1,Closed,689,1,1,3,-0.03
9003453,JNL003453,CU72161,2025-06-14T17:14:00.000Z,Europe,GB,EN,Phone,Account,False motion alerts,Jonly Hub Mini,iOS,Tier 1,Closed,740,1,1,5,1.0
9003454,JNL003454,CU74096,2025-07-13T16:26:00.000Z,North America,US,EN,Email,Setup,Subscription not applied,Jonly Cam Outdoor,Web,Escalation,Closed,618,1,1,3,-0.5
9003455,JNL003455,CU34353,2025-06-22T07:02:00.000Z,APAC,NZ,DE,Phone,Functionality,Video not loading,Jonly Floodlight Max,iOS,Tier 2,Closed,1357,0,1,5,1.0
9003456,JNL003456,CU78757,2025-06-16T18:28:00.000Z,Europe,FR,FR,Phone,Inquiry,Laggy live view,Jonly Doorbell Pro,Web,Tier 1,Closed,788,0,1,2,-0.48
9003457,JNL003457,CU23579,2025-05-29T08:34:00.000Z,North America,US,EN,Web Form,Billing,Device will not pair,Jonly Floodlight Max,Android,Tier 2,Closed,1245,0,1,3,0.39
9003458,JNL003458,CU59479,2025-05-22T20:50:00.000Z,Europe,FR,EN,Phone,Connectivity,Video not loading,Jonly Hub Plus,Web,Tier 1,Closed,180,0,1,5,0.91
9003459,JNL003459,CU51692,2025-06-13T20:51:00.000Z,North America,CA,EN,Phone,Inquiry,Wrong item received,Jonly Secure Subscription,Web,Tier 1,Closed,851,0,1,4,0.06
9003460,JNL003460,CU34277,2025-05-05T21:20:00.000Z,North America,US,DE,Phone,Connectivity,Poor night vision,Jonly Cam Indoor,Android,Tier 1,Closed,1594,0,1,4,0.84
9003461,JNL003461,CU46546,2025-06-09T01:43:00.000Z,North America,CA,FR,Web Form,Billing,Video not loading,Jonly Doorbell Pro,iOS,Tier 1,Closed,520,2,1,1,-0.54
9003462,JNL003462,CU33459,2025-05-05T15:28:00.000Z,APAC,AU,EN,Web Form,Shipping,Subscription not applied,Jonly Hub Plus,iOS,Tier 1,Closed,768,0,1,3,-0.39
9003463,JNL003463,CU17144,2025-06-19T18:53:00.000Z,North America,CA,EN,Web Form,Inquiry,Charged twice,Jonly Hub Mini,iOS,Tier 2,Closed,1291,0,1,3,-0.37
9003464,JNL003464,CU84308,2025-05-27T20:08:00.000Z,APAC,AU,EN,Phone,Billing,False motion alerts,Jonly Hub Plus,Android,Tier 1,In Progress,870,0,1,5,0.51
9003465,JNL003465,CU21771,2025-05-03T13:12:00.000Z,Europe,NL,EN,Phone,Connectivity,Video not loading,Jonly Floodlight Max,iOS,Tier 2,Closed,1027,1,0,5,0.99
9003466,JNL003466,CU37455,2025-06-07T05:21:00.000Z,North America,US,NL,Chat,Inquiry,Cannot login to app,Jonly Secure Subscription,Other,Tier 1,In Progress,572,1,0,5,0.74
9003467,JNL003467,CU94696,2025-07-26T23:50:00.000Z,Europe,DE,NL,Phone,Inquiry,False motion alerts,Jonly Doorbell Pro,iOS,Tier 1,Closed,1100,0,1,4,0.89
9003468,JNL003468,CU32641,2025-05-26T22:55:00.000Z,North America,US,DE,Phone,Shipping,Cannot login to app,Jonly Cam Indoor,iOS,Tier 2,Closed,1212,0,1,5,1.0
9003469,JNL003469,CU41625,2025-06-12T21:17:00.000Z,North America,US,NL,Web Form,Setup,Doorbell not ringing,Jonly Secure Subscription,Android,Tier 2,Closed,334,1,1,1,-0.97
9003470,JNL003470,CU65589,2025-06-21T16:42:00.000Z,Europe,NL,FR,Phone,Inquiry,Cannot login to app,Jonly Doorbell Pro,Android,Tier 1,Closed,1490,0,1,4,0.97
9003471,JNL003471,CU77066,2025-07-30T09:48:00.000Z,Europe,DE,EN,Chat,Inquiry,False motion alerts,Jonly Floodlight Max,iOS,Tier 2,Closed,287,0,1,4,0.78
9003472,JNL003472,CU28120,2025-06-15T12:34:00.000Z,Europe,GB,EN,Chat,Setup,Audio one-way only,Jonly Doorbell Pro,Web,Tier 1,Closed,1198,0,0,4,0.98
9003473,JNL003473,CU80847,2025-06-27T15:13:00.000Z,North America,US,EN,Chat,Functionality,No motion alerts,Jonly Hub Plus,Web,Tier 1,Closed,675,1,1,4,-0.15
9003474,JNL003474,CU36683,2025-06-06T06:59:00.000Z,North America,CA,EN,Phone,Inquiry,Wrong item received,Jonly Hub Mini,iOS,Tier 1,Closed,789,1,1,5,0.63
9003475,JNL003475,CU93929,2025-05-13T15:04:00.000Z,North America,CA,DE,Phone,Billing,Subscription not applied,Jonly Hub Plus,Web,Tier 1,Closed,1253,0,1,2,-0.32
9003476,JNL003476,CU59227,2025-06-27T19:52:00.000Z,North America,CA,EN,Phone,Functionality,Wrong item received,Jonly Cam Indoor,iOS,Tier 1,Closed,1122,1,1,2,-0.49
9003477,JNL003477,CU32301,2025-07-05T16:14:00.000Z,North America,US,EN,Phone,Inquiry,Doorbell not ringing,Jonly Cam Outdoor,Android,Tier 1,Closed,298,1,1,1,-1.0
9003478,JNL003478,CU95416,2025-07-31T04:04:00.000Z,North America,US,FR,Email,Inquiry,Two-factor issues,Jonly Floodlight Max,Android,Tier 1,Closed,567,2,1,4,0.89
9003479,JNL003479,CU25968,2025-05-22T11:51:00.000Z,North America,US,EN,Web Form,Billing,Charged twice,Jonly Cam Outdoor,iOS,Tier 1,Closed,269,1,1,4,0.97
9003480,JNL003480,CU83155,2025-05-10T00:02:00.000Z,Europe,GB,FR,Web Form,Setup,Poor night vision,Jonly Secure Subscription,iOS,Tier 1,Closed,433,0,1,5,0.77
9003481,JNL003481,CU10826,2025-07-04T20:15:00.000Z,Europe,DE,EN,Email,Functionality,No motion alerts,Jonly Hub Mini,Android,Tier 1,Closed,543,0,1,2,-0.73
9003482,JNL003482,CU52016,2025-07-27T03:57:00.000Z,North America,CA,EN,Chat,Billing,Wrong item received,Jonly Hub Mini,iOS,Tier 2,Closed,900,1,1,4,0.42
9003483,JNL003483,CU75850,2025-05-21T02:58:00.000Z,North America,CA,EN,Chat,Connectivity,Two-factor issues,Jonly Cam Outdoor,Android,Tier 1,Closed,1004,0,1,2,-0.78
9003484,JNL003484,CU32907,2025-07-24T14:19:00.000Z,North America,US,FR,Community,Inquiry,Device will not pair,Jonly Doorbell Pro,iOS,Tier 1,Escalated,191,0,0,4,0.53
9003485,JNL003485,CU50247,2025-07-19T23:20:00.000Z,APAC,SG,DE,Phone,Setup,Laggy live view,Jonly Cam Indoor,iOS,Tier 1,In Progress,1778,0,1,3,-0.43
9003486,JNL003486,CU99551,2025-07-14T15:49:00.000Z,APAC,AU,EN,Phone,Setup,Two-factor issues,Jonly Doorbell Pro,iOS,Tier 1,Closed,1760,1,1,1,-0.67
9003487,JNL003487,CU92845,2025-05-14T02:50:00.000Z,North America,CA,EN,Email,Billing,Device will not pair,Jonly Doorbell Pro,iOS,Tier 2,Closed,180,0,1,2,-0.32
9003488,JNL003488,CU11960,2025-06-06T07:55:00.000Z,North America,US,EN,Web Form,Shipping,Camera offline,Jonly Doorbell Pro,Android,Escalation,Closed,865,0,1,4,0.43
9003489,JNL003489,CU51009,2025-06-12T23:22:00.000Z,Europe,FR,DE,Phone,Account,Two-factor issues,Jonly Hub Plus,Android,Tier 2,Escalated,902,1,1,4,1.0
9003490,JNL003490,CU53276,2025-07-14T15:18:00.000Z,Europe,GB,EN,Phone,Functionality,Cannot login to app,Jonly Secure Subscription,iOS,Tier 1,Closed,488,0,1,5,0.87
9003491,JNL003491,CU94571,2025-06-21T03:11:00.000Z,Europe,NL,EN,Phone,Connectivity,Two-factor issues,Jonly Cam Indoor,Web,Tier 1,Closed,1842,1,1,4,0.93
9003492,JNL003492,CU67438,2025-06-10T18:21:00.000Z,North America,CA,EN,Phone,Functionality,Video not loading,Jonly Doorbell Pro,Android,Tier 2,Closed,933,0,1,3,0.2
9003493,JNL003493,CU95627,2025-07-21T14:45:00.000Z,North America,US,EN,Phone,Inquiry,Subscription not applied,Jonly Secure Subscription,iOS,Tier 2,Closed,1742,0,1,5,1.0
9003494,JNL003494,CU23736,2025-05-06T07:37:00.000Z,Europe,GB,EN,Email,Connectivity,Video not loading,Jonly Hub Plus,iOS,Tier 1,Closed,788,0,1,5,0.68
9003495,JNL003495,CU25151,2025-06-30T12:56:00.000Z,APAC,SG,EN,Phone,Setup,Two-factor issues,Jonly Hub Plus,iOS,Escalation,In Progress,965,2,0,4,1.0
9003496,JNL003496,CU91482,2025-07-18T04:43:00.000Z,North America,US,EN,Chat,Functionality,No motion alerts,Jonly Floodlight Max,Android,Tier 2,Closed,420,0,1,5,0.84
9003497,JNL003497,CU17797,2025-05-28T05:31:00.000Z,North America,US,EN,Email,Functionality,Audio one-way only,Jonly Hub Plus,Android,Escalation,Escalated,596,0,0,3,0.13
9003498,JNL003498,CU89228,2025-06-05T09:31:00.000Z,North America,US,EN,Phone,Shipping,Two-factor issues,Jonly Hub Mini,iOS,Tier 1,Closed,1992,0,1,5,0.56
9003499,JNL003499,CU25465,2025-06-02T17:32:00.000Z,APAC,SG,EN,Phone,Connectivity,Two-factor issues,Jonly Cam Outdoor,Other,Tier 1,Escalated,742,0,1,5,0.8
9003500,JNL003500,CU27508,2025-06-21T20:43:00.000Z,North America,CA,EN,Phone,Billing,Laggy live view,Jonly Hub Mini,Android,Tier 1,Closed,1073,0,1,3,0.36
9003501,JNL003501,CU40366,2025-05-29T00:18:00.000Z,Europe,GB,EN,Phone,Inquiry,No motion alerts,Jonly Cam Indoor,Web,Tier 1,Closed,582,0,1,4,0.42
9003502,JNL003502,CU43670,2025-07-31T16:18:00.000Z,North America,US,EN,Chat,Shipping,Doorbell not ringing,Jonly Floodlight Max,iOS,Tier 1,Closed,1112,0,1,3,0.2
9003503,JNL003503,CU61292,2025-05-10T19:16:00.000Z,APAC,SG,DE,Web Form,Account,Cannot login to app,Jonly Secure Subscription,Android,Tier 1,Escalated,389,1,1,5,0.73
9003504,JNL003504,CU20231,2025-07-31T23:08:00.000Z,APAC,SG,DE,Phone,Inquiry,False motion alerts,Jonly Secure Subscription,Android,Tier 1,Escalated,1586,0,1,4,0.76
9003505,JNL003505,CU17908,2025-07-12T13:25:00.000Z,Europe,NL,EN,Phone,Functionality,Doorbell not ringing,Jonly Cam Indoor,iOS,Tier 1,Closed,1130,0,1,5,0.78
9003506,JNL003506,CU83419,2025-05-23T11:02:00.000Z,Europe,DE,EN,Community,Inquiry,No motion alerts,Jonly Floodlight Max,Android,Escalation,Closed,568,0,1,5,0.66
9003507,JNL003507,CU10909,2025-05-23T18:51:00.000Z,North America,CA,EN,Chat,Setup,Poor night vision,Jonly Hub Plus,Android,Tier 1,Closed,563,0,1,3,0.05
9003508,JNL003508,CU17005,2025-05-20T08:52:00.000Z,Europe,FR,EN,Chat,Functionality,Laggy live view,Jonly Cam Outdoor,iOS,Tier 1,Closed,908,0,1,3,0.08
9003509,JNL003509,CU34128,2025-07-26T14:20:00.000Z,APAC,NZ,EN,Phone,Inquiry,No motion alerts,Jonly Hub Mini,iOS,Tier 1,Closed,944,2,1,3,0.53
9003510,JNL003510,CU20465,2025-07-24T10:59:00.000Z,Europe,FR,NL,Phone,Setup,Subscription not applied,Jonly Hub Plus,iOS,Tier 2,Closed,1524,0,1,4,-0.01
9003511,JNL003511,CU41470,2025-07-01T04:24:00.000Z,North America,US,EN,Chat,Setup,Subscription not applied,Jonly Hub Mini,Android,Tier 2,Closed,951,0,1,5,0.93
9003512,JNL003512,CU90295,2025-05-07T20:56:00.000Z,APAC,AU,EN,Community,Connectivity,Poor night vision,Jonly Hub Mini,Android,Tier 1,Closed,688,0,1,3,-0.2
9003513,JNL003513,CU90378,2025-05-14T12:26:00.000Z,North America,US,DE,Email,Inquiry,Audio one-way only,Jonly Secure Subscription,iOS,Tier 1,Closed,752,0,1,5,0.59
9003514,JNL003514,CU83809,2025-07-06T04:31:00.000Z,Europe,DE,EN,Email,Setup,Wrong item received,Jonly Cam Outdoor,Android,Escalation,Escalated,1147,0,1,5,-0.01
9003515,JNL003515,CU38026,2025-05-07T05:43:00.000Z,North America,US,EN,Chat,Functionality,Doorbell not ringing,Jonly Cam Indoor,Android,Escalation,Closed,898,0,1,1,-1.0
9003516,JNL003516,CU54621,2025-07-03T15:03:00.000Z,North America,CA,NL,Chat,Inquiry,Charged twice,Jonly Hub Mini,iOS,Tier 1,Closed,1633,1,0,2,-0.39
9003517,JNL003517,CU76748,2025-06-28T16:25:00.000Z,Europe,GB,EN,Phone,Functionality,Poor night vision,Jonly Doorbell Pro,Android,Tier 1,In Progress,1114,0,1,5,0.96
9003518,JNL003518,CU76317,2025-06-19T12:38:00.000Z,Europe,FR,NL,Web Form,Shipping,Laggy live view,Jonly Hub Plus,iOS,Tier 1,Closed,896,0,1,3,0.06
9003519,JNL003519,CU31556,2025-05-15T14:44:00.000Z,APAC,AU,EN,Web Form,Functionality,Camera offline,Jonly Doorbell Pro,iOS,Tier 2,Closed,900,0,1,5,0.98
9003520,JNL003520,CU31578,2025-06-30T17:21:00.000Z,North America,US,EN,Phone,Billing,Audio one-way only,Jonly Doorbell Pro,Android,Tier 2,In Progress,850,0,1,5,1.0
9003521,JNL003521,CU50454,2025-06-22T05:51:00.000Z,North America,US,EN,Web Form,Billing,Laggy live view,Jonly Secure Subscription,iOS,Tier 2,Closed,997,4,1,1,-0.94
9003522,JNL003522,CU52718,2025-07-31T07:49:00.000Z,North America,CA,EN,Phone,Billing,Wrong item received,Jonly Hub Mini,Android,Escalation,Closed,1107,1,1,3,-0.14
9003523,JNL003523,CU99116,2025-07-10T14:33:00.000Z,North America,US,EN,Email,Inquiry,Cannot login to app,Jonly Cam Outdoor,iOS,Tier 1,In Progress,180,0,1,4,0.48
9003524,JNL003524,CU22937,2025-07-07T10:54:00.000Z,Europe,NL,EN,Web Form,Billing,Two-factor issues,Jonly Hub Mini,Other,Tier 1,Closed,1197,0,0,5,1.0
9003525,JNL003525,CU76062,2025-05-19T00:55:00.000Z,North America,US,EN,Chat,Connectivity,No motion alerts,Jonly Doorbell Pro,iOS,Tier 1,Closed,1267,1,0,4,1.0
9003526,JNL003526,CU54270,2025-05-11T03:37:00.000Z,Europe,GB,FR,Web Form,Setup,Video not loading,Jonly Cam Outdoor,iOS,Tier 2,Closed,576,1,1,5,1.0
9003527,JNL003527,CU12499,2025-06-22T17:15:00.000Z,APAC,NZ,EN,Email,Shipping,Device will not pair,Jonly Cam Outdoor,Web,Tier 1,Closed,1115,1,1,5,1.0
9003528,JNL003528,CU71982,2025-05-24T13:02:00.000Z,North America,US,EN,Web Form,Account,Video not loading,Jonly Cam Indoor,Android,Tier 1,Closed,756,0,1,4,0.31
9003529,JNL003529,CU43364,2025-06-27T23:54:00.000Z,Europe,FR,FR,Web Form,Functionality,Cannot login to app,Jonly Cam Outdoor,Web,Escalation,Closed,1546,0,1,2,-1.0
9003530,JNL003530,CU45422,2025-06-09T23:17:00.000Z,Europe,FR,EN,Email,Inquiry,Poor night vision,Jonly Doorbell Pro,iOS,Escalation,Closed,478,1,1,4,0.0
9003531,JNL003531,CU13157,2025-07-04T08:48:00.000Z,Europe,NL,EN,Phone,Connectivity,Doorbell not ringing,Jonly Hub Mini,iOS,Tier 1,Closed,768,1,1,2,-0.15
9003532,JNL003532,CU45763,2025-06-27T01:08:00.000Z,North America,US,EN,Community,Functionality,Device will not pair,Jonly Hub Mini,iOS,Tier 1,Closed,801,0,0,1,-1.0
9003533,JNL003533,CU11067,2025-07-24T20:14:00.000Z,Europe,NL,DE,Chat,Functionality,Device will not pair,Jonly Hub Mini,Web,Tier 1,Closed,347,0,1,4,0.68
9003534,JNL003534,CU26701,2025-06-15T17:58:00.000Z,North America,US,EN,Email,Connectivity,Two-factor issues,Jonly Floodlight Max,iOS,Tier 2,Closed,491,0,1,4,0.68
9003535,JNL003535,CU38506,2025-05-14T09:39:00.000Z,APAC,SG,DE,Phone,Setup,Two-factor issues,Jonly Cam Indoor,Web,Tier 2,Closed,1067,0,1,5,1.0
9003536,JNL003536,CU77342,2025-07-31T07:20:00.000Z,APAC,NZ,DE,Phone,Account,Audio one-way only,Jonly Cam Indoor,iOS,Tier 1,Closed,1595,0,1,4,0.31
9003537,JNL003537,CU52504,2025-06-13T13:41:00.000Z,North America,US,EN,Community,Functionality,Wrong item received,Jonly Hub Mini,iOS,Tier 1,Closed,772,0,1,4,0.23
9003538,JNL003538,CU19934,2025-07-02T15:44:00.000Z,Europe,GB,DE,Web Form,Inquiry,Audio one-way only,Jonly Hub Plus,Other,Escalation,Closed,261,0,1,5,0.67
9003539,JNL003539,CU35418,2025-06-18T20:42:00.000Z,North America,CA,EN,Phone,Inquiry,Poor night vision,Jonly Secure Subscription,iOS,Tier 2,Closed,1020,0,1,5,0.98
9003540,JNL003540,CU83547,2025-06-14T05:32:00.000Z,Europe,DE,EN,Phone,Setup,Audio one-way only,Jonly Secure Subscription,Other,Tier 1,Closed,1028,0,1,4,0.02
9003541,JNL003541,CU84631,2025-07-23T06:35:00.000Z,Europe,GB,EN,Phone,Billing,No motion alerts,Jonly Doorbell Pro,Web,Tier 1,Closed,1840,2,1,3,-0.46
9003542,JNL003542,CU77992,2025-06-20T23:33:00.000Z,North America,CA,EN,Phone,Billing,Two-factor issues,Jonly Floodlight Max,iOS,Tier 2,Closed,646,0,1,3,0.49
9003543,JNL003543,CU71239,2025-05-04T22:52:00.000Z,North America,US,EN,Chat,Setup,Audio one-way only,Jonly Cam Outdoor,Web,Tier 1,Closed,836,1,1,2,-1.0
9003544,JNL003544,CU79578,2025-07-05T23:23:00.000Z,North America,CA,FR,Phone,Account,Charged twice,Jonly Hub Plus,iOS,Tier 1,In Progress,1435,1,1,1,-1.0
9003545,JNL003545,CU64994,2025-07-22T14:49:00.000Z,North America,CA,EN,Web Form,Shipping,False motion alerts,Jonly Cam Indoor,Android,Tier 1,Closed,655,1,1,3,-0.44
9003546,JNL003546,CU90566,2025-07-24T04:07:00.000Z,Europe,DE,EN,Community,Functionality,Wrong item received,Jonly Hub Mini,Android,Tier 1,Closed,1116,1,1,4,1.0
9003547,JNL003547,CU71417,2025-07-05T14:42:00.000Z,Europe,GB,EN,Web Form,Connectivity,Video not loading,Jonly Cam Outdoor,iOS,Tier 1,Closed,451,0,1,5,1.0
9003548,JNL003548,CU39921,2025-07-29T05:00:00.000Z,North America,US,EN,Phone,Setup,False motion alerts,Jonly Cam Indoor,Android,Tier 1,In Progress,988,0,1,4,0.13
9003549,JNL003549,CU64850,2025-07-27T19:47:00.000Z,North America,CA,DE,Web Form,Functionality,Audio one-way only,Jonly Hub Mini,Web,Tier 1,Closed,1065,1,1,4,0.61
9003550,JNL003550,CU12277,2025-06-17T00:22:00.000Z,North America,US,EN,Phone,Inquiry,Device will not pair,Jonly Doorbell Pro,iOS,Tier 1,Closed,1260,1,1,5,0.84
9003551,JNL003551,CU47757,2025-05-17T00:36:00.000Z,North America,CA,EN,Community,Account,Two-factor issues,Jonly Cam Outdoor,iOS,Tier 1,Escalated,955,1,1,3,-0.02
9003552,JNL003552,CU79245,2025-05-31T12:20:00.000Z,Europe,GB,EN,Email,Connectivity,Poor night vision,Jonly Cam Indoor,iOS,Tier 2,In Progress,1077,0,0,3,-0.02
9003553,JNL003553,CU68456,2025-07-04T20:20:00.000Z,North America,CA,DE,Phone,Inquiry,False motion alerts,Jonly Floodlight Max,Android,Tier 1,Closed,1175,1,1,5,0.92
9003554,JNL003554,CU54591,2025-07-24T10:20:00.000Z,Europe,GB,EN,Phone,Setup,Cannot login to app,Jonly Hub Plus,iOS,Tier 2,Closed,810,2,1,1,-0.94
9003555,JNL003555,CU14652,2025-05-04T15:40:00.000Z,APAC,SG,EN,Phone,Functionality,Order not delivered,Jonly Secure Subscription,Android,Tier 1,Closed,1535,1,1,4,0.92
9003556,JNL003556,CU82487,2025-05-09T23:00:00.000Z,APAC,NZ,EN,Email,Functionality,No motion alerts,Jonly Doorbell Pro,iOS,Tier 2,Closed,1179,0,1,4,1.0
9003557,JNL003557,CU39783,2025-06-04T21:07:00.000Z,Europe,NL,EN,Email,Inquiry,False motion alerts,Jonly Cam Indoor,Web,Tier 1,Closed,583,1,1,5,1.0
9003558,JNL003558,CU19817,2025-05-07T03:03:00.000Z,Europe,GB,DE,Community,Functionality,False motion alerts,Jonly Doorbell Pro,iOS,Tier 2,Closed,733,0,1,4,0.52
9003559,JNL003559,CU22194,2025-07-13T11:11:00.000Z,North America,CA,EN,Chat,Connectivity,Order not delivered,Jonly Doorbell Pro,Android,Tier 2,Closed,436,1,1,2,-0.06
9003560,JNL003560,CU64944,2025-07-06T12:55:00.000Z,North America,CA,EN,Community,Account,Two-factor issues,Jonly Doorbell Pro,Android,Tier 2,Closed,499,0,1,3,-0.19
9003561,JNL003561,CU26042,2025-05-24T21:17:00.000Z,Europe,GB,NL,Phone,Shipping,Device will not pair,Jonly Hub Plus,iOS,Tier 1,Closed,1181,1,1,5,1.0
9003562,JNL003562,CU73697,2025-05-06T01:12:00.000Z,Europe,GB,EN,Email,Inquiry,Subscription not applied,Jonly Floodlight Max,Android,Tier 1,Closed,1178,0,1,5,0.94
9003563,JNL003563,CU99386,2025-07-02T22:42:00.000Z,North America,US,EN,Chat,Functionality,Poor night vision,Jonly Floodlight Max,Other,Tier 2,Closed,887,0,1,4,0.54
9003564,JNL003564,CU14988,2025-05-29T17:17:00.000Z,Europe,FR,EN,Email,Connectivity,Charged twice,Jonly Secure Subscription,Android,Tier 1,Closed,1225,0,1,1,-1.0
9003565,JNL003565,CU96804,2025-06-22T19:08:00.000Z,Europe,NL,EN,Phone,Inquiry,Laggy live view,Jonly Secure Subscription,Android,Tier 1,Escalated,1428,0,1,2,-0.53
9003566,JNL003566,CU80304,2025-05-06T13:55:00.000Z,Europe,NL,EN,Chat,Setup,Cannot login to app,Jonly Hub Plus,Web,Tier 1,Closed,736,2,0,3,1.0
9003567,JNL003567,CU69854,2025-05-03T06:21:00.000Z,North America,US,EN,Web Form,Account,Audio one-way only,Jonly Floodlight Max,Android,Tier 1,Closed,1092,1,0,4,0.59
9003568,JNL003568,CU66344,2025-05-15T06:13:00.000Z,APAC,NZ,EN,Web Form,Connectivity,Audio one-way only,Jonly Secure Subscription,Web,Tier 2,Closed,641,0,1,3,0.27
9003569,JNL003569,CU88907,2025-06-07T14:05:00.000Z,North America,CA,EN,Phone,Setup,False motion alerts,Jonly Floodlight Max,iOS,Tier 1,Closed,341,0,1,2,-0.74
9003570,JNL003570,CU17947,2025-05-31T23:37:00.000Z,North America,US,EN,Chat,Connectivity,Audio one-way only,Jonly Doorbell Pro,Android,Escalation,Closed,1072,1,1,5,1.0
9003571,JNL003571,CU79822,2025-05-20T18:52:00.000Z,APAC,SG,EN,Phone,Inquiry,False motion alerts,Jonly Secure Subscription,Web,Tier 1,Closed,613,4,1,4,-0.24
9003572,JNL003572,CU13983,2025-06-12T15:59:00.000Z,North America,US,DE,Chat,Functionality,False motion alerts,Jonly Hub Plus,Android,Tier 1,Closed,412,1,1,3,-0.22
9003573,JNL003573,CU49886,2025-07-27T22:34:00.000Z,APAC,SG,DE,Phone,Functionality,Laggy live view,Jonly Secure Subscription,iOS,Tier 2,Closed,937,1,1,2,-0.9
9003574,JNL003574,CU55082,2025-07-08T09:05:00.000Z,North America,US,EN,Chat,Connectivity,Video not loading,Jonly Hub Mini,Web,Escalation,Closed,898,2,1,2,-0.01
9003575,JNL003575,CU30478,2025-06-01T14:50:00.000Z,North America,CA,EN,Phone,Functionality,Poor night vision,Jonly Doorbell Pro,Android,Tier 2,Closed,935,0,1,4,1.0
9003576,JNL003576,CU83612,2025-06-29T06:47:00.000Z,APAC,SG,EN,Phone,Billing,False motion alerts,Jonly Cam Indoor,iOS,Tier 2,Escalated,1239,0,1,2,-0.98
9003577,JNL003577,CU94048,2025-06-01T11:44:00.000Z,North America,CA,EN,Chat,Inquiry,Subscription not applied,Jonly Doorbell Pro,Web,Tier 1,In Progress,1064,0,1,4,1.0
9003578,JNL003578,CU89788,2025-06-28T01:03:00.000Z,North America,US,EN,Phone,Connectivity,Poor night vision,Jonly Doorbell Pro,Android,Tier 2,Closed,1409,0,1,1,-1.0
9003579,JNL003579,CU61086,2025-06-01T09:17:00.000Z,North America,US,DE,Web Form,Inquiry,Wrong item received,Jonly Hub Mini,Web,Tier 2,Closed,454,0,1,5,0.88
9003580,JNL003580,CU68448,2025-05-05T10:50:00.000Z,APAC,AU,EN,Phone,Inquiry,Two-factor issues,Jonly Floodlight Max,iOS,Tier 2,Closed,1785,1,1,4,0.66
9003581,JNL003581,CU12287,2025-05-08T08:14:00.000Z,North America,US,EN,Chat,Connectivity,Camera offline,Jonly Cam Outdoor,Android,Tier 1,Escalated,992,0,1,1,-0.8
9003582,JNL003582,CU46649,2025-07-07T07:42:00.000Z,North America,US,EN,Phone,Inquiry,Cannot login to app,Jonly Secure Subscription,Web,Tier 2,Closed,1387,1,1,2,-0.3
9003583,JNL003583,CU61020,2025-07-19T23:00:00.000Z,North America,CA,DE,Phone,Billing,No motion alerts,Jonly Hub Mini,Android,Tier 1,Closed,866,1,1,5,0.93
9003584,JNL003584,CU25629,2025-07-13T17:44:00.000Z,Europe,GB,EN,Phone,Billing,Device will not pair,Jonly Hub Mini,Android,Escalation,Closed,1186,0,1,4,0.41
9003585,JNL003585,CU30411,2025-06-14T22:28:00.000Z,APAC,AU,EN,Chat,Account,Cannot login to app,Jonly Secure Subscription,Android,Tier 2,Closed,384,0,0,4,0.14
9003586,JNL003586,CU37449,2025-05-13T11:10:00.000Z,North America,CA,FR,Phone,Functionality,No motion alerts,Jonly Floodlight Max,iOS,Tier 1,Closed,836,0,1,3,0.97
9003587,JNL003587,CU77655,2025-05-04T07:10:00.000Z,APAC,AU,EN,Chat,Connectivity,Subscription not applied,Jonly Hub Plus,Other,Tier 1,Closed,1324,2,1,3,-0.18
9003588,JNL003588,CU19397,2025-06-11T14:45:00.000Z,North America,CA,EN,Phone,Shipping,Wrong item received,Jonly Doorbell Pro,iOS,Tier 1,Escalated,958,0,1,3,-0.19
9003589,JNL003589,CU40617,2025-07-28T12:07:00.000Z,North America,US,DE,Phone,Functionality,Wrong item received,Jonly Secure Subscription,iOS,Tier 1,Closed,876,0,1,3,-0.29
9003590,JNL003590,CU40066,2025-07-21T10:10:00.000Z,North America,US,FR,Chat,Inquiry,Cannot login to app,Jonly Doorbell Pro,Android,Tier 1,Closed,983,0,1,4,0.54
9003591,JNL003591,CU48785,2025-07-19T23:11:00.000Z,Europe,FR,EN,Web Form,Shipping,Order not delivered,Jonly Doorbell Pro,Web,Tier 1,Closed,617,0,1,5,1.0
9003592,JNL003592,CU57343,2025-05-30T00:23:00.000Z,North America,US,EN,Web Form,Functionality,No motion alerts,Jonly Cam Indoor,iOS,Escalation,Closed,461,1,0,4,1.0
9003593,JNL003593,CU79369,2025-07-04T13:34:00.000Z,Europe,FR,DE,Phone,Connectivity,Laggy live view,Jonly Hub Mini,Web,Tier 1,Closed,1484,1,1,5,1.0
9003594,JNL003594,CU98207,2025-07-16T23:46:00.000Z,North America,CA,DE,Phone,Billing,False motion alerts,Jonly Secure Subscription,iOS,Tier 1,Closed,1177,0,1,3,-0.18
9003595,JNL003595,CU24723,2025-07-16T08:27:00.000Z,North America,US,NL,Phone,Setup,Camera offline,Jonly Hub Mini,Android,Tier 2,Closed,180,0,1,5,0.72
9003596,JNL003596,CU96875,2025-07-11T06:40:00.000Z,North America,CA,EN,Email,Billing,False motion alerts,Jonly Cam Indoor,Android,Tier 1,Closed,742,0,1,3,-0.03
9003597,JNL003597,CU22859,2025-05-19T01:58:00.000Z,Europe,GB,EN,Chat,Connectivity,False motion alerts,Jonly Doorbell Pro,iOS,Tier 1,Escalated,180,1,1,5,0.73
9003598,JNL003598,CU81941,2025-07-09T09:28:00.000Z,North America,CA,EN,Web Form,Setup,Poor night vision,Jonly Hub Plus,Web,Tier 1,Escalated,543,1,0,3,0.26
9003599,JNL003599,CU56123,2025-06-24T20:34:00.000Z,Europe,GB,EN,Email,Connectivity,Laggy live view,Jonly Hub Plus,Android,Tier 1,Closed,943,0,1,5,0.87
9003600,JNL003600,CU11957,2025-07-07T17:05:00.000Z,APAC,SG,EN,Phone,Setup,Device will not pair,Jonly Doorbell Pro,Other,Tier 1,Closed,993,1,1,3,-0.45
9003601,JNL003601,CU72442,2025-07-15T23:59:00.000Z,North America,US,EN,Email,Functionality,Camera offline,Jonly Hub Mini,Android,Tier 2,Closed,770,0,1,4,0.85
9003602,JNL003602,CU76912,2025-07-27T07:22:00.000Z,North America,US,EN,Phone,Inquiry,Doorbell not ringing,Jonly Hub Plus,iOS,Tier 1,Closed,1811,0,1,4,0.74
9003603,JNL003603,CU47791,2025-07-11T15:58:00.000Z,North America,US,EN,Phone,Functionality,Subscription not applied,Jonly Hub Plus,iOS,Tier 1,Closed,1104,0,1,5,1.0
9003604,JNL003604,CU69681,2025-05-20T17:52:00.000Z,North America,CA,EN,Phone,Shipping,Cannot login to app,Jonly Secure Subscription,iOS,Tier 1,Closed,1259,0,1,5,1.0
9003605,JNL003605,CU92907,2025-07-23T17:37:00.000Z,North America,CA,EN,Chat,Account,Doorbell not ringing,Jonly Hub Mini,Android,Escalation,Closed,843,1,0,5,1.0
9003606,JNL003606,CU92817,2025-05-22T05:53:00.000Z,APAC,AU,EN,Phone,Connectivity,Subscription not applied,Jonly Secure Subscription,iOS,Tier 1,Closed,563,1,1,1,-1.0
9003607,JNL003607,CU40182,2025-07-21T08:22:00.000Z,Europe,FR,EN,Phone,Inquiry,Doorbell not ringing,Jonly Doorbell Pro,iOS,Tier 1,Closed,1735,4,1,4,0.24
9003608,JNL003608,CU49535,2025-07-30T15:42:00.000Z,North America,US,FR,Chat,Shipping,Two-factor issues,Jonly Secure Subscription,Web,Tier 2,Closed,1087,0,1,5,1.0
9003609,JNL003609,CU84029,2025-07-16T19:10:00.000Z,Europe,FR,FR,Phone,Connectivity,Poor night vision,Jonly Doorbell Pro,Android,Tier 1,Closed,631,0,1,4,0.67
9003610,JNL003610,CU41824,2025-05-09T03:53:00.000Z,Europe,FR,EN,Chat,Billing,Laggy live view,Jonly Doorbell Pro,iOS,Tier 1,Closed,350,0,1,3,-0.17
9003611,JNL003611,CU41170,2025-05-21T01:07:00.000Z,North America,US,EN,Phone,Inquiry,Wrong item received,Jonly Doorbell Pro,Android,Tier 1,Closed,974,0,1,5,0.61
9003612,JNL003612,CU58750,2025-06-03T21:12:00.000Z,Europe,DE,EN,Phone,Shipping,Laggy live view,Jonly Cam Indoor,Android,Tier 1,Closed,1462,1,1,4,0.71
9003613,JNL003613,CU62533,2025-07-26T14:06:00.000Z,Europe,GB,EN,Email,Functionality,Subscription not applied,Jonly Cam Indoor,iOS,Tier 1,Escalated,364,0,1,4,0.76
9003614,JNL003614,CU43151,2025-06-14T12:42:00.000Z,North America,CA,NL,Chat,Inquiry,Video not loading,Jonly Cam Indoor,Android,Tier 1,Closed,1047,1,1,4,0.79
9003615,JNL003615,CU61496,2025-06-06T03:08:00.000Z,Europe,NL,EN,Phone,Account,Laggy live view,Jonly Cam Outdoor,iOS,Tier 2,Escalated,540,0,1,4,0.46
9003616,JNL003616,CU44968,2025-05-06T01:10:00.000Z,Europe,FR,DE,Phone,Billing,Video not loading,Jonly Floodlight Max,iOS,Tier 2,In Progress,1567,0,0,5,1.0
9003617,JNL003617,CU51429,2025-07-25T00:48:00.000Z,APAC,AU,EN,Email,Connectivity,Two-factor issues,Jonly Cam Indoor,iOS,Tier 1,Closed,626,1,1,1,-1.0
9003618,JNL003618,CU31140,2025-05-01T05:13:00.000Z,Europe,FR,DE,Phone,Account,Order not delivered,Jonly Hub Plus,Android,Escalation,Closed,442,1,1,4,0.75
9003619,JNL003619,CU52721,2025-05-25T23:44:00.000Z,APAC,AU,EN,Phone,Setup,Doorbell not ringing,Jonly Secure Subscription,Android,Tier 1,Escalated,1730,0,1,3,-0.1
9003620,JNL003620,CU60980,2025-07-20T19:53:00.000Z,Europe,FR,EN,Phone,Inquiry,Audio one-way only,Jonly Hub Mini,iOS,Tier 2,Closed,1553,0,1,4,0.17
9003621,JNL003621,CU28710,2025-06-14T14:03:00.000Z,North America,CA,DE,Email,Connectivity,Cannot login to app,Jonly Hub Plus,Other,Tier 1,Escalated,199,1,0,3,0.31
9003622,JNL003622,CU89273,2025-05-17T13:08:00.000Z,North America,US,DE,Chat,Inquiry,Two-factor issues,Jonly Secure Subscription,iOS,Escalation,Escalated,1441,1,1,5,1.0
9003623,JNL003623,CU47453,2025-06-24T21:27:00.000Z,North America,CA,DE,Phone,Account,Camera offline,Jonly Floodlight Max,Android,Tier 1,Closed,778,0,1,5,1.0
9003624,JNL003624,CU28192,2025-07-09T09:45:00.000Z,North America,US,EN,Chat,Connectivity,Doorbell not ringing,Jonly Secure Subscription,iOS,Tier 1,Closed,1211,1,1,2,-0.11
9003625,JNL003625,CU23669,2025-05-29T19:22:00.000Z,Europe,FR,EN,Phone,Shipping,Cannot login to app,Jonly Hub Mini,Web,Tier 2,Closed,735,1,0,4,0.51
9003626,JNL003626,CU42448,2025-07-15T11:51:00.000Z,APAC,NZ,DE,Email,Connectivity,Order not delivered,Jonly Cam Outdoor,iOS,Tier 1,In Progress,794,1,1,5,1.0
9003627,JNL003627,CU45469,2025-07-04T20:27:00.000Z,North America,CA,EN,Phone,Billing,Poor night vision,Jonly Hub Plus,iOS,Tier 1,Closed,1207,0,1,1,-0.6
9003628,JNL003628,CU96279,2025-06-19T14:54:00.000Z,North America,CA,FR,Email,Functionality,Order not delivered,Jonly Doorbell Pro,iOS,Tier 1,Closed,1158,0,1,5,0.78
9003629,JNL003629,CU53632,2025-07-02T07:23:00.000Z,North America,US,EN,Phone,Connectivity,Subscription not applied,Jonly Secure Subscription,iOS,Tier 2,Closed,411,0,1,5,1.0
9003630,JNL003630,CU26853,2025-07-22T20:31:00.000Z,North America,CA,EN,Phone,Shipping,Wrong item received,Jonly Hub Plus,iOS,Tier 1,Closed,957,0,0,5,1.0
9003631,JNL003631,CU81523,2025-05-03T19:51:00.000Z,North America,CA,DE,Web Form,Shipping,Order not delivered,Jonly Hub Plus,Android,Tier 1,Closed,727,1,1,4,0.38
9003632,JNL003632,CU36249,2025-07-18T04:42:00.000Z,North America,CA,EN,Phone,Functionality,False motion alerts,Jonly Cam Outdoor,Android,Tier 1,Closed,1051,0,1,4,0.15
9003633,JNL003633,CU30326,2025-07-06T20:11:00.000Z,APAC,AU,FR,Email,Functionality,False motion alerts,Jonly Cam Outdoor,iOS,Tier 1,Closed,180,0,1,4,0.34
9003634,JNL003634,CU68165,2025-07-09T00:10:00.000Z,North America,CA,FR,Email,Billing,False motion alerts,Jonly Cam Outdoor,iOS,Tier 1,Closed,506,0,1,1,-1.0
9003635,JNL003635,CU41149,2025-07-12T13:18:00.000Z,Europe,FR,EN,Chat,Billing,False motion alerts,Jonly Floodlight Max,iOS,Tier 1,Closed,568,0,1,4,0.88
9003636,JNL003636,CU40483,2025-06-27T19:07:00.000Z,Europe,FR,NL,Web Form,Shipping,Video not loading,Jonly Cam Outdoor,Android,Tier 1,Closed,1268,2,1,2,-0.91
9003637,JNL003637,CU51539,2025-05-19T22:36:00.000Z,Europe,NL,EN,Chat,Functionality,Charged twice,Jonly Floodlight Max,Android,Tier 1,Closed,1650,0,1,2,-0.41
9003638,JNL003638,CU69118,2025-06-12T10:08:00.000Z,North America,CA,EN,Chat,Billing,Subscription not applied,Jonly Hub Mini,iOS,Tier 1,Closed,1354,0,1,4,0.43
9003639,JNL003639,CU68147,2025-07-04T21:49:00.000Z,Europe,GB,DE,Email,Inquiry,No motion alerts,Jonly Floodlight Max,Web,Tier 2,Closed,829,0,1,5,1.0
9003640,JNL003640,CU45355,2025-07-01T12:07:00.000Z,North America,CA,EN,Email,Inquiry,Doorbell not ringing,Jonly Doorbell Pro,Android,Tier 1,Closed,497,0,1,3,-0.58
9003641,JNL003641,CU95651,2025-07-27T07:00:00.000Z,APAC,SG,NL,Chat,Connectivity,Audio one-way only,Jonly Cam Indoor,iOS,Tier 2,In Progress,468,1,1,4,0.79
9003642,JNL003642,CU18595,2025-05-12T19:46:00.000Z,Europe,GB,EN,Chat,Functionality,Cannot login to app,Jonly Hub Mini,iOS,Tier 1,Closed,622,1,1,4,0.46
9003643,JNL003643,CU54929,2025-07-16T04:41:00.000Z,APAC,AU,EN,Chat,Inquiry,Doorbell not ringing,Jonly Hub Plus,iOS,Tier 2,Closed,642,0,1,3,0.33
9003644,JNL003644,CU77188,2025-07-19T03:00:00.000Z,North America,US,EN,Email,Functionality,Laggy live view,Jonly Secure Subscription,Web,Tier 1,Closed,1033,1,1,5,0.67
9003645,JNL003645,CU54737,2025-06-15T11:24:00.000Z,North America,CA,EN,Community,Connectivity,Charged twice,Jonly Hub Mini,Web,Tier 2,Closed,508,2,1,1,-1.0
9003646,JNL003646,CU89367,2025-07-29T07:12:00.000Z,North America,US,EN,Chat,Account,Doorbell not ringing,Jonly Hub Mini,iOS,Tier 1,Closed,950,0,0,4,0.25
9003647,JNL003647,CU78427,2025-05-22T19:34:00.000Z,Europe,NL,EN,Phone,Billing,False motion alerts,Jonly Doorbell Pro,Web,Tier 2,Closed,931,0,1,4,0.46
9003648,JNL003648,CU42382,2025-07-24T14:37:00.000Z,North America,US,EN,Web Form,Functionality,Laggy live view,Jonly Doorbell Pro,Android,Tier 1,Closed,866,0,1,4,0.61
9003649,JNL003649,CU37418,2025-05-14T22:16:00.000Z,North America,US,EN,Phone,Connectivity,False motion alerts,Jonly Hub Mini,Other,Tier 1,Closed,1354,0,1,1,-1.0
9003650,JNL003650,CU25444,2025-06-30T00:17:00.000Z,North America,US,NL,Email,Billing,Cannot login to app,Jonly Hub Mini,iOS,Tier 1,Closed,933,1,1,4,1.0
9003651,JNL003651,CU72453,2025-05-27T22:14:00.000Z,North America,US,EN,Phone,Inquiry,Doorbell not ringing,Jonly Secure Subscription,Web,Tier 1,Closed,912,0,1,5,0.8
9003652,JNL003652,CU60971,2025-07-15T15:02:00.000Z,North America,CA,EN,Email,Functionality,Doorbell not ringing,Jonly Doorbell Pro,Web,Tier 2,Closed,1222,1,1,5,1.0
9003653,JNL003653,CU18505,2025-07-21T05:52:00.000Z,APAC,NZ,EN,Phone,Connectivity,No motion alerts,Jonly Cam Indoor,iOS,Tier 1,Closed,1014,1,1,4,0.89
9003654,JNL003654,CU78634,2025-05-17T05:23:00.000Z,North America,CA,DE,Phone,Billing,Subscription not applied,Jonly Doorbell Pro,iOS,Tier 1,Closed,968,0,1,5,0.88
9003655,JNL003655,CU92099,2025-06-17T14:30:00.000Z,North America,US,EN,Phone,Connectivity,Device will not pair,Jonly Cam Indoor,iOS,Tier 1,Closed,957,2,1,5,1.0
9003656,JNL003656,CU59219,2025-06-26T19:21:00.000Z,North America,CA,FR,Phone,Inquiry,Charged twice,Jonly Secure Subscription,iOS,Tier 1,Escalated,1656,0,1,4,-0.17
9003657,JNL003657,CU69259,2025-06-25T17:29:00.000Z,APAC,AU,EN,Email,Billing,Doorbell not ringing,Jonly Secure Subscription,Android,Tier 2,Closed,233,1,1,5,0.91
9003658,JNL003658,CU90080,2025-06-21T11:19:00.000Z,Europe,FR,EN,Chat,Functionality,Charged twice,Jonly Cam Outdoor,iOS,Tier 1,Closed,278,1,1,3,0.35
9003659,JNL003659,CU99942,2025-06-05T21:28:00.000Z,APAC,SG,EN,Email,Inquiry,Laggy live view,Jonly Doorbell Pro,iOS,Tier 1,Closed,405,1,0,2,-0.33
9003660,JNL003660,CU36301,2025-07-12T11:22:00.000Z,North America,US,EN,Chat,Connectivity,Wrong item received,Jonly Cam Outdoor,iOS,Tier 2,Closed,1650,0,1,4,0.74
9003661,JNL003661,CU88811,2025-06-07T08:11:00.000Z,APAC,SG,EN,Phone,Billing,Poor night vision,Jonly Floodlight Max,iOS,Tier 2,Closed,758,0,0,4,-0.02
9003662,JNL003662,CU53017,2025-05-12T12:23:00.000Z,North America,CA,NL,Phone,Setup,Charged twice,Jonly Hub Plus,iOS,Tier 1,Closed,1763,2,1,3,0.63
9003663,JNL003663,CU58557,2025-06-28T05:13:00.000Z,APAC,NZ,EN,Chat,Functionality,Order not delivered,Jonly Hub Mini,Android,Tier 2,Closed,1547,1,1,4,0.02
9003664,JNL003664,CU10522,2025-07-20T08:20:00.000Z,APAC,NZ,EN,Chat,Inquiry,Device will not pair,Jonly Floodlight Max,Android,Tier 2,Closed,1037,0,1,3,-0.2
9003665,JNL003665,CU25673,2025-05-24T19:51:00.000Z,APAC,AU,EN,Phone,Inquiry,Two-factor issues,Jonly Doorbell Pro,Android,Tier 1,Closed,1030,0,1,5,1.0
9003666,JNL003666,CU30809,2025-05-23T03:15:00.000Z,North America,US,EN,Chat,Billing,Charged twice,Jonly Doorbell Pro,iOS,Tier 1,Closed,803,1,1,4,-0.18
9003667,JNL003667,CU92640,2025-05-21T19:00:00.000Z,North America,US,EN,Community,Account,Camera offline,Jonly Cam Outdoor,Android,Tier 1,Closed,630,0,1,5,1.0
9003668,JNL003668,CU20204,2025-06-27T12:11:00.000Z,Europe,FR,EN,Chat,Functionality,Cannot login to app,Jonly Doorbell Pro,iOS,Escalation,Closed,800,0,1,3,0.42
9003669,JNL003669,CU59280,2025-06-06T01:10:00.000Z,North America,US,EN,Chat,Connectivity,No motion alerts,Jonly Cam Outdoor,Web,Tier 1,In Progress,960,1,1,4,0.83
9003670,JNL003670,CU70861,2025-05-20T06:12:00.000Z,North America,CA,EN,Phone,Functionality,Audio one-way only,Jonly Floodlight Max,Web,Tier 2,Closed,822,0,0,5,1.0
9003671,JNL003671,CU46487,2025-06-27T23:32:00.000Z,North America,US,EN,Phone,Functionality,Subscription not applied,Jonly Doorbell Pro,Android,Tier 1,Closed,1161,2,1,2,-0.31
9003672,JNL003672,CU10499,2025-07-24T01:48:00.000Z,North America,CA,EN,Email,Connectivity,Camera offline,Jonly Hub Plus,iOS,Tier 2,Closed,887,0,1,4,0.53
9003673,JNL003673,CU92288,2025-05-31T13:41:00.000Z,North America,US,EN,Web Form,Connectivity,Charged twice,Jonly Hub Plus,iOS,Tier 1,Closed,604,0,1,5,1.0
9003674,JNL003674,CU45671,2025-06-22T12:02:00.000Z,North America,US,EN,Phone,Setup,Doorbell not ringing,Jonly Floodlight Max,Android,Tier 1,Closed,1341,0,1,5,0.92
9003675,JNL003675,CU38917,2025-05-27T17:15:00.000Z,North America,US,EN,Email,Inquiry,Laggy live view,Jonly Secure Subscription,Android,Tier 1,In Progress,470,1,1,5,1.0
9003676,JNL003676,CU81948,2025-07-10T15:45:00.000Z,North America,CA,EN,Phone,Connectivity,Audio one-way only,Jonly Floodlight Max,iOS,Tier 1,Closed,822,0,0,4,0.88
9003677,JNL003677,CU29614,2025-05-05T01:34:00.000Z,North America,US,EN,Chat,Account,Doorbell not ringing,Jonly Cam Indoor,Android,Tier 2,Closed,1043,0,1,4,0.33
9003678,JNL003678,CU52342,2025-07-14T16:32:00.000Z,APAC,SG,EN,Chat,Connectivity,Device will not pair,Jonly Floodlight Max,Android,Tier 1,Closed,603,1,1,1,-0.84
9003679,JNL003679,CU19893,2025-06-08T23:10:00.000Z,North America,US,EN,Phone,Functionality,Cannot login to app,Jonly Cam Indoor,iOS,Tier 2,Escalated,859,0,1,5,0.92
9003680,JNL003680,CU73648,2025-06-27T03:26:00.000Z,APAC,AU,EN,Phone,Shipping,Cannot login to app,Jonly Hub Plus,iOS,Tier 1,Closed,1531,0,0,4,0.38
9003681,JNL003681,CU72381,2025-05-14T04:21:00.000Z,Europe,GB,EN,Web Form,Billing,Video not loading,Jonly Cam Indoor,iOS,Tier 1,Closed,604,0,1,5,1.0
9003682,JNL003682,CU23491,2025-06-17T12:48:00.000Z,North America,CA,EN,Phone,Setup,Camera offline,Jonly Hub Mini,Web,Escalation,Closed,1205,1,1,5,0.97
9003683,JNL003683,CU89236,2025-06-27T01:46:00.000Z,Europe,FR,DE,Chat,Setup,Two-factor issues,Jonly Floodlight Max,Android,Tier 1,Closed,869,3,0,3,0.23
9003684,JNL003684,CU55045,2025-05-16T06:28:00.000Z,Europe,NL,EN,Email,Setup,Subscription not applied,Jonly Hub Mini,iOS,Tier 1,Escalated,859,1,1,4,0.36
9003685,JNL003685,CU40212,2025-06-29T18:16:00.000Z,Europe,DE,FR,Web Form,Setup,No motion alerts,Jonly Hub Mini,iOS,Tier 1,Closed,567,0,1,1,-0.86
9003686,JNL003686,CU98004,2025-05-22T05:08:00.000Z,North America,CA,EN,Phone,Setup,Laggy live view,Jonly Cam Outdoor,Android,Tier 1,Escalated,700,2,1,2,-0.35
9003687,JNL003687,CU75871,2025-05-04T12:22:00.000Z,North America,US,DE,Email,Connectivity,Charged twice,Jonly Floodlight Max,Web,Tier 2,Closed,645,2,1,1,-0.37
9003688,JNL003688,CU23378,2025-07-13T23:20:00.000Z,APAC,SG,EN,Chat,Functionality,False motion alerts,Jonly Cam Indoor,iOS,Tier 2,Closed,632,0,1,4,0.56
9003689,JNL003689,CU88536,2025-05-21T17:04:00.000Z,Europe,DE,EN,Phone,Inquiry,Video not loading,Jonly Cam Indoor,Android,Tier 2,Escalated,1599,0,1,4,0.24
9003690,JNL003690,CU69751,2025-05-19T09:59:00.000Z,Europe,GB,DE,Email,Billing,Two-factor issues,Jonly Hub Mini,iOS,Tier 1,Closed,585,0,1,5,1.0
9003691,JNL003691,CU16321,2025-05-28T04:11:00.000Z,APAC,SG,EN,Chat,Functionality,Order not delivered,Jonly Cam Indoor,iOS,Tier 2,Closed,598,0,1,5,1.0
9003692,JNL003692,CU60168,2025-07-28T23:38:00.000Z,Europe,NL,EN,Phone,Inquiry,No motion alerts,Jonly Doorbell Pro,iOS,Tier 1,Closed,1712,0,1,1,-0.79
9003693,JNL003693,CU44260,2025-07-07T14:42:00.000Z,North America,US,EN,Phone,Functionality,Subscription not applied,Jonly Floodlight Max,iOS,Tier 1,In Progress,1642,1,1,3,-0.73
9003694,JNL003694,CU45765,2025-07-16T17:48:00.000Z,Europe,GB,DE,Web Form,Shipping,Wrong item received,Jonly Cam Indoor,Android,Tier 2,Closed,180,1,1,5,1.0
9003695,JNL003695,CU52767,2025-07-03T21:03:00.000Z,North America,CA,EN,Phone,Functionality,Video not loading,Jonly Cam Outdoor,Web,Tier 1,Closed,1325,0,1,3,0.35
9003696,JNL003696,CU73502,2025-06-27T11:24:00.000Z,North America,US,DE,Phone,Account,Video not loading,Jonly Cam Indoor,Web,Escalation,Closed,1060,1,1,5,1.0
9003697,JNL003697,CU73790,2025-07-08T06:27:00.000Z,North America,CA,EN,Phone,Connectivity,Cannot login to app,Jonly Hub Mini,Android,Tier 1,Closed,682,1,1,4,0.28
9003698,JNL003698,CU88178,2025-05-22T16:43:00.000Z,North America,US,NL,Chat,Connectivity,Camera offline,Jonly Doorbell Pro,Android,Tier 1,Closed,839,2,1,2,0.16
9003699,JNL003699,CU19424,2025-07-16T15:00:00.000Z,Europe,FR,EN,Phone,Account,Cannot login to app,Jonly Hub Mini,iOS,Tier 1,Closed,1302,0,1,5,1.0
9003700,JNL003700,CU99870,2025-06-13T22:00:00.000Z,North America,CA,EN,Chat,Functionality,No motion alerts,Jonly Cam Indoor,Web,Tier 2,Closed,1102,0,1,5,1.0
9003701,JNL003701,CU86940,2025-07-12T23:30:00.000Z,APAC,SG,DE,Chat,Functionality,Audio one-way only,Jonly Secure Subscription,Web,Tier 2,Closed,1424,1,1,3,0.45
9003702,JNL003702,CU12250,2025-06-14T17:56:00.000Z,Europe,GB,DE,Phone,Billing,Doorbell not ringing,Jonly Cam Outdoor,iOS,Tier 1,Closed,1518,1,1,1,-0.91
9003703,JNL003703,CU32191,2025-06-05T01:52:00.000Z,North America,CA,FR,Community,Setup,Laggy live view,Jonly Secure Subscription,iOS,Tier 1,In Progress,515,0,1,5,1.0
9003704,JNL003704,CU75550,2025-05-10T15:54:00.000Z,North America,US,DE,Phone,Inquiry,Video not loading,Jonly Hub Mini,Android,Tier 1,Closed,1159,0,0,2,-0.11
9003705,JNL003705,CU75550,2025-05-15T04:22:00.000Z,Europe,FR,EN,Phone,Account,False motion alerts,Jonly Hub Plus,iOS,Tier 1,Escalated,1531,0,1,5,1.0
9003706,JNL003706,CU47937,2025-07-01T09:54:00.000Z,APAC,NZ,EN,Phone,Setup,Two-factor issues,Jonly Floodlight Max,Android,Tier 1,Closed,1408,2,1,4,-0.4
9003707,JNL003707,CU71797,2025-06-19T11:26:00.000Z,APAC,AU,EN,Phone,Inquiry,False motion alerts,Jonly Cam Indoor,Android,Tier 1,Escalated,452,0,0,3,0.24
9003708,JNL003708,CU73246,2025-07-06T15:18:00.000Z,North America,US,EN,Email,Connectivity,Laggy live view,Jonly Floodlight Max,Web,Tier 1,Closed,764,0,0,4,0.09
9003709,JNL003709,CU80591,2025-05-04T12:49:00.000Z,North America,US,EN,Email,Connectivity,Device will not pair,Jonly Hub Mini,iOS,Tier 2,Closed,585,1,1,1,-0.79
9003710,JNL003710,CU23163,2025-06-14T23:30:00.000Z,Europe,GB,EN,Phone,Setup,Wrong item received,Jonly Doorbell Pro,iOS,Tier 1,Closed,1977,0,1,5,0.73
9003711,JNL003711,CU38050,2025-05-18T14:25:00.000Z,North America,US,EN,Web Form,Shipping,Wrong item received,Jonly Doorbell Pro,iOS,Tier 1,Closed,180,0,1,4,0.54
9003712,JNL003712,CU60961,2025-05-17T14:28:00.000Z,Europe,NL,EN,Phone,Shipping,Doorbell not ringing,Jonly Hub Plus,Android,Tier 1,Escalated,1593,1,1,3,0.07
9003713,JNL003713,CU70381,2025-07-15T14:14:00.000Z,Europe,DE,EN,Chat,Functionality,Device will not pair,Jonly Floodlight Max,Android,Escalation,Closed,997,0,1,4,0.22
9003714,JNL003714,CU26428,2025-05-12T03:40:00.000Z,Europe,DE,EN,Chat,Billing,Cannot login to app,Jonly Cam Indoor,Other,Tier 1,Closed,809,0,1,4,0.32
9003715,JNL003715,CU92770,2025-07-15T05:35:00.000Z,Europe,FR,EN,Phone,Shipping,No motion alerts,Jonly Floodlight Max,Web,Tier 1,Escalated,869,1,1,4,0.54
9003716,JNL003716,CU69375,2025-07-10T07:34:00.000Z,Europe,GB,EN,Email,Connectivity,Two-factor issues,Jonly Secure Subscription,Android,Escalation,Escalated,1043,0,1,4,0.0
9003717,JNL003717,CU59733,2025-07-16T19:03:00.000Z,North America,US,EN,Phone,Inquiry,Video not loading,Jonly Secure Subscription,Android,Tier 2,Closed,561,0,0,2,-0.65
9003718,JNL003718,CU44937,2025-06-01T01:07:00.000Z,North America,US,EN,Web Form,Setup,Two-factor issues,Jonly Cam Outdoor,iOS,Tier 1,Closed,591,0,1,4,0.45
9003719,JNL003719,CU97984,2025-05-02T04:39:00.000Z,Europe,NL,EN,Phone,Billing,Subscription not applied,Jonly Doorbell Pro,Android,Tier 2,Escalated,949,0,1,4,-0.03
9003720,JNL003720,CU77549,2025-06-18T11:15:00.000Z,North America,CA,EN,Phone,Account,Audio one-way only,Jonly Doorbell Pro,Other,Tier 1,Closed,1285,0,1,3,-0.5
9003721,JNL003721,CU15310,2025-06-01T15:05:00.000Z,Europe,NL,DE,Phone,Functionality,Poor night vision,Jonly Cam Indoor,Android,Tier 1,Escalated,1510,0,1,5,1.0
9003722,JNL003722,CU20156,2025-05-31T18:09:00.000Z,North America,US,FR,Phone,Connectivity,Order not delivered,Jonly Hub Mini,iOS,Tier 1,Closed,970,1,1,1,-1.0
9003723,JNL003723,CU47214,2025-05-21T04:48:00.000Z,APAC,AU,FR,Phone,Connectivity,Subscription not applied,Jonly Hub Plus,Android,Tier 2,Closed,730,2,1,3,-0.52
9003724,JNL003724,CU24911,2025-06-10T22:18:00.000Z,Europe,GB,EN,Email,Inquiry,Cannot login to app,Jonly Hub Plus,iOS,Tier 2,Closed,1102,1,1,4,0.02
9003725,JNL003725,CU46245,2025-07-26T22:37:00.000Z,North America,US,EN,Web Form,Connectivity,Cannot login to app,Jonly Hub Plus,Android,Tier 2,Closed,354,2,1,3,1.0
9003726,JNL003726,CU82236,2025-06-18T08:07:00.000Z,North America,US,EN,Web Form,Functionality,Charged twice,Jonly Doorbell Pro,iOS,Tier 1,Closed,445,1,1,4,0.66
9003727,JNL003727,CU75448,2025-06-14T12:44:00.000Z,North America,US,DE,Phone,Connectivity,Poor night vision,Jonly Cam Indoor,Android,Tier 1,Closed,719,2,1,3,0.3
9003728,JNL003728,CU11052,2025-06-14T01:47:00.000Z,APAC,NZ,DE,Email,Account,Audio one-way only,Jonly Hub Mini,Web,Tier 1,Closed,862,0,1,4,0.89
9003729,JNL003729,CU60489,2025-07-03T14:27:00.000Z,North America,US,EN,Chat,Connectivity,Audio one-way only,Jonly Hub Mini,Android,Tier 2,In Progress,806,1,1,4,-0.5
9003730,JNL003730,CU39497,2025-07-13T06:08:00.000Z,North America,US,EN,Chat,Shipping,Wrong item received,Jonly Secure Subscription,iOS,Tier 1,Closed,751,1,0,3,-1.0
9003731,JNL003731,CU30861,2025-06-21T10:30:00.000Z,North America,US,EN,Web Form,Inquiry,Device will not pair,Jonly Doorbell Pro,iOS,Tier 1,Closed,954,0,1,4,0.35
9003732,JNL003732,CU56326,2025-06-23T09:48:00.000Z,Europe,GB,EN,Phone,Account,Poor night vision,Jonly Doorbell Pro,Web,Tier 1,Closed,976,1,1,4,0.63
9003733,JNL003733,CU94051,2025-07-08T03:29:00.000Z,North America,CA,FR,Phone,Inquiry,Subscription not applied,Jonly Cam Indoor,Web,Tier 1,Closed,1490,1,1,4,0.29
9003734,JNL003734,CU68256,2025-05-26T22:10:00.000Z,North America,CA,EN,Community,Connectivity,Laggy live view,Jonly Doorbell Pro,iOS,Escalation,Closed,960,0,0,5,0.89
9003735,JNL003735,CU73994,2025-06-08T09:25:00.000Z,North America,US,EN,Phone,Inquiry,Charged twice,Jonly Secure Subscription,iOS,Tier 1,Escalated,884,2,1,2,0.25
9003736,JNL003736,CU27781,2025-05-09T02:57:00.000Z,Europe,FR,EN,Phone,Functionality,Cannot login to app,Jonly Hub Plus,Web,Tier 2,Closed,783,0,1,4,0.79
9003737,JNL003737,CU45894,2025-06-02T04:08:00.000Z,North America,CA,EN,Phone,Functionality,Video not loading,Jonly Doorbell Pro,iOS,Tier 1,Closed,1604,0,0,5,1.0
9003738,JNL003738,CU38354,2025-07-22T22:21:00.000Z,North America,US,DE,Phone,Inquiry,Laggy live view,Jonly Secure Subscription,Android,Tier 1,Closed,1688,1,1,2,-0.45
9003739,JNL003739,CU29143,2025-07-24T00:42:00.000Z,North America,US,EN,Phone,Inquiry,Laggy live view,Jonly Hub Plus,Other,Tier 1,Closed,969,1,0,4,0.13
9003740,JNL003740,CU28885,2025-05-30T14:18:00.000Z,Europe,NL,EN,Web Form,Connectivity,Wrong item received,Jonly Cam Indoor,Android,Tier 1,Closed,673,0,1,1,-1.0
9003741,JNL003741,CU97716,2025-07-07T04:45:00.000Z,North America,CA,EN,Web Form,Functionality,Cannot login to app,Jonly Cam Outdoor,iOS,Tier 1,Closed,180,0,1,5,0.91
9003742,JNL003742,CU49496,2025-05-15T14:58:00.000Z,Europe,DE,EN,Phone,Connectivity,No motion alerts,Jonly Secure Subscription,iOS,Tier 1,Escalated,703,1,0,4,0.17
9003743,JNL003743,CU44510,2025-05-02T12:07:00.000Z,North America,US,DE,Chat,Account,Audio one-way only,Jonly Hub Mini,Android,Escalation,Closed,1112,0,1,5,1.0
9003744,JNL003744,CU98456,2025-06-12T05:23:00.000Z,Europe,NL,EN,Phone,Inquiry,Doorbell not ringing,Jonly Cam Indoor,Other,Tier 1,Closed,1604,0,0,5,0.47
9003745,JNL003745,CU41365,2025-07-15T19:57:00.000Z,Europe,FR,EN,Phone,Account,Laggy live view,Jonly Hub Plus,Android,Tier 1,Escalated,1087,1,1,2,-0.31
9003746,JNL003746,CU27811,2025-06-10T12:21:00.000Z,Europe,DE,EN,Chat,Functionality,Laggy live view,Jonly Cam Indoor,Other,Tier 2,Closed,911,0,1,3,-0.24
9003747,JNL003747,CU64597,2025-06-08T01:42:00.000Z,Europe,FR,EN,Phone,Connectivity,Laggy live view,Jonly Doorbell Pro,Android,Tier 1,Closed,698,1,0,4,0.37
9003748,JNL003748,CU46159,2025-06-12T23:35:00.000Z,North America,CA,EN,Email,Inquiry,Device will not pair,Jonly Secure Subscription,Web,Tier 1,Closed,1194,1,1,3,-0.03
9003749,JNL003749,CU86766,2025-05-08T22:35:00.000Z,APAC,SG,EN,Chat,Inquiry,Subscription not applied,Jonly Doorbell Pro,Android,Tier 2,Escalated,1788,0,1,5,1.0
9003750,JNL003750,CU73230,2025-05-01T10:28:00.000Z,North America,US,EN,Web Form,Connectivity,Device will not pair,Jonly Cam Indoor,Android,Tier 1,In Progress,535,1,1,5,0.75
9003751,JNL003751,CU14284,2025-05-26T05:19:00.000Z,Europe,NL,FR,Chat,Functionality,Two-factor issues,Jonly Cam Indoor,Other,Tier 1,Closed,231,1,1,5,0.56
9003752,JNL003752,CU10456,2025-06-13T10:35:00.000Z,North America,US,EN,Email,Billing,False motion alerts,Jonly Cam Indoor,Android,Tier 1,Closed,1277,0,1,5,1.0
9003753,JNL003753,CU54990,2025-05-26T14:11:00.000Z,North America,US,EN,Phone,Functionality,Audio one-way only,Jonly Doorbell Pro,Web,Tier 1,Closed,792,0,1,4,0.38
9003754,JNL003754,CU79797,2025-05-29T09:44:00.000Z,North America,US,EN,Chat,Functionality,Camera offline,Jonly Floodlight Max,Android,Tier 1,Closed,1257,0,1,2,-0.24
9003755,JNL003755,CU75522,2025-07-11T15:13:00.000Z,North America,US,EN,Email,Billing,Two-factor issues,Jonly Hub Mini,Android,Tier 1,Closed,456,0,1,2,-0.78
9003756,JNL003756,CU23897,2025-05-28T01:57:00.000Z,Europe,GB,EN,Chat,Billing,Laggy live view,Jonly Cam Outdoor,Android,Tier 1,Closed,511,0,1,2,-1.0
9003757,JNL003757,CU95907,2025-05-16T02:41:00.000Z,Europe,GB,EN,Chat,Inquiry,Camera offline,Jonly Cam Indoor,iOS,Tier 1,Closed,855,0,1,2,-0.85
9003758,JNL003758,CU60653,2025-05-25T11:04:00.000Z,North America,US,EN,Phone,Setup,Wrong item received,Jonly Hub Plus,iOS,Tier 1,Closed,1813,2,1,1,-1.0
9003759,JNL003759,CU90194,2025-07-08T13:05:00.000Z,North America,US,EN,Chat,Billing,False motion alerts,Jonly Doorbell Pro,iOS,Tier 2,Closed,1419,1,1,4,0.46
9003760,JNL003760,CU98448,2025-06-03T01:20:00.000Z,APAC,SG,EN,Chat,Billing,Doorbell not ringing,Jonly Hub Plus,Android,Tier 1,Closed,192,0,1,5,1.0
9003761,JNL003761,CU65344,2025-07-25T10:17:00.000Z,North America,US,DE,Web Form,Functionality,Camera offline,Jonly Cam Indoor,Android,Tier 1,Closed,928,0,1,1,-1.0
9003762,JNL003762,CU79966,2025-07-01T21:07:00.000Z,North America,CA,EN,Email,Account,Doorbell not ringing,Jonly Hub Plus,Web,Tier 1,Closed,1222,0,0,4,0.69
9003763,JNL003763,CU20195,2025-07-31T16:06:00.000Z,Europe,NL,EN,Phone,Functionality,Doorbell not ringing,Jonly Floodlight Max,Android,Tier 1,Closed,1336,0,1,4,0.06
9003764,JNL003764,CU23716,2025-05-24T21:14:00.000Z,North America,CA,EN,Phone,Shipping,Laggy live view,Jonly Secure Subscription,iOS,Tier 1,Closed,1626,0,1,3,0.15
9003765,JNL003765,CU77563,2025-07-26T09:17:00.000Z,APAC,NZ,DE,Phone,Setup,Order not delivered,Jonly Hub Plus,Android,Tier 1,Closed,728,1,1,3,0.59
9003766,JNL003766,CU55231,2025-05-06T23:07:00.000Z,Europe,DE,EN,Phone,Functionality,Cannot login to app,Jonly Hub Plus,Android,Escalation,In Progress,1088,0,1,5,1.0
9003767,JNL003767,CU63539,2025-06-25T12:26:00.000Z,APAC,SG,EN,Chat,Billing,Video not loading,Jonly Hub Plus,Web,Tier 1,Closed,775,1,1,4,0.65
9003768,JNL003768,CU99863,2025-05-09T14:07:00.000Z,North America,US,EN,Email,Account,Video not loading,Jonly Secure Subscription,iOS,Tier 1,Closed,1074,0,1,4,0.42
9003769,JNL003769,CU45352,2025-07-27T01:21:00.000Z,North America,CA,EN,Phone,Connectivity,Audio one-way only,Jonly Hub Plus,iOS,Tier 1,Closed,553,2,1,3,-0.23
9003770,JNL003770,CU99973,2025-06-19T23:40:00.000Z,North America,US,EN,Chat,Inquiry,Camera offline,Jonly Floodlight Max,iOS,Tier 1,Closed,1270,0,1,5,1.0
9003771,JNL003771,CU11165,2025-05-01T09:22:00.000Z,Europe,GB,FR,Web Form,Functionality,Charged twice,Jonly Hub Plus,Android,Tier 1,Closed,530,1,1,5,1.0
9003772,JNL003772,CU42176,2025-06-12T04:31:00.000Z,Europe,DE,EN,Phone,Billing,Wrong item received,Jonly Hub Plus,iOS,Tier 2,In Progress,1381,1,1,4,-0.0
9003773,JNL003773,CU72141,2025-05-06T22:54:00.000Z,Europe,GB,EN,Chat,Connectivity,Poor night vision,Jonly Doorbell Pro,Web,Tier 1,Closed,560,0,1,4,0.82
9003774,JNL003774,CU75928,2025-07-21T02:46:00.000Z,Europe,FR,EN,Email,Billing,Order not delivered,Jonly Secure Subscription,Web,Tier 1,Closed,591,1,1,4,-0.04
9003775,JNL003775,CU15854,2025-05-17T18:50:00.000Z,North America,CA,EN,Chat,Functionality,Subscription not applied,Jonly Secure Subscription,iOS,Tier 2,In Progress,180,0,0,3,0.37
9003776,JNL003776,CU36526,2025-06-11T09:36:00.000Z,Europe,FR,EN,Chat,Account,Camera offline,Jonly Doorbell Pro,Android,Tier 1,Escalated,504,1,0,3,-0.45
9003777,JNL003777,CU74100,2025-06-23T20:03:00.000Z,APAC,AU,EN,Chat,Inquiry,Audio one-way only,Jonly Hub Plus,iOS,Tier 1,Closed,1339,0,1,4,0.38
9003778,JNL003778,CU40567,2025-05-10T18:18:00.000Z,APAC,SG,EN,Phone,Billing,Two-factor issues,Jonly Hub Mini,Android,Tier 1,Closed,1207,1,1,5,1.0
9003779,JNL003779,CU23374,2025-06-05T21:01:00.000Z,North America,US,FR,Web Form,Functionality,Audio one-way only,Jonly Cam Outdoor,iOS,Tier 1,Closed,359,0,1,3,0.37
9003780,JNL003780,CU90144,2025-07-27T19:30:00.000Z,North America,CA,EN,Phone,Inquiry,Poor night vision,Jonly Hub Mini,iOS,Tier 1,Closed,1556,0,1,4,0.19
9003781,JNL003781,CU65298,2025-06-05T15:11:00.000Z,Europe,DE,EN,Phone,Functionality,Device will not pair,Jonly Doorbell Pro,Android,Tier 2,Escalated,1013,1,1,5,1.0
9003782,JNL003782,CU79294,2025-06-09T07:13:00.000Z,APAC,AU,EN,Web Form,Functionality,Video not loading,Jonly Doorbell Pro,iOS,Escalation,Closed,550,0,1,5,0.81
9003783,JNL003783,CU22079,2025-06-05T15:15:00.000Z,APAC,AU,DE,Phone,Shipping,Camera offline,Jonly Cam Outdoor,Android,Tier 1,Closed,1199,0,1,3,1.0
9003784,JNL003784,CU37638,2025-07-18T05:46:00.000Z,North America,US,DE,Community,Connectivity,Cannot login to app,Jonly Floodlight Max,Android,Tier 1,Escalated,616,0,1,5,0.78
9003785,JNL003785,CU35221,2025-05-09T13:40:00.000Z,Europe,NL,FR,Phone,Connectivity,Laggy live view,Jonly Cam Indoor,iOS,Tier 2,Closed,485,3,1,3,0.15
9003786,JNL003786,CU13913,2025-07-24T17:33:00.000Z,Europe,FR,DE,Chat,Connectivity,Device will not pair,Jonly Doorbell Pro,Other,Tier 2,Closed,1871,0,0,3,0.31
9003787,JNL003787,CU14837,2025-05-10T22:25:00.000Z,North America,CA,EN,Chat,Connectivity,Subscription not applied,Jonly Doorbell Pro,Web,Tier 1,Closed,831,2,1,2,-0.97
9003788,JNL003788,CU52405,2025-06-15T16:31:00.000Z,Europe,DE,NL,Web Form,Billing,No motion alerts,Jonly Hub Mini,iOS,Tier 2,Closed,816,1,1,4,0.84
9003789,JNL003789,CU92169,2025-06-25T11:54:00.000Z,North America,CA,EN,Phone,Connectivity,No motion alerts,Jonly Hub Mini,Android,Tier 1,Closed,346,0,1,4,0.56
9003790,JNL003790,CU70124,2025-07-07T20:14:00.000Z,North America,US,DE,Phone,Inquiry,Video not loading,Jonly Hub Mini,Android,Tier 1,Closed,784,0,1,4,-0.06
9003791,JNL003791,CU91378,2025-05-28T23:35:00.000Z,APAC,AU,EN,Phone,Inquiry,Poor night vision,Jonly Hub Plus,iOS,Tier 2,Closed,1244,0,1,5,0.71
9003792,JNL003792,CU69587,2025-05-13T18:41:00.000Z,North America,US,EN,Phone,Connectivity,Poor night vision,Jonly Secure Subscription,iOS,Tier 1,Closed,811,0,1,5,1.0
9003793,JNL003793,CU74686,2025-07-30T03:41:00.000Z,North America,CA,FR,Phone,Functionality,Audio one-way only,Jonly Cam Outdoor,iOS,Tier 1,Closed,1219,0,0,4,0.46
9003794,JNL003794,CU99072,2025-05-09T19:02:00.000Z,Europe,DE,FR,Phone,Functionality,Poor night vision,Jonly Cam Outdoor,Android,Tier 2,Closed,1570,0,1,3,0.02
9003795,JNL003795,CU66913,2025-05-12T06:58:00.000Z,Europe,GB,EN,Chat,Functionality,Poor night vision,Jonly Cam Indoor,iOS,Tier 2,Closed,1037,0,0,4,0.59
9003796,JNL003796,CU28229,2025-05-18T05:23:00.000Z,Europe,FR,DE,Email,Inquiry,Laggy live view,Jonly Doorbell Pro,iOS,Tier 2,Closed,620,0,1,4,0.47
9003797,JNL003797,CU91145,2025-07-02T15:18:00.000Z,North America,CA,DE,Phone,Inquiry,Laggy live view,Jonly Floodlight Max,iOS,Tier 2,Closed,1856,0,1,4,0.27
9003798,JNL003798,CU79878,2025-05-03T14:54:00.000Z,Europe,NL,EN,Phone,Setup,Order not delivered,Jonly Doorbell Pro,Other,Tier 1,Closed,673,1,1,4,-0.01
9003799,JNL003799,CU97696,2025-05-10T06:58:00.000Z,North America,US,EN,Phone,Account,Subscription not applied,Jonly Secure Subscription,iOS,Tier 1,Closed,599,0,1,5,0.72
9003800,JNL003800,CU68296,2025-05-28T21:11:00.000Z,Europe,DE,EN,Phone,Setup,Charged twice,Jonly Secure Subscription,Android,Tier 1,Closed,1842,0,1,4,-0.09
9003801,JNL003801,CU75881,2025-06-28T13:27:00.000Z,North America,CA,EN,Phone,Inquiry,No motion alerts,Jonly Secure Subscription,Web,Tier 2,Closed,1920,0,1,3,0.01
9003802,JNL003802,CU61761,2025-06-04T10:04:00.000Z,APAC,NZ,DE,Chat,Inquiry,Video not loading,Jonly Secure Subscription,Android,Tier 1,Closed,1104,0,1,3,-0.0
9003803,JNL003803,CU41567,2025-07-28T16:30:00.000Z,North America,CA,DE,Phone,Connectivity,Cannot login to app,Jonly Cam Outdoor,Android,Tier 1,Closed,727,1,1,3,0.27
9003804,JNL003804,CU12655,2025-05-14T10:45:00.000Z,APAC,SG,EN,Email,Billing,Subscription not applied,Jonly Hub Mini,iOS,Tier 1,Closed,1043,3,1,2,-1.0
9003805,JNL003805,CU49507,2025-07-18T23:43:00.000Z,North America,CA,EN,Phone,Connectivity,Two-factor issues,Jonly Doorbell Pro,Android,Tier 1,Closed,845,1,1,5,1.0
9003806,JNL003806,CU93777,2025-06-12T20:39:00.000Z,North America,CA,EN,Chat,Setup,Device will not pair,Jonly Floodlight Max,Android,Tier 1,Closed,258,1,1,5,0.75
9003807,JNL003807,CU93240,2025-07-18T13:02:00.000Z,Europe,GB,EN,Phone,Setup,Order not delivered,Jonly Cam Indoor,Android,Tier 2,In Progress,1673,1,1,5,1.0
9003808,JNL003808,CU22259,2025-05-17T18:09:00.000Z,APAC,NZ,EN,Chat,Inquiry,Poor night vision,Jonly Hub Mini,Android,Escalation,Closed,180,1,1,4,0.63
9003809,JNL003809,CU90425,2025-06-30T22:08:00.000Z,North America,US,EN,Phone,Functionality,Doorbell not ringing,Jonly Cam Indoor,iOS,Tier 1,Closed,1064,1,1,2,-1.0
9003810,JNL003810,CU80215,2025-07-15T03:54:00.000Z,North America,US,EN,Phone,Connectivity,Cannot login to app,Jonly Cam Outdoor,Android,Tier 1,Closed,636,1,1,4,0.93
9003811,JNL003811,CU35635,2025-05-07T12:54:00.000Z,Europe,NL,FR,Phone,Inquiry,Cannot login to app,Jonly Secure Subscription,Android,Tier 1,Closed,1231,2,1,4,0.06
9003812,JNL003812,CU91652,2025-06-01T02:31:00.000Z,Europe,NL,DE,Phone,Account,Poor night vision,Jonly Floodlight Max,iOS,Tier 1,Closed,1741,0,1,4,0.38
9003813,JNL003813,CU77950,2025-07-10T22:39:00.000Z,Europe,GB,NL,Phone,Billing,Doorbell not ringing,Jonly Secure Subscription,iOS,Tier 2,Closed,1753,1,1,3,-0.32
9003814,JNL003814,CU52883,2025-05-04T12:21:00.000Z,Europe,GB,EN,Phone,Billing,False motion alerts,Jonly Secure Subscription,Android,Tier 1,Closed,688,2,1,1,-0.73
9003815,JNL003815,CU71633,2025-06-03T23:19:00.000Z,APAC,AU,EN,Phone,Functionality,Subscription not applied,Jonly Doorbell Pro,Android,Tier 2,Closed,951,0,1,3,-0.04
9003816,JNL003816,CU86024,2025-05-31T21:59:00.000Z,North America,US,EN,Chat,Billing,Two-factor issues,Jonly Secure Subscription,iOS,Tier 1,Closed,748,2,1,4,0.62
9003817,JNL003817,CU42944,2025-05-29T11:29:00.000Z,Europe,DE,EN,Email,Connectivity,Charged twice,Jonly Cam Indoor,Android,Tier 1,Closed,1010,0,1,4,0.18
9003818,JNL003818,CU48463,2025-07-16T06:00:00.000Z,North America,US,EN,Email,Inquiry,Charged twice,Jonly Cam Outdoor,iOS,Tier 1,Closed,964,0,1,5,1.0
9003819,JNL003819,CU34676,2025-07-25T02:53:00.000Z,Europe,NL,EN,Chat,Functionality,False motion alerts,Jonly Cam Indoor,Android,Escalation,Closed,1141,0,1,4,-0.29
9003820,JNL003820,CU49688,2025-05-09T11:16:00.000Z,North America,CA,EN,Chat,Connectivity,False motion alerts,Jonly Hub Plus,iOS,Tier 1,Closed,180,0,1,2,0.02
9003821,JNL003821,CU59924,2025-07-06T22:33:00.000Z,APAC,AU,EN,Phone,Functionality,Video not loading,Jonly Hub Plus,Web,Tier 1,Closed,1039,0,1,5,0.37
9003822,JNL003822,CU58001,2025-07-10T05:12:00.000Z,Europe,DE,EN,Email,Functionality,Device will not pair,Jonly Doorbell Pro,Web,Tier 1,In Progress,617,1,1,4,0.04
9003823,JNL003823,CU83382,2025-05-29T03:29:00.000Z,North America,US,FR,Chat,Connectivity,Wrong item received,Jonly Cam Indoor,Web,Tier 2,Closed,1008,0,1,4,0.32
9003824,JNL003824,CU95505,2025-07-20T04:18:00.000Z,Europe,FR,FR,Email,Inquiry,Cannot login to app,Jonly Secure Subscription,Android,Tier 1,Closed,1279,0,0,5,1.0
9003825,JNL003825,CU81093,2025-05-05T22:13:00.000Z,North America,CA,FR,Chat,Shipping,False motion alerts,Jonly Hub Mini,Android,Tier 2,In Progress,561,0,1,3,-0.72
9003826,JNL003826,CU63975,2025-07-09T04:27:00.000Z,North America,CA,EN,Phone,Functionality,Laggy live view,Jonly Secure Subscription,Android,Tier 1,Escalated,1264,0,1,5,0.72
9003827,JNL003827,CU77579,2025-06-04T19:54:00.000Z,Europe,NL,EN,Phone,Billing,Cannot login to app,Jonly Cam Indoor,Android,Tier 2,Closed,2049,0,1,5,0.52
9003828,JNL003828,CU35586,2025-05-31T06:55:00.000Z,APAC,AU,EN,Chat,Billing,Doorbell not ringing,Jonly Hub Mini,Web,Tier 1,Closed,1130,0,1,2,-0.82
9003829,JNL003829,CU64434,2025-06-19T22:29:00.000Z,North America,CA,EN,Web Form,Account,Device will not pair,Jonly Floodlight Max,iOS,Tier 2,Closed,542,0,1,4,0.45
9003830,JNL003830,CU43321,2025-06-02T03:59:00.000Z,North America,CA,FR,Phone,Inquiry,Cannot login to app,Jonly Hub Plus,Other,Tier 1,Closed,380,0,1,2,-0.42
9003831,JNL003831,CU78948,2025-06-07T11:36:00.000Z,North America,US,DE,Phone,Connectivity,Doorbell not ringing,Jonly Cam Outdoor,iOS,Tier 1,Closed,1012,3,0,1,-0.42
9003832,JNL003832,CU91513,2025-05-01T14:17:00.000Z,APAC,SG,EN,Phone,Account,Cannot login to app,Jonly Hub Mini,Android,Tier 1,Closed,927,0,1,3,0.01
9003833,JNL003833,CU67662,2025-07-15T11:11:00.000Z,North America,CA,EN,Phone,Connectivity,Camera offline,Jonly Cam Indoor,Android,Tier 1,In Progress,938,1,0,5,1.0
9003834,JNL003834,CU11794,2025-06-04T00:22:00.000Z,North America,CA,FR,Phone,Functionality,Laggy live view,Jonly Hub Plus,Web,Tier 1,Closed,1668,0,1,5,1.0
9003835,JNL003835,CU22044,2025-06-04T15:02:00.000Z,APAC,AU,EN,Web Form,Functionality,Device will not pair,Jonly Secure Subscription,Android,Tier 1,Closed,681,0,1,4,0.22
9003836,JNL003836,CU30137,2025-06-28T02:18:00.000Z,North America,CA,EN,Chat,Functionality,Laggy live view,Jonly Hub Plus,Android,Tier 1,Closed,1233,0,1,4,0.11
9003837,JNL003837,CU80858,2025-06-27T10:22:00.000Z,North America,CA,DE,Web Form,Connectivity,Video not loading,Jonly Secure Subscription,Web,Tier 1,Closed,180,0,1,4,0.65
9003838,JNL003838,CU28627,2025-06-01T15:17:00.000Z,APAC,NZ,EN,Phone,Account,Two-factor issues,Jonly Hub Mini,Web,Tier 1,Closed,862,0,1,5,1.0
9003839,JNL003839,CU52717,2025-07-08T06:37:00.000Z,North America,CA,EN,Community,Functionality,Charged twice,Jonly Cam Outdoor,Web,Tier 2,Closed,256,0,1,4,0.52
9003840,JNL003840,CU73883,2025-07-04T14:13:00.000Z,North America,CA,FR,Phone,Inquiry,Poor night vision,Jonly Secure Subscription,Web,Tier 1,Closed,559,0,0,1,-1.0
9003841,JNL003841,CU50717,2025-07-18T02:36:00.000Z,APAC,AU,EN,Community,Functionality,Two-factor issues,Jonly Cam Indoor,iOS,Tier 2,Closed,1064,0,1,5,1.0
9003842,JNL003842,CU84114,2025-07-29T11:41:00.000Z,North America,US,DE,Email,Account,No motion alerts,Jonly Floodlight Max,iOS,Tier 2,Closed,1440,0,1,1,-1.0
9003843,JNL003843,CU54397,2025-05-18T20:24:00.000Z,Europe,NL,EN,Web Form,Shipping,Poor night vision,Jonly Floodlight Max,iOS,Tier 1,Closed,915,0,1,4,0.84
9003844,JNL003844,CU27425,2025-07-25T04:11:00.000Z,Europe,GB,DE,Phone,Billing,Video not loading,Jonly Cam Indoor,iOS,Tier 1,Closed,1338,0,1,5,1.0
9003845,JNL003845,CU31649,2025-07-05T14:54:00.000Z,North America,US,EN,Chat,Shipping,Doorbell not ringing,Jonly Hub Plus,iOS,Tier 1,Closed,977,0,1,5,0.97
9003846,JNL003846,CU39238,2025-05-17T19:52:00.000Z,Europe,NL,DE,Phone,Functionality,Two-factor issues,Jonly Cam Outdoor,iOS,Escalation,Escalated,958,1,0,2,-0.86
9003847,JNL003847,CU78537,2025-05-27T05:26:00.000Z,Europe,DE,EN,Chat,Functionality,Cannot login to app,Jonly Secure Subscription,iOS,Escalation,Closed,739,0,1,4,0.37
9003848,JNL003848,CU72241,2025-07-02T00:07:00.000Z,Europe,GB,EN,Chat,Inquiry,Camera offline,Jonly Secure Subscription,iOS,Tier 1,Closed,1171,0,1,5,1.0
9003849,JNL003849,CU80619,2025-05-08T19:31:00.000Z,North America,US,NL,Email,Functionality,No motion alerts,Jonly Cam Outdoor,iOS,Tier 1,In Progress,724,0,1,4,0.04
9003850,JNL003850,CU89273,2025-07-16T09:13:00.000Z,Europe,NL,EN,Chat,Connectivity,Audio one-way only,Jonly Hub Mini,Android,Tier 1,Closed,1303,0,1,3,-0.24
9003851,JNL003851,CU12894,2025-05-31T07:40:00.000Z,North America,US,EN,Chat,Inquiry,Two-factor issues,Jonly Floodlight Max,iOS,Tier 1,Closed,715,1,1,5,1.0
9003852,JNL003852,CU79508,2025-07-05T00:22:00.000Z,Europe,DE,FR,Phone,Setup,Audio one-way only,Jonly Floodlight Max,iOS,Tier 1,Closed,1537,1,1,3,-0.31
9003853,JNL003853,CU54177,2025-05-02T01:02:00.000Z,North America,US,EN,Phone,Inquiry,Wrong item received,Jonly Secure Subscription,Web,Tier 1,Closed,1523,0,0,4,0.2
9003854,JNL003854,CU98033,2025-05-28T14:05:00.000Z,North America,US,EN,Phone,Account,Laggy live view,Jonly Cam Indoor,Android,Tier 1,Closed,962,1,1,3,-0.52
9003855,JNL003855,CU71404,2025-05-17T22:06:00.000Z,APAC,AU,NL,Community,Shipping,Cannot login to app,Jonly Hub Plus,Android,Tier 1,Closed,1100,0,1,5,0.74
9003856,JNL003856,CU61737,2025-07-23T12:39:00.000Z,North America,CA,EN,Phone,Connectivity,Order not delivered,Jonly Cam Indoor,iOS,Escalation,Closed,723,1,1,4,0.52
9003857,JNL003857,CU54702,2025-07-11T19:07:00.000Z,Europe,FR,EN,Email,Setup,Video not loading,Jonly Secure Subscription,iOS,Escalation,Escalated,1179,1,1,4,0.43
9003858,JNL003858,CU37477,2025-05-14T16:42:00.000Z,North America,US,FR,Web Form,Inquiry,Camera offline,Jonly Secure Subscription,Android,Tier 2,Closed,686,0,1,1,-0.72
9003859,JNL003859,CU60589,2025-06-09T02:25:00.000Z,North America,CA,EN,Chat,Inquiry,Cannot login to app,Jonly Secure Subscription,iOS,Tier 1,Closed,983,0,1,4,1.0
9003860,JNL003860,CU77915,2025-05-11T19:35:00.000Z,APAC,NZ,DE,Phone,Connectivity,Subscription not applied,Jonly Cam Indoor,iOS,Tier 1,Escalated,1221,0,0,2,-0.52
9003861,JNL003861,CU84330,2025-07-28T23:27:00.000Z,North America,CA,EN,Email,Functionality,False motion alerts,Jonly Hub Mini,iOS,Tier 1,Closed,1136,1,1,5,1.0
9003862,JNL003862,CU27052,2025-06-17T03:50:00.000Z,North America,CA,EN,Phone,Billing,Subscription not applied,Jonly Secure Subscription,iOS,Tier 1,Closed,1576,0,1,3,-0.31
9003863,JNL003863,CU75761,2025-05-29T21:20:00.000Z,Europe,NL,EN,Email,Connectivity,Audio one-way only,Jonly Hub Mini,Web,Tier 1,Closed,1083,0,0,4,0.64
9003864,JNL003864,CU20099,2025-07-09T15:30:00.000Z,North America,CA,EN,Email,Inquiry,Video not loading,Jonly Cam Indoor,Android,Tier 1,Closed,1016,1,1,5,0.2
9003865,JNL003865,CU72173,2025-05-07T07:57:00.000Z,Europe,GB,EN,Community,Connectivity,Doorbell not ringing,Jonly Cam Indoor,iOS,Escalation,Closed,618,1,0,4,0.76
9003866,JNL003866,CU21004,2025-05-20T07:54:00.000Z,North America,CA,EN,Phone,Setup,No motion alerts,Jonly Doorbell Pro,Android,Tier 1,Closed,1219,0,1,3,-0.16
9003867,JNL003867,CU59417,2025-06-12T04:27:00.000Z,North America,US,EN,Phone,Setup,Wrong item received,Jonly Hub Mini,Android,Tier 1,Closed,1581,0,1,3,0.46
9003868,JNL003868,CU24601,2025-07-22T09:10:00.000Z,APAC,AU,NL,Chat,Billing,Video not loading,Jonly Doorbell Pro,Web,Tier 1,Closed,387,0,1,2,0.12
9003869,JNL003869,CU94079,2025-06-29T01:45:00.000Z,North America,US,FR,Chat,Connectivity,Poor night vision,Jonly Cam Indoor,Android,Tier 1,Escalated,1520,0,1,2,-0.31
9003870,JNL003870,CU38281,2025-07-06T22:48:00.000Z,Europe,GB,EN,Chat,Setup,False motion alerts,Jonly Hub Mini,Other,Tier 2,Closed,888,0,1,5,0.9
9003871,JNL003871,CU34684,2025-07-29T05:51:00.000Z,North America,CA,EN,Phone,Connectivity,Doorbell not ringing,Jonly Cam Indoor,Web,Tier 1,Closed,1205,0,1,2,-1.0
9003872,JNL003872,CU99649,2025-07-28T11:38:00.000Z,Europe,GB,EN,Phone,Inquiry,Laggy live view,Jonly Doorbell Pro,iOS,Tier 1,Closed,1856,1,1,5,1.0
9003873,JNL003873,CU99093,2025-05-08T14:06:00.000Z,North America,US,EN,Phone,Functionality,Charged twice,Jonly Hub Plus,Web,Tier 1,Closed,1268,0,1,4,0.51
9003874,JNL003874,CU91415,2025-07-11T20:28:00.000Z,North America,CA,EN,Phone,Billing,Two-factor issues,Jonly Hub Mini,Android,Tier 1,Closed,1000,1,1,1,-0.82
9003875,JNL003875,CU94597,2025-07-15T11:33:00.000Z,North America,CA,EN,Phone,Inquiry,False motion alerts,Jonly Doorbell Pro,Android,Tier 1,Closed,655,0,1,1,-0.83
9003876,JNL003876,CU54818,2025-07-24T05:34:00.000Z,North America,CA,EN,Chat,Billing,Subscription not applied,Jonly Cam Outdoor,iOS,Tier 2,Closed,1054,1,1,5,0.87
9003877,JNL003877,CU78283,2025-07-20T15:39:00.000Z,North America,CA,EN,Phone,Functionality,Doorbell not ringing,Jonly Secure Subscription,iOS,Tier 1,Closed,1373,0,1,5,0.29
9003878,JNL003878,CU55756,2025-06-28T00:31:00.000Z,North America,CA,FR,Web Form,Inquiry,Two-factor issues,Jonly Floodlight Max,Android,Tier 1,Closed,388,0,1,5,1.0
9003879,JNL003879,CU84773,2025-06-15T23:33:00.000Z,North America,US,EN,Phone,Functionality,Order not delivered,Jonly Hub Mini,Other,Tier 1,In Progress,757,0,1,4,0.28
9003880,JNL003880,CU89910,2025-06-04T02:35:00.000Z,Europe,FR,EN,Email,Connectivity,Subscription not applied,Jonly Floodlight Max,iOS,Tier 1,In Progress,816,0,1,3,-0.37
9003881,JNL003881,CU16265,2025-07-24T01:17:00.000Z,North America,US,EN,Chat,Account,No motion alerts,Jonly Secure Subscription,Web,Tier 2,Closed,1161,1,1,5,0.78
9003882,JNL003882,CU30894,2025-05-22T09:35:00.000Z,North America,US,EN,Community,Functionality,Wrong item received,Jonly Cam Indoor,Android,Tier 1,Closed,478,0,0,5,1.0
9003883,JNL003883,CU89069,2025-05-13T20:19:00.000Z,North America,US,EN,Web Form,Connectivity,Doorbell not ringing,Jonly Cam Outdoor,Other,Tier 2,Closed,1284,1,1,5,1.0
9003884,JNL003884,CU50082,2025-07-09T04:48:00.000Z,APAC,AU,EN,Chat,Inquiry,Laggy live view,Jonly Floodlight Max,Android,Tier 1,Closed,1171,0,1,5,1.0
9003885,JNL003885,CU44988,2025-05-13T03:25:00.000Z,Europe,NL,EN,Web Form,Setup,Audio one-way only,Jonly Floodlight Max,iOS,Tier 1,Escalated,1216,0,1,4,-0.01
9003886,JNL003886,CU41071,2025-05-22T11:41:00.000Z,North America,US,EN,Web Form,Inquiry,Wrong item received,Jonly Doorbell Pro,Web,Tier 1,Closed,823,1,1,5,1.0
9003887,JNL003887,CU42519,2025-06-11T00:40:00.000Z,APAC,NZ,EN,Community,Account,Camera offline,Jonly Cam Outdoor,iOS,Tier 1,Closed,831,0,1,3,0.14
9003888,JNL003888,CU66818,2025-06-29T17:21:00.000Z,Europe,FR,DE,Email,Inquiry,Video not loading,Jonly Secure Subscription,Web,Tier 2,In Progress,645,0,1,5,1.0
9003889,JNL003889,CU30377,2025-05-17T19:18:00.000Z,Europe,GB,EN,Phone,Billing,Doorbell not ringing,Jonly Doorbell Pro,Android,Tier 2,Closed,390,0,1,4,0.45
9003890,JNL003890,CU39740,2025-05-26T19:31:00.000Z,Europe,GB,EN,Phone,Account,No motion alerts,Jonly Floodlight Max,Other,Tier 1,Closed,1349,1,0,2,-0.21
9003891,JNL003891,CU80642,2025-07-12T19:28:00.000Z,Europe,DE,EN,Chat,Connectivity,False motion alerts,Jonly Hub Mini,iOS,Tier 1,Escalated,1397,2,1,4,0.54
9003892,JNL003892,CU64972,2025-06-20T23:30:00.000Z,North America,CA,FR,Phone,Functionality,Poor night vision,Jonly Doorbell Pro,Android,Tier 1,Closed,773,0,1,4,0.92
9003893,JNL003893,CU16638,2025-06-03T01:01:00.000Z,North America,CA,EN,Phone,Connectivity,Poor night vision,Jonly Cam Outdoor,Other,Tier 1,In Progress,784,0,1,4,0.98
9003894,JNL003894,CU73703,2025-05-01T10:51:00.000Z,North America,US,EN,Phone,Account,Two-factor issues,Jonly Cam Outdoor,iOS,Tier 1,Closed,1308,0,1,5,1.0
9003895,JNL003895,CU54437,2025-05-22T03:12:00.000Z,APAC,SG,EN,Phone,Functionality,Charged twice,Jonly Floodlight Max,Android,Tier 1,Closed,1606,0,1,5,1.0
9003896,JNL003896,CU15708,2025-06-29T13:43:00.000Z,Europe,GB,EN,Phone,Connectivity,Cannot login to app,Jonly Doorbell Pro,Android,Tier 1,Escalated,1262,2,1,4,0.57
9003897,JNL003897,CU27930,2025-06-28T19:40:00.000Z,North America,US,EN,Web Form,Functionality,Doorbell not ringing,Jonly Cam Indoor,iOS,Tier 1,Escalated,1144,0,1,3,-0.19
9003898,JNL003898,CU77032,2025-05-08T11:16:00.000Z,North America,CA,EN,Phone,Setup,Doorbell not ringing,Jonly Doorbell Pro,Android,Tier 1,Closed,1257,1,1,3,0.48
9003899,JNL003899,CU11558,2025-05-22T05:17:00.000Z,North America,CA,EN,Chat,Connectivity,Video not loading,Jonly Hub Plus,Android,Tier 1,Closed,1557,0,1,3,-0.21
9003900,JNL003900,CU50291,2025-07-06T01:51:00.000Z,APAC,SG,EN,Phone,Account,Laggy live view,Jonly Cam Outdoor,iOS,Tier 2,Closed,935,0,1,3,-0.33
9003901,JNL003901,CU14275,2025-07-22T15:40:00.000Z,Europe,NL,EN,Phone,Connectivity,Poor night vision,Jonly Cam Outdoor,Android,Tier 1,Closed,966,1,1,3,-0.18
9003902,JNL003902,CU76224,2025-07-04T06:23:00.000Z,Europe,FR,EN,Phone,Functionality,Poor night vision,Jonly Cam Outdoor,Web,Tier 1,Closed,1714,0,1,5,0.51
9003903,JNL003903,CU69803,2025-07-15T23:43:00.000Z,North America,US,EN,Phone,Shipping,Video not loading,Jonly Cam Indoor,Android,Tier 1,Closed,856,0,1,3,0.35
9003904,JNL003904,CU50649,2025-07-22T23:02:00.000Z,North America,CA,EN,Phone,Shipping,Subscription not applied,Jonly Hub Plus,iOS,Tier 1,Closed,1483,0,1,5,1.0
9003905,JNL003905,CU16518,2025-07-16T10:45:00.000Z,APAC,SG,EN,Phone,Connectivity,Order not delivered,Jonly Secure Subscription,Web,Tier 1,Closed,861,0,1,2,-0.38
9003906,JNL003906,CU50854,2025-06-30T12:19:00.000Z,Europe,NL,EN,Chat,Connectivity,Cannot login to app,Jonly Floodlight Max,iOS,Escalation,Escalated,259,1,1,4,0.6
9003907,JNL003907,CU82670,2025-06-05T12:00:00.000Z,North America,US,EN,Phone,Connectivity,Charged twice,Jonly Cam Outdoor,iOS,Tier 1,In Progress,1177,0,1,5,1.0
9003908,JNL003908,CU99869,2025-07-01T08:33:00.000Z,North America,US,EN,Community,Connectivity,Two-factor issues,Jonly Cam Outdoor,iOS,Tier 1,Closed,630,2,1,1,-0.48
9003909,JNL003909,CU99903,2025-05-24T05:31:00.000Z,North America,CA,FR,Phone,Inquiry,Camera offline,Jonly Secure Subscription,Android,Tier 2,Closed,1234,1,1,5,0.91
9003910,JNL003910,CU86631,2025-06-19T00:32:00.000Z,APAC,SG,EN,Phone,Inquiry,Wrong item received,Jonly Cam Outdoor,iOS,Tier 1,Closed,434,0,1,5,1.0
9003911,JNL003911,CU44992,2025-06-27T00:44:00.000Z,North America,CA,EN,Phone,Functionality,Audio one-way only,Jonly Floodlight Max,iOS,Escalation,Closed,1674,0,1,5,1.0
9003912,JNL003912,CU52820,2025-06-03T16:08:00.000Z,North America,US,EN,Email,Inquiry,Poor night vision,Jonly Cam Outdoor,iOS,Tier 1,Closed,634,0,1,5,1.0
9003913,JNL003913,CU21361,2025-05-22T17:08:00.000Z,North America,CA,EN,Chat,Billing,No motion alerts,Jonly Secure Subscription,Web,Tier 1,Closed,994,1,1,4,0.37
9003914,JNL003914,CU90215,2025-07-02T00:56:00.000Z,Europe,NL,EN,Email,Inquiry,Wrong item received,Jonly Hub Plus,iOS,Tier 1,In Progress,470,1,1,4,0.54
9003915,JNL003915,CU58330,2025-06-27T07:10:00.000Z,North America,CA,EN,Phone,Inquiry,Charged twice,Jonly Hub Plus,Android,Tier 2,Closed,1712,1,1,5,0.64
9003916,JNL003916,CU10568,2025-07-16T19:33:00.000Z,North America,US,EN,Phone,Inquiry,Order not delivered,Jonly Hub Plus,Android,Tier 2,Closed,802,0,1,5,1.0
9003917,JNL003917,CU83070,2025-06-19T08:44:00.000Z,Europe,GB,FR,Chat,Account,Video not loading,Jonly Secure Subscription,Web,Tier 1,Closed,418,1,1,1,-0.97
9003918,JNL003918,CU14553,2025-05-15T10:58:00.000Z,North America,US,EN,Phone,Account,Laggy live view,Jonly Hub Plus,Android,Tier 1,Closed,238,2,1,1,-0.54
9003919,JNL003919,CU15140,2025-06-11T08:22:00.000Z,North America,CA,EN,Email,Setup,Order not delivered,Jonly Cam Indoor,Android,Tier 1,Closed,180,0,1,5,0.98
9003920,JNL003920,CU20823,2025-05-16T01:42:00.000Z,Europe,NL,FR,Phone,Functionality,Video not loading,Jonly Hub Plus,Web,Tier 1,Closed,1262,0,1,1,-1.0
9003921,JNL003921,CU19596,2025-06-09T19:24:00.000Z,APAC,AU,EN,Chat,Account,Poor night vision,Jonly Hub Plus,iOS,Tier 1,Closed,881,0,0,5,0.88
9003922,JNL003922,CU19466,2025-05-29T08:30:00.000Z,North America,US,FR,Community,Inquiry,Subscription not applied,Jonly Cam Outdoor,Web,Tier 1,Closed,1077,1,1,5,0.7
9003923,JNL003923,CU36932,2025-05-06T13:01:00.000Z,APAC,SG,EN,Phone,Connectivity,Device will not pair,Jonly Cam Outdoor,iOS,Tier 1,Closed,1473,0,1,4,0.57
9003924,JNL003924,CU67774,2025-05-26T03:00:00.000Z,North America,CA,FR,Chat,Inquiry,Doorbell not ringing,Jonly Hub Plus,iOS,Tier 1,Closed,1786,0,1,3,0.05
9003925,JNL003925,CU77008,2025-05-08T15:38:00.000Z,Europe,GB,EN,Chat,Account,Doorbell not ringing,Jonly Secure Subscription,Android,Tier 1,Escalated,197,1,1,5,1.0
9003926,JNL003926,CU33735,2025-06-10T04:06:00.000Z,Europe,NL,EN,Email,Connectivity,No motion alerts,Jonly Hub Mini,Android,Tier 2,Closed,845,0,1,3,-0.66
9003927,JNL003927,CU28047,2025-07-10T13:40:00.000Z,North America,CA,EN,Chat,Setup,False motion alerts,Jonly Secure Subscription,Android,Tier 1,Closed,822,1,0,5,0.58
9003928,JNL003928,CU30089,2025-06-19T10:56:00.000Z,Europe,GB,FR,Phone,Inquiry,Order not delivered,Jonly Hub Mini,iOS,Tier 1,Closed,1810,0,1,4,0.98
9003929,JNL003929,CU58451,2025-06-26T12:59:00.000Z,North America,CA,EN,Phone,Connectivity,Camera offline,Jonly Secure Subscription,iOS,Tier 2,Closed,1473,0,1,5,0.77
9003930,JNL003930,CU25119,2025-05-30T10:40:00.000Z,North America,US,DE,Phone,Connectivity,Poor night vision,Jonly Floodlight Max,iOS,Tier 1,Closed,2135,0,1,3,-0.32
9003931,JNL003931,CU83616,2025-06-19T17:53:00.000Z,North America,CA,EN,Email,Connectivity,Device will not pair,Jonly Hub Plus,iOS,Tier 2,Closed,1096,1,0,2,-0.42
9003932,JNL003932,CU95561,2025-07-13T12:45:00.000Z,North America,US,EN,Phone,Billing,Poor night vision,Jonly Cam Outdoor,Android,Tier 1,Closed,1527,0,1,5,0.85
9003933,JNL003933,CU54251,2025-07-05T02:28:00.000Z,North America,CA,FR,Email,Functionality,Doorbell not ringing,Jonly Hub Plus,Web,Tier 2,Closed,810,0,1,4,0.25
9003934,JNL003934,CU34991,2025-05-29T04:21:00.000Z,North America,CA,EN,Phone,Shipping,Subscription not applied,Jonly Doorbell Pro,iOS,Escalation,Closed,1357,0,1,3,-0.15
9003935,JNL003935,CU11567,2025-06-23T03:35:00.000Z,Europe,GB,EN,Phone,Inquiry,Poor night vision,Jonly Doorbell Pro,iOS,Tier 1,Closed,1890,0,1,4,0.2
9003936,JNL003936,CU60896,2025-05-10T21:03:00.000Z,Europe,DE,DE,Email,Setup,Audio one-way only,Jonly Hub Plus,iOS,Tier 1,Closed,1217,1,1,4,0.58
9003937,JNL003937,CU45806,2025-07-17T03:31:00.000Z,North America,US,DE,Phone,Inquiry,Camera offline,Jonly Hub Mini,iOS,Tier 2,Closed,879,1,1,2,-0.33
9003938,JNL003938,CU82585,2025-06-23T10:05:00.000Z,North America,CA,EN,Web Form,Functionality,False motion alerts,Jonly Cam Outdoor,iOS,Tier 2,Closed,585,0,0,3,-0.11
9003939,JNL003939,CU23952,2025-05-27T14:37:00.000Z,APAC,AU,DE,Chat,Account,Audio one-way only,Jonly Cam Outdoor,iOS,Tier 1,Closed,457,0,1,5,0.41
9003940,JNL003940,CU56950,2025-06-23T22:00:00.000Z,North America,CA,FR,Phone,Connectivity,No motion alerts,Jonly Hub Mini,iOS,Tier 1,Closed,976,0,0,3,-0.73
9003941,JNL003941,CU41439,2025-07-02T17:14:00.000Z,North America,US,EN,Chat,Functionality,Subscription not applied,Jonly Floodlight Max,iOS,Escalation,Closed,928,0,1,4,1.0
9003942,JNL003942,CU17082,2025-05-25T00:11:00.000Z,Europe,FR,EN,Community,Setup,False motion alerts,Jonly Secure Subscription,Android,Tier 1,Closed,523,0,1,4,0.69
9003943,JNL003943,CU31479,2025-07-30T06:16:00.000Z,North America,CA,NL,Phone,Billing,Camera offline,Jonly Cam Outdoor,Web,Tier 1,Escalated,410,0,1,2,-0.5
9003944,JNL003944,CU98968,2025-07-19T22:31:00.000Z,North America,CA,EN,Phone,Connectivity,Video not loading,Jonly Cam Outdoor,iOS,Tier 2,Escalated,1344,0,1,3,0.23
9003945,JNL003945,CU67325,2025-07-07T06:10:00.000Z,North America,US,EN,Chat,Connectivity,Camera offline,Jonly Hub Plus,Android,Tier 1,Closed,1078,1,1,4,-0.2
9003946,JNL003946,CU57356,2025-05-05T18:11:00.000Z,Europe,DE,DE,Phone,Setup,False motion alerts,Jonly Cam Outdoor,iOS,Tier 2,Closed,1794,0,1,2,-0.57
9003947,JNL003947,CU76455,2025-07-31T03:30:00.000Z,APAC,NZ,EN,Phone,Functionality,Two-factor issues,Jonly Doorbell Pro,Android,Tier 1,In Progress,1663,1,1,5,1.0
9003948,JNL003948,CU22964,2025-07-05T00:18:00.000Z,Europe,FR,DE,Chat,Inquiry,Laggy live view,Jonly Doorbell Pro,Android,Tier 1,Closed,981,1,1,4,1.0
9003949,JNL003949,CU42219,2025-07-08T18:28:00.000Z,Europe,NL,EN,Phone,Functionality,Two-factor issues,Jonly Cam Outdoor,iOS,Tier 1,Closed,1745,0,1,4,0.42
9003950,JNL003950,CU46038,2025-07-11T00:47:00.000Z,North America,US,EN,Web Form,Inquiry,Cannot login to app,Jonly Hub Plus,Android,Tier 2,In Progress,1004,0,0,2,-1.0
9003951,JNL003951,CU62114,2025-06-24T14:09:00.000Z,North America,US,DE,Community,Account,False motion alerts,Jonly Cam Outdoor,Android,Tier 1,Closed,540,1,1,3,-0.28
9003952,JNL003952,CU26919,2025-07-12T11:59:00.000Z,Europe,DE,EN,Email,Account,No motion alerts,Jonly Secure Subscription,Android,Tier 1,Closed,751,0,1,2,-0.32
9003953,JNL003953,CU47470,2025-07-01T20:55:00.000Z,North America,CA,EN,Phone,Setup,Device will not pair,Jonly Hub Plus,iOS,Tier 2,Closed,1598,0,1,2,-0.17
9003954,JNL003954,CU98951,2025-07-17T20:02:00.000Z,North America,US,EN,Phone,Billing,Two-factor issues,Jonly Doorbell Pro,iOS,Tier 2,Closed,791,0,1,3,-0.14
9003955,JNL003955,CU58715,2025-07-22T21:41:00.000Z,Europe,DE,EN,Chat,Connectivity,False motion alerts,Jonly Hub Mini,Android,Tier 1,Closed,1105,0,1,3,-0.01
9003956,JNL003956,CU79182,2025-05-03T11:45:00.000Z,North America,CA,EN,Phone,Inquiry,Charged twice,Jonly Hub Plus,iOS,Tier 2,Closed,1222,1,1,5,1.0
9003957,JNL003957,CU17348,2025-05-29T06:19:00.000Z,North America,US,EN,Phone,Functionality,Two-factor issues,Jonly Doorbell Pro,iOS,Tier 1,Closed,1625,0,1,1,-0.9
9003958,JNL003958,CU57126,2025-05-02T16:09:00.000Z,APAC,NZ,EN,Chat,Shipping,No motion alerts,Jonly Hub Mini,iOS,Tier 1,Closed,1238,0,1,2,-0.84
9003959,JNL003959,CU61533,2025-05-31T19:34:00.000Z,Europe,DE,DE,Phone,Functionality,Laggy live view,Jonly Secure Subscription,Android,Tier 1,Closed,934,0,1,4,0.48
9003960,JNL003960,CU20830,2025-07-30T09:11:00.000Z,North America,US,EN,Phone,Setup,Audio one-way only,Jonly Hub Mini,Android,Tier 1,Closed,1821,2,1,2,-0.15
9003961,JNL003961,CU68913,2025-05-17T03:37:00.000Z,North America,US,EN,Chat,Functionality,Subscription not applied,Jonly Secure Subscription,iOS,Tier 2,In Progress,936,1,1,5,1.0
9003962,JNL003962,CU18994,2025-07-13T10:57:00.000Z,APAC,SG,FR,Phone,Inquiry,Poor night vision,Jonly Cam Indoor,Web,Tier 1,Closed,1457,0,0,4,0.82
9003963,JNL003963,CU47539,2025-06-14T08:27:00.000Z,North America,CA,EN,Email,Shipping,Poor night vision,Jonly Hub Plus,Web,Tier 1,In Progress,1044,0,1,4,0.36
9003964,JNL003964,CU25038,2025-07-09T08:53:00.000Z,Europe,GB,EN,Email,Functionality,Poor night vision,Jonly Secure Subscription,Web,Tier 1,In Progress,808,0,1,4,-0.05
9003965,JNL003965,CU49498,2025-05-21T06:57:00.000Z,APAC,NZ,FR,Email,Connectivity,Cannot login to app,Jonly Doorbell Pro,Android,Tier 2,Escalated,543,1,1,4,0.02
9003966,JNL003966,CU79513,2025-06-29T15:56:00.000Z,APAC,NZ,EN,Chat,Functionality,Video not loading,Jonly Hub Mini,Android,Tier 2,Closed,1039,0,1,4,0.79
9003967,JNL003967,CU55966,2025-07-31T12:30:00.000Z,North America,CA,EN,Phone,Inquiry,Subscription not applied,Jonly Hub Plus,iOS,Tier 1,Escalated,967,0,1,4,0.22
9003968,JNL003968,CU67353,2025-05-08T20:28:00.000Z,North America,CA,EN,Chat,Setup,Cannot login to app,Jonly Hub Plus,Other,Tier 1,Escalated,829,1,0,3,-0.2
9003969,JNL003969,CU64094,2025-05-19T12:53:00.000Z,North America,CA,EN,Phone,Account,Device will not pair,Jonly Cam Indoor,Android,Tier 1,In Progress,1417,0,0,5,0.84
9003970,JNL003970,CU96626,2025-06-10T09:49:00.000Z,Europe,GB,DE,Phone,Functionality,Charged twice,Jonly Doorbell Pro,Android,Tier 1,Closed,1221,1,1,3,0.24
9003971,JNL003971,CU67036,2025-07-01T16:04:00.000Z,North America,US,FR,Phone,Inquiry,Cannot login to app,Jonly Floodlight Max,iOS,Tier 1,Closed,1068,1,1,5,0.65
9003972,JNL003972,CU97415,2025-05-26T11:37:00.000Z,Europe,NL,NL,Community,Connectivity,Wrong item received,Jonly Floodlight Max,Android,Tier 1,Closed,180,0,0,4,1.0
9003973,JNL003973,CU57629,2025-07-20T02:42:00.000Z,Europe,FR,EN,Chat,Inquiry,Audio one-way only,Jonly Hub Mini,iOS,Tier 1,Closed,1481,0,1,4,1.0
9003974,JNL003974,CU97192,2025-05-25T03:02:00.000Z,North America,US,NL,Phone,Connectivity,Doorbell not ringing,Jonly Hub Plus,Android,Tier 2,Closed,1623,0,1,4,-0.51
9003975,JNL003975,CU33190,2025-05-14T20:01:00.000Z,North America,CA,EN,Chat,Account,Video not loading,Jonly Cam Indoor,Android,Tier 1,Closed,632,0,1,4,-0.03
9003976,JNL003976,CU68503,2025-07-28T16:22:00.000Z,North America,CA,EN,Phone,Billing,Video not loading,Jonly Secure Subscription,Web,Tier 2,Closed,1212,1,1,4,0.77
9003977,JNL003977,CU75507,2025-06-18T21:00:00.000Z,APAC,SG,EN,Phone,Setup,Subscription not applied,Jonly Secure Subscription,Android,Tier 1,Closed,1100,0,1,5,1.0
9003978,JNL003978,CU91824,2025-07-26T01:11:00.000Z,North America,CA,EN,Email,Account,No motion alerts,Jonly Secure Subscription,iOS,Tier 2,Closed,1427,1,1,4,0.4
9003979,JNL003979,CU51898,2025-05-01T17:10:00.000Z,North America,CA,FR,Email,Connectivity,No motion alerts,Jonly Cam Outdoor,iOS,Escalation,Escalated,868,0,1,5,0.84
9003980,JNL003980,CU42576,2025-05-21T21:43:00.000Z,North America,US,EN,Email,Inquiry,Doorbell not ringing,Jonly Floodlight Max,Android,Escalation,Closed,661,0,1,3,0.17
9003981,JNL003981,CU86414,2025-07-06T13:10:00.000Z,North America,US,EN,Chat,Setup,Device will not pair,Jonly Doorbell Pro,Android,Escalation,Closed,933,1,1,4,0.46
9003982,JNL003982,CU69318,2025-06-03T12:39:00.000Z,North America,CA,EN,Email,Inquiry,Cannot login to app,Jonly Hub Plus,iOS,Escalation,In Progress,1028,0,1,5,0.87
9003983,JNL003983,CU42335,2025-06-29T10:43:00.000Z,Europe,FR,EN,Web Form,Connectivity,Doorbell not ringing,Jonly Cam Indoor,Other,Tier 1,Closed,473,1,0,2,-0.39
9003984,JNL003984,CU66026,2025-07-29T23:11:00.000Z,North America,CA,EN,Email,Inquiry,Charged twice,Jonly Cam Outdoor,Android,Tier 1,Closed,598,0,1,5,1.0
9003985,JNL003985,CU83696,2025-05-26T10:14:00.000Z,Europe,FR,EN,Web Form,Account,Wrong item received,Jonly Secure Subscription,iOS,Escalation,Closed,909,0,1,5,0.85
9003986,JNL003986,CU50690,2025-05-18T23:32:00.000Z,North America,US,EN,Phone,Inquiry,Charged twice,Jonly Doorbell Pro,iOS,Escalation,Closed,554,0,1,4,0.75
9003987,JNL003987,CU78685,2025-06-07T14:29:00.000Z,Europe,GB,EN,Phone,Functionality,Subscription not applied,Jonly Cam Indoor,iOS,Tier 1,Escalated,1248,1,0,4,0.38
9003988,JNL003988,CU95514,2025-05-26T03:08:00.000Z,North America,US,EN,Phone,Setup,Doorbell not ringing,Jonly Hub Mini,Web,Tier 1,Closed,1288,0,1,2,-0.31
9003989,JNL003989,CU51818,2025-06-07T10:54:00.000Z,North America,US,EN,Phone,Account,Doorbell not ringing,Jonly Cam Indoor,Web,Tier 1,Closed,594,0,1,5,0.86
9003990,JNL003990,CU49427,2025-06-18T04:27:00.000Z,North America,CA,DE,Community,Functionality,Audio one-way only,Jonly Hub Mini,Android,Tier 1,Closed,888,0,1,3,-0.28
9003991,JNL003991,CU44065,2025-05-13T11:52:00.000Z,APAC,NZ,FR,Phone,Account,False motion alerts,Jonly Floodlight Max,iOS,Tier 1,Escalated,1151,0,0,5,1.0
9003992,JNL003992,CU25858,2025-05-20T12:07:00.000Z,North America,CA,FR,Phone,Connectivity,Charged twice,Jonly Floodlight Max,Android,Tier 2,Closed,1168,1,1,3,-0.0
9003993,JNL003993,CU32662,2025-06-25T18:32:00.000Z,Europe,FR,EN,Phone,Connectivity,Charged twice,Jonly Hub Plus,iOS,Tier 1,Closed,535,0,1,4,0.21
9003994,JNL003994,CU41996,2025-07-28T00:54:00.000Z,North America,US,EN,Chat,Inquiry,Subscription not applied,Jonly Secure Subscription,iOS,Tier 2,Closed,1335,0,1,4,-0.15
9003995,JNL003995,CU28436,2025-06-14T14:45:00.000Z,Europe,NL,EN,Chat,Shipping,Audio one-way only,Jonly Hub Plus,Android,Tier 1,Closed,949,0,1,3,-0.09
9003996,JNL003996,CU80319,2025-06-23T00:23:00.000Z,Europe,FR,EN,Chat,Connectivity,False motion alerts,Jonly Doorbell Pro,iOS,Tier 1,Closed,1183,1,1,4,0.78
9003997,JNL003997,CU85752,2025-07-06T17:30:00.000Z,Europe,NL,EN,Chat,Setup,Subscription not applied,Jonly Cam Indoor,iOS,Tier 2,Closed,717,1,1,5,1.0
9003998,JNL003998,CU72085,2025-05-11T20:22:00.000Z,North America,US,FR,Phone,Setup,Charged twice,Jonly Hub Mini,Web,Tier 1,Closed,192,1,1,4,0.47
9003999,JNL003999,CU60804,2025-07-17T02:00:00.000Z,Europe,DE,DE,Chat,Functionality,Doorbell not ringing,Jonly Cam Indoor,Android,Tier 1,Closed,1266,0,1,5,0.51
9004000,JNL004000,CU69059,2025-05-03T20:16:00.000Z,Europe,NL,EN,Phone,Billing,Audio one-way only,Jonly Floodlight Max,Other,Tier 2,Closed,1178,0,1,4,0.97
9004001,JNL004001,CU40128,2025-05-09T21:13:00.000Z,North America,CA,EN,Phone,Connectivity,Wrong item received,Jonly Floodlight Max,Android,Tier 2,Closed,935,0,1,2,-0.95
9004002,JNL004002,CU90738,2025-05-11T04:21:00.000Z,North America,US,NL,Chat,Billing,No motion alerts,Jonly Cam Indoor,iOS,Tier 1,Closed,569,0,1,5,0.71
9004003,JNL004003,CU21757,2025-07-17T04:19:00.000Z,North America,CA,EN,Community,Billing,Charged twice,Jonly Cam Indoor,iOS,Tier 1,Closed,778,2,1,5,0.86
9004004,JNL004004,CU41158,2025-05-07T15:02:00.000Z,North America,US,EN,Email,Connectivity,Wrong item received,Jonly Floodlight Max,Android,Tier 1,In Progress,448,1,1,5,0.92
9004005,JNL004005,CU19879,2025-07-27T16:12:00.000Z,North America,US,EN,Chat,Connectivity,Laggy live view,Jonly Floodlight Max,Android,Tier 2,Closed,794,0,1,3,-0.16
9004006,JNL004006,CU39529,2025-05-15T13:03:00.000Z,APAC,AU,DE,Email,Setup,False motion alerts,Jonly Doorbell Pro,iOS,Escalation,Closed,730,1,1,5,0.4
9004007,JNL004007,CU41813,2025-07-08T22:25:00.000Z,Europe,FR,EN,Phone,Functionality,Poor night vision,Jonly Cam Indoor,iOS,Tier 1,Escalated,950,0,1,5,0.79
9004008,JNL004008,CU92894,2025-07-07T11:55:00.000Z,APAC,SG,FR,Chat,Billing,False motion alerts,Jonly Cam Outdoor,Android,Tier 1,Closed,976,1,1,2,-0.22
9004009,JNL004009,CU24068,2025-07-21T08:13:00.000Z,Europe,FR,EN,Phone,Inquiry,Charged twice,Jonly Cam Indoor,iOS,Tier 1,Closed,825,0,1,3,-0.3
9004010,JNL004010,CU51334,2025-07-20T13:15:00.000Z,North America,US,EN,Phone,Inquiry,Order not delivered,Jonly Secure Subscription,Android,Tier 2,In Progress,755,2,1,4,0.02
9004011,JNL004011,CU25500,2025-05-25T10:42:00.000Z,North America,CA,DE,Phone,Connectivity,False motion alerts,Jonly Secure Subscription,iOS,Tier 1,Closed,881,0,1,5,0.66
9004012,JNL004012,CU67562,2025-06-07T18:37:00.000Z,North America,US,EN,Email,Connectivity,Subscription not applied,Jonly Cam Outdoor,iOS,Tier 1,Closed,180,0,1,4,0.15
9004013,JNL004013,CU29376,2025-06-13T13:55:00.000Z,APAC,NZ,EN,Phone,Account,False motion alerts,Jonly Doorbell Pro,Android,Tier 1,Escalated,1490,0,1,5,1.0
9004014,JNL004014,CU78774,2025-07-10T15:13:00.000Z,APAC,SG,DE,Phone,Inquiry,Doorbell not ringing,Jonly Cam Outdoor,iOS,Tier 2,Closed,1689,0,1,4,0.63
9004015,JNL004015,CU72838,2025-06-19T12:00:00.000Z,North America,CA,FR,Phone,Account,Doorbell not ringing,Jonly Cam Outdoor,Web,Escalation,Closed,787,0,1,3,0.31
9004016,JNL004016,CU42327,2025-07-01T08:10:00.000Z,North America,CA,EN,Chat,Account,Charged twice,Jonly Secure Subscription,Android,Tier 1,Closed,914,1,1,5,0.33
9004017,JNL004017,CU52317,2025-07-09T23:30:00.000Z,Europe,NL,DE,Web Form,Shipping,False motion alerts,Jonly Secure Subscription,iOS,Tier 1,Closed,1380,1,1,5,0.49
9004018,JNL004018,CU57589,2025-07-08T22:44:00.000Z,Europe,NL,EN,Phone,Setup,Subscription not applied,Jonly Cam Outdoor,Other,Tier 1,Closed,1371,0,0,4,0.76
9004019,JNL004019,CU86844,2025-05-24T21:17:00.000Z,North America,US,EN,Phone,Inquiry,Subscription not applied,Jonly Hub Mini,iOS,Tier 1,Closed,338,0,1,4,1.0
9004020,JNL004020,CU76602,2025-05-23T01:47:00.000Z,Europe,GB,EN,Community,Shipping,Device will not pair,Jonly Cam Indoor,iOS,Tier 1,Escalated,369,0,1,4,0.49
9004021,JNL004021,CU41447,2025-05-12T17:36:00.000Z,APAC,SG,DE,Phone,Functionality,No motion alerts,Jonly Hub Mini,Android,Tier 1,Closed,180,0,1,4,0.73
9004022,JNL004022,CU49278,2025-05-28T13:42:00.000Z,Europe,GB,EN,Web Form,Billing,Two-factor issues,Jonly Cam Outdoor,iOS,Tier 1,Closed,913,0,0,4,0.92
9004023,JNL004023,CU84272,2025-05-04T00:53:00.000Z,Europe,DE,EN,Phone,Inquiry,Wrong item received,Jonly Hub Mini,iOS,Tier 1,Closed,1478,0,1,2,-0.44
9004024,JNL004024,CU60229,2025-07-01T20:56:00.000Z,North America,US,EN,Web Form,Functionality,Cannot login to app,Jonly Floodlight Max,iOS,Tier 1,Closed,701,0,1,3,-0.29
9004025,JNL004025,CU28818,2025-06-29T20:35:00.000Z,North America,US,EN,Phone,Account,Two-factor issues,Jonly Doorbell Pro,Android,Tier 1,Closed,1291,0,1,4,0.98
9004026,JNL004026,CU11161,2025-07-14T09:52:00.000Z,Europe,NL,EN,Phone,Billing,Order not delivered,Jonly Doorbell Pro,Web,Tier 1,Closed,1188,0,1,3,0.12
9004027,JNL004027,CU97046,2025-05-30T15:25:00.000Z,Europe,FR,EN,Phone,Connectivity,Wrong item received,Jonly Hub Plus,iOS,Escalation,Closed,1214,2,1,2,-0.21
9004028,JNL004028,CU44884,2025-06-29T21:27:00.000Z,North America,US,EN,Email,Connectivity,No motion alerts,Jonly Cam Outdoor,Android,Tier 1,Closed,545,1,1,4,0.49
9004029,JNL004029,CU89142,2025-07-11T06:22:00.000Z,Europe,FR,EN,Web Form,Setup,Video not loading,Jonly Doorbell Pro,Web,Tier 1,Closed,515,0,1,3,-0.61
9004030,JNL004030,CU33391,2025-05-03T06:38:00.000Z,North America,US,EN,Email,Inquiry,Doorbell not ringing,Jonly Cam Indoor,Android,Tier 1,Escalated,1031,0,1,5,0.73
9004031,JNL004031,CU13631,2025-06-15T18:16:00.000Z,Europe,DE,EN,Phone,Connectivity,Video not loading,Jonly Cam Indoor,Android,Tier 2,Closed,1504,1,1,4,0.39
9004032,JNL004032,CU92023,2025-07-31T00:53:00.000Z,North America,CA,DE,Web Form,Inquiry,Doorbell not ringing,Jonly Floodlight Max,Android,Tier 1,Closed,947,0,1,4,0.84
9004033,JNL004033,CU42031,2025-06-28T21:43:00.000Z,North America,CA,EN,Phone,Functionality,Doorbell not ringing,Jonly Cam Indoor,Android,Tier 1,Closed,665,0,1,3,-0.16
9004034,JNL004034,CU51205,2025-06-07T17:06:00.000Z,Europe,GB,EN,Chat,Functionality,Laggy live view,Jonly Secure Subscription,Android,Tier 1,Closed,1086,0,1,2,-0.8
9004035,JNL004035,CU26238,2025-06-06T04:13:00.000Z,North America,US,FR,Phone,Inquiry,Camera offline,Jonly Hub Plus,iOS,Tier 2,Closed,889,0,1,2,0.11
9004036,JNL004036,CU35546,2025-05-12T02:46:00.000Z,North America,US,EN,Phone,Inquiry,Subscription not applied,Jonly Secure Subscription,Android,Tier 2,In Progress,1015,0,1,5,1.0
9004037,JNL004037,CU19709,2025-07-25T10:02:00.000Z,North America,US,EN,Email,Functionality,Cannot login to app,Jonly Hub Plus,Android,Tier 1,Closed,356,0,1,4,0.6
9004038,JNL004038,CU39274,2025-07-22T07:04:00.000Z,APAC,AU,EN,Community,Shipping,Video not loading,Jonly Cam Outdoor,Web,Tier 1,Closed,777,0,1,4,0.75
9004039,JNL004039,CU91797,2025-05-27T05:39:00.000Z,North America,US,EN,Phone,Connectivity,Video not loading,Jonly Cam Indoor,iOS,Tier 1,Closed,2078,0,1,4,0.37
9004040,JNL004040,CU69062,2025-06-14T13:00:00.000Z,North America,US,EN,Phone,Functionality,Wrong item received,Jonly Secure Subscription,Android,Tier 1,Closed,1599,0,1,5,0.58
9004041,JNL004041,CU96470,2025-05-25T13:56:00.000Z,North America,CA,EN,Chat,Functionality,Laggy live view,Jonly Hub Plus,Android,Tier 1,Closed,728,0,1,4,1.0
9004042,JNL004042,CU98381,2025-05-07T19:49:00.000Z,Europe,GB,FR,Email,Functionality,No motion alerts,Jonly Hub Plus,iOS,Tier 1,Closed,411,1,1,4,0.82
9004043,JNL004043,CU32872,2025-07-30T12:36:00.000Z,North America,CA,EN,Phone,Connectivity,Device will not pair,Jonly Hub Plus,Web,Tier 2,Closed,690,1,1,4,0.3
9004044,JNL004044,CU12136,2025-07-25T13:05:00.000Z,North America,CA,EN,Chat,Connectivity,Audio one-way only,Jonly Secure Subscription,iOS,Tier 1,Closed,1296,0,1,4,0.83
9004045,JNL004045,CU77066,2025-05-24T13:48:00.000Z,APAC,AU,EN,Phone,Connectivity,Cannot login to app,Jonly Cam Indoor,iOS,Tier 1,Closed,1797,1,1,3,0.12
9004046,JNL004046,CU25945,2025-07-31T13:07:00.000Z,North America,CA,DE,Phone,Inquiry,Cannot login to app,Jonly Floodlight Max,iOS,Tier 1,Closed,1305,1,0,5,1.0
9004047,JNL004047,CU38790,2025-06-12T05:20:00.000Z,Europe,FR,EN,Phone,Inquiry,Audio one-way only,Jonly Cam Outdoor,Android,Escalation,Escalated,1721,1,0,3,0.28
9004048,JNL004048,CU67041,2025-05-15T14:48:00.000Z,North America,CA,EN,Community,Account,Doorbell not ringing,Jonly Hub Mini,Android,Tier 1,In Progress,557,0,1,4,0.8
9004049,JNL004049,CU41781,2025-06-25T13:02:00.000Z,Europe,NL,NL,Web Form,Inquiry,False motion alerts,Jonly Cam Indoor,Android,Tier 1,Closed,719,1,1,3,0.29
9004050,JNL004050,CU44914,2025-06-18T19:47:00.000Z,North America,CA,NL,Phone,Billing,Wrong item received,Jonly Cam Indoor,Android,Escalation,Closed,1356,1,1,1,-0.46
9004051,JNL004051,CU71282,2025-07-04T11:41:00.000Z,North America,US,EN,Email,Functionality,Device will not pair,Jonly Doorbell Pro,Android,Tier 2,Escalated,1583,0,1,5,0.28
9004052,JNL004052,CU34569,2025-07-17T05:31:00.000Z,North America,US,NL,Phone,Billing,False motion alerts,Jonly Floodlight Max,Android,Tier 1,Closed,180,0,0,4,0.27
9004053,JNL004053,CU19065,2025-07-13T12:17:00.000Z,APAC,NZ,NL,Phone,Connectivity,Cannot login to app,Jonly Hub Mini,Android,Tier 1,Closed,1298,0,1,1,-0.79
9004054,JNL004054,CU95908,2025-06-22T10:17:00.000Z,North America,US,DE,Chat,Account,False motion alerts,Jonly Cam Outdoor,Android,Tier 1,Closed,1255,0,1,1,-0.76
9004055,JNL004055,CU87476,2025-05-29T19:27:00.000Z,Europe,DE,EN,Phone,Functionality,Laggy live view,Jonly Hub Plus,iOS,Tier 1,Closed,350,0,1,4,0.87
9004056,JNL004056,CU87029,2025-06-11T21:42:00.000Z,North America,US,FR,Phone,Setup,Charged twice,Jonly Cam Indoor,Web,Tier 1,Closed,1820,1,1,2,0.01
9004057,JNL004057,CU75263,2025-05-05T02:24:00.000Z,North America,US,EN,Community,Setup,Laggy live view,Jonly Cam Outdoor,Android,Tier 1,Closed,1047,0,1,3,0.37
9004058,JNL004058,CU64119,2025-05-03T18:46:00.000Z,APAC,AU,EN,Phone,Functionality,Audio one-way only,Jonly Doorbell Pro,Web,Tier 2,Closed,1022,0,1,5,1.0
9004059,JNL004059,CU25796,2025-06-29T14:00:00.000Z,APAC,AU,FR,Chat,Inquiry,Charged twice,Jonly Cam Outdoor,iOS,Tier 1,Escalated,673,1,0,1,-1.0
9004060,JNL004060,CU46195,2025-07-03T14:09:00.000Z,APAC,SG,EN,Phone,Account,Doorbell not ringing,Jonly Cam Indoor,Android,Tier 1,Closed,1713,0,1,3,0.34
9004061,JNL004061,CU32531,2025-05-16T19:41:00.000Z,North America,CA,EN,Web Form,Functionality,Device will not pair,Jonly Floodlight Max,Other,Tier 1,Closed,841,0,1,5,1.0
9004062,JNL004062,CU65408,2025-05-15T14:46:00.000Z,North America,CA,EN,Community,Billing,Two-factor issues,Jonly Hub Mini,Android,Tier 2,Closed,388,0,1,2,-1.0
9004063,JNL004063,CU27916,2025-06-30T01:03:00.000Z,Europe,DE,EN,Chat,Functionality,Subscription not applied,Jonly Hub Plus,Android,Tier 1,Closed,1414,0,1,5,0.97
9004064,JNL004064,CU96668,2025-05-08T05:05:00.000Z,APAC,AU,EN,Phone,Functionality,False motion alerts,Jonly Doorbell Pro,Android,Tier 1,Closed,1199,0,0,2,-0.57
9004065,JNL004065,CU35149,2025-06-05T04:11:00.000Z,North America,CA,FR,Chat,Inquiry,Subscription not applied,Jonly Cam Outdoor,Android,Tier 2,Closed,812,0,1,3,-0.16
9004066,JNL004066,CU24898,2025-07-07T22:50:00.000Z,North America,CA,EN,Chat,Inquiry,Cannot login to app,Jonly Cam Outdoor,Android,Tier 2,Closed,648,1,1,2,-0.31
9004067,JNL004067,CU42806,2025-07-14T06:02:00.000Z,North America,CA,DE,Email,Shipping,Video not loading,Jonly Hub Mini,Web,Tier 1,Closed,976,0,0,4,0.15
9004068,JNL004068,CU52890,2025-05-21T03:28:00.000Z,North America,US,EN,Web Form,Connectivity,Doorbell not ringing,Jonly Hub Plus,iOS,Tier 1,Closed,512,1,1,4,0.45
9004069,JNL004069,CU29146,2025-05-26T00:04:00.000Z,Europe,DE,DE,Email,Functionality,Camera offline,Jonly Floodlight Max,Android,Tier 1,Closed,599,1,1,5,1.0
9004070,JNL004070,CU55869,2025-07-12T18:33:00.000Z,APAC,NZ,EN,Web Form,Connectivity,Two-factor issues,Jonly Cam Outdoor,Other,Tier 1,Closed,796,1,1,3,-0.34
9004071,JNL004071,CU85037,2025-05-16T14:29:00.000Z,Europe,FR,EN,Email,Inquiry,Two-factor issues,Jonly Hub Plus,Android,Tier 1,Closed,463,0,1,5,1.0
9004072,JNL004072,CU69885,2025-07-23T02:10:00.000Z,North America,CA,EN,Web Form,Inquiry,Poor night vision,Jonly Secure Subscription,Other,Tier 1,Closed,730,1,1,3,0.48
9004073,JNL004073,CU24811,2025-07-22T19:53:00.000Z,North America,US,EN,Phone,Inquiry,Cannot login to app,Jonly Hub Plus,iOS,Tier 1,Closed,1542,0,0,3,0.22
9004074,JNL004074,CU27607,2025-05-24T17:20:00.000Z,North America,US,EN,Phone,Connectivity,Camera offline,Jonly Hub Plus,Web,Tier 1,Closed,637,0,0,4,0.67
9004075,JNL004075,CU89224,2025-06-21T12:21:00.000Z,APAC,AU,EN,Phone,Inquiry,Two-factor issues,Jonly Hub Mini,Android,Tier 1,Closed,1222,1,1,3,0.02
9004076,JNL004076,CU76337,2025-05-12T00:17:00.000Z,APAC,SG,EN,Email,Setup,Doorbell not ringing,Jonly Cam Indoor,Android,Tier 1,Closed,1100,2,1,4,1.0
9004077,JNL004077,CU52731,2025-05-06T13:38:00.000Z,North America,CA,EN,Chat,Setup,Poor night vision,Jonly Secure Subscription,iOS,Tier 2,Closed,306,0,1,4,0.38
9004078,JNL004078,CU45816,2025-05-11T09:41:00.000Z,North America,US,EN,Chat,Connectivity,Wrong item received,Jonly Floodlight Max,Android,Tier 1,Closed,1180,0,1,2,-0.86
9004079,JNL004079,CU96498,2025-05-11T07:12:00.000Z,Europe,DE,EN,Phone,Functionality,Two-factor issues,Jonly Cam Indoor,Web,Tier 1,Closed,1461,0,1,4,0.88
9004080,JNL004080,CU42033,2025-05-28T23:18:00.000Z,Europe,NL,EN,Phone,Account,Device will not pair,Jonly Doorbell Pro,Web,Tier 1,In Progress,406,0,1,4,0.64
9004081,JNL004081,CU54988,2025-05-07T14:16:00.000Z,North America,CA,EN,Community,Setup,Charged twice,Jonly Hub Plus,Android,Tier 1,Closed,361,0,1,5,1.0
9004082,JNL004082,CU79965,2025-05-12T21:54:00.000Z,Europe,FR,EN,Chat,Connectivity,Video not loading,Jonly Doorbell Pro,Web,Tier 2,Closed,1289,0,1,2,-0.47
9004083,JNL004083,CU22966,2025-05-22T10:32:00.000Z,Europe,NL,EN,Chat,Functionality,Wrong item received,Jonly Floodlight Max,Web,Tier 1,In Progress,325,0,1,3,-0.12
9004084,JNL004084,CU86458,2025-07-25T06:28:00.000Z,Europe,FR,EN,Phone,Account,No motion alerts,Jonly Cam Outdoor,Web,Tier 1,Closed,904,0,1,3,-0.48
9004085,JNL004085,CU57539,2025-07-21T11:38:00.000Z,Europe,DE,DE,Chat,Functionality,Charged twice,Jonly Doorbell Pro,Android,Tier 1,Closed,1210,1,1,3,0.84
9004086,JNL004086,CU98930,2025-07-23T17:43:00.000Z,North America,CA,EN,Chat,Functionality,Doorbell not ringing,Jonly Secure Subscription,iOS,Tier 2,Closed,897,0,1,3,0.27
9004087,JNL004087,CU52714,2025-05-23T23:14:00.000Z,Europe,DE,EN,Phone,Inquiry,Device will not pair,Jonly Hub Mini,Web,Tier 1,Closed,1511,0,1,4,0.45
9004088,JNL004088,CU48567,2025-05-21T17:06:00.000Z,North America,CA,EN,Web Form,Inquiry,Wrong item received,Jonly Floodlight Max,Web,Tier 2,Closed,869,0,1,5,1.0
9004089,JNL004089,CU72530,2025-05-12T22:27:00.000Z,APAC,AU,EN,Phone,Inquiry,Wrong item received,Jonly Cam Indoor,Android,Tier 1,Closed,1569,0,1,5,0.96
9004090,JNL004090,CU72654,2025-05-21T12:38:00.000Z,Europe,GB,FR,Phone,Connectivity,Poor night vision,Jonly Cam Indoor,Android,Tier 1,Closed,1540,0,1,2,-0.73
9004091,JNL004091,CU42109,2025-06-09T23:34:00.000Z,North America,US,EN,Phone,Inquiry,Laggy live view,Jonly Cam Outdoor,Android,Escalation,Closed,881,0,1,3,0.13
9004092,JNL004092,CU24409,2025-05-30T04:05:00.000Z,Europe,FR,FR,Email,Setup,Subscription not applied,Jonly Secure Subscription,iOS,Escalation,Closed,560,0,1,5,0.88
9004093,JNL004093,CU87028,2025-07-04T17:44:00.000Z,North America,US,EN,Phone,Inquiry,Device will not pair,Jonly Secure Subscription,iOS,Tier 1,Closed,1401,0,1,4,-0.16
9004094,JNL004094,CU78301,2025-06-27T13:29:00.000Z,APAC,NZ,EN,Phone,Billing,Video not loading,Jonly Secure Subscription,iOS,Escalation,Closed,926,0,1,4,0.55
9004095,JNL004095,CU31192,2025-06-21T17:52:00.000Z,Europe,DE,EN,Chat,Connectivity,Charged twice,Jonly Hub Mini,Web,Tier 1,Escalated,1225,1,1,5,1.0
9004096,JNL004096,CU32402,2025-05-15T23:41:00.000Z,North America,US,EN,Web Form,Account,Charged twice,Jonly Hub Mini,iOS,Tier 2,Closed,737,1,1,4,-0.11
9004097,JNL004097,CU15526,2025-06-07T06:15:00.000Z,North America,US,EN,Web Form,Inquiry,Cannot login to app,Jonly Hub Plus,Android,Tier 1,Closed,1029,0,1,4,0.37
9004098,JNL004098,CU90688,2025-07-10T01:25:00.000Z,APAC,AU,NL,Chat,Inquiry,Wrong item received,Jonly Floodlight Max,iOS,Tier 1,Escalated,985,1,0,4,1.0
9004099,JNL004099,CU69630,2025-07-30T12:26:00.000Z,North America,CA,EN,Community,Setup,No motion alerts,Jonly Floodlight Max,Android,Tier 1,Closed,642,0,1,3,0.54
9004100,JNL004100,CU73154,2025-05-09T04:11:00.000Z,APAC,NZ,EN,Web Form,Connectivity,Cannot login to app,Jonly Cam Outdoor,Web,Tier 2,Closed,930,1,1,5,0.96
9004101,JNL004101,CU94790,2025-07-10T03:21:00.000Z,North America,CA,EN,Chat,Functionality,Camera offline,Jonly Hub Mini,iOS,Tier 1,Closed,1372,0,1,3,-0.54
9004102,JNL004102,CU21616,2025-06-23T08:48:00.000Z,North America,US,DE,Community,Account,Poor night vision,Jonly Floodlight Max,iOS,Tier 1,Closed,649,0,0,5,1.0
9004103,JNL004103,CU70052,2025-05-30T23:31:00.000Z,Europe,DE,EN,Chat,Functionality,Charged twice,Jonly Doorbell Pro,iOS,Tier 1,Closed,706,0,1,5,1.0
9004104,JNL004104,CU78727,2025-07-11T10:33:00.000Z,North America,US,EN,Email,Billing,Audio one-way only,Jonly Hub Mini,Android,Tier 1,Escalated,1119,1,1,5,0.98
9004105,JNL004105,CU84949,2025-07-03T07:34:00.000Z,North America,US,DE,Chat,Connectivity,Device will not pair,Jonly Doorbell Pro,Android,Tier 1,Closed,1765,0,1,4,0.29
9004106,JNL004106,CU64494,2025-05-28T02:28:00.000Z,North America,US,EN,Phone,Functionality,False motion alerts,Jonly Hub Mini,Web,Tier 1,Closed,914,0,1,1,-1.0
9004107,JNL004107,CU20356,2025-05-15T18:37:00.000Z,North America,CA,EN,Email,Billing,Doorbell not ringing,Jonly Secure Subscription,iOS,Tier 1,Closed,698,2,1,2,-0.67
9004108,JNL004108,CU24699,2025-05-07T11:11:00.000Z,APAC,SG,EN,Phone,Inquiry,Subscription not applied,Jonly Hub Plus,Android,Tier 1,Closed,1165,0,1,5,1.0
9004109,JNL004109,CU64771,2025-05-16T22:36:00.000Z,North America,US,EN,Phone,Inquiry,Audio one-way only,Jonly Cam Outdoor,Android,Tier 1,Closed,1662,0,1,3,0.27
9004110,JNL004110,CU95359,2025-05-31T03:01:00.000Z,Europe,NL,EN,Chat,Functionality,Poor night vision,Jonly Hub Plus,Android,Tier 1,Closed,1162,1,1,4,1.0
9004111,JNL004111,CU72673,2025-05-23T20:57:00.000Z,North America,CA,EN,Chat,Billing,Charged twice,Jonly Doorbell Pro,Android,Tier 1,Closed,865,0,1,3,0.47
9004112,JNL004112,CU74347,2025-06-17T10:51:00.000Z,Europe,FR,EN,Chat,Connectivity,Subscription not applied,Jonly Hub Plus,Android,Tier 1,Closed,367,1,1,5,1.0
9004113,JNL004113,CU95979,2025-05-17T00:19:00.000Z,Europe,DE,EN,Phone,Setup,Camera offline,Jonly Hub Mini,Android,Tier 2,Closed,819,1,1,5,1.0
9004114,JNL004114,CU77151,2025-05-04T06:24:00.000Z,North America,CA,FR,Email,Connectivity,Audio one-way only,Jonly Cam Indoor,iOS,Tier 1,Closed,1212,1,1,4,0.7
9004115,JNL004115,CU10405,2025-07-15T13:16:00.000Z,APAC,AU,EN,Phone,Inquiry,False motion alerts,Jonly Floodlight Max,iOS,Tier 1,Closed,962,1,1,2,-1.0
9004116,JNL004116,CU85179,2025-07-09T08:33:00.000Z,North America,US,EN,Phone,Connectivity,Device will not pair,Jonly Hub Mini,Android,Tier 1,Closed,956,0,0,5,1.0
9004117,JNL004117,CU98786,2025-05-27T00:07:00.000Z,Europe,FR,EN,Chat,Connectivity,Order not delivered,Jonly Secure Subscription,Other,Tier 1,In Progress,1001,0,1,5,0.75
9004118,JNL004118,CU90144,2025-05-07T21:07:00.000Z,APAC,AU,EN,Phone,Account,Subscription not applied,Jonly Secure Subscription,Other,Tier 2,Closed,1554,1,1,3,0.6
9004119,JNL004119,CU71317,2025-06-08T13:15:00.000Z,North America,CA,FR,Phone,Functionality,Audio one-way only,Jonly Cam Outdoor,iOS,Escalation,Closed,1740,0,1,4,0.76
9004120,JNL004120,CU90551,2025-06-11T08:07:00.000Z,North America,CA,DE,Chat,Connectivity,Audio one-way only,Jonly Secure Subscription,Other,Tier 1,Escalated,902,0,1,5,1.0
9004121,JNL004121,CU10608,2025-06-12T10:52:00.000Z,APAC,AU,DE,Phone,Inquiry,Device will not pair,Jonly Secure Subscription,Android,Tier 1,Closed,731,0,1,5,1.0
9004122,JNL004122,CU49755,2025-07-14T12:37:00.000Z,APAC,AU,DE,Chat,Functionality,Subscription not applied,Jonly Secure Subscription,Android,Tier 1,Escalated,306,0,1,5,0.99
9004123,JNL004123,CU19342,2025-05-30T17:29:00.000Z,North America,CA,EN,Email,Billing,Wrong item received,Jonly Secure Subscription,iOS,Tier 1,Closed,1095,0,1,4,0.67
9004124,JNL004124,CU18452,2025-06-02T03:07:00.000Z,North America,US,EN,Email,Billing,Wrong item received,Jonly Hub Plus,Android,Tier 1,Closed,879,0,1,3,0.65
9004125,JNL004125,CU67830,2025-07-17T17:19:00.000Z,North America,CA,EN,Phone,Functionality,Video not loading,Jonly Cam Outdoor,Web,Escalation,In Progress,1427,0,1,4,0.72
9004126,JNL004126,CU64725,2025-05-04T06:20:00.000Z,North America,CA,DE,Phone,Functionality,Order not delivered,Jonly Floodlight Max,iOS,Tier 1,Closed,1732,0,1,4,0.92
9004127,JNL004127,CU73262,2025-05-13T11:41:00.000Z,Europe,FR,EN,Chat,Connectivity,Subscription not applied,Jonly Cam Outdoor,iOS,Tier 2,Closed,579,1,1,4,0.34
9004128,JNL004128,CU49897,2025-05-23T20:12:00.000Z,North America,US,EN,Phone,Inquiry,Device will not pair,Jonly Cam Outdoor,Android,Tier 1,Closed,2081,0,1,3,-0.44
9004129,JNL004129,CU20928,2025-07-21T18:27:00.000Z,Europe,FR,EN,Email,Inquiry,Laggy live view,Jonly Floodlight Max,iOS,Tier 1,Closed,992,2,1,3,0.57
9004130,JNL004130,CU59641,2025-06-23T14:01:00.000Z,APAC,SG,DE,Phone,Functionality,Cannot login to app,Jonly Cam Outdoor,Android,Tier 1,Closed,1445,0,1,2,-0.04
9004131,JNL004131,CU12175,2025-06-11T01:42:00.000Z,APAC,NZ,DE,Phone,Connectivity,Camera offline,Jonly Secure Subscription,iOS,Tier 1,Closed,379,1,1,2,-0.45
9004132,JNL004132,CU99765,2025-07-05T12:52:00.000Z,APAC,NZ,DE,Phone,Connectivity,Wrong item received,Jonly Secure Subscription,Android,Tier 1,Closed,981,0,1,5,1.0
9004133,JNL004133,CU85504,2025-07-08T09:31:00.000Z,North America,US,EN,Phone,Inquiry,Device will not pair,Jonly Floodlight Max,Android,Tier 1,Closed,487,1,1,4,0.42
9004134,JNL004134,CU16191,2025-05-01T18:34:00.000Z,North America,CA,NL,Chat,Connectivity,Wrong item received,Jonly Doorbell Pro,Android,Tier 1,Closed,1305,0,1,5,1.0
9004135,JNL004135,CU44643,2025-07-14T07:07:00.000Z,North America,CA,EN,Phone,Connectivity,Poor night vision,Jonly Cam Indoor,Android,Tier 1,Closed,923,0,0,4,0.54
9004136,JNL004136,CU68126,2025-07-13T09:09:00.000Z,Europe,DE,EN,Community,Setup,Subscription not applied,Jonly Secure Subscription,Web,Tier 2,Closed,835,0,1,3,0.36
9004137,JNL004137,CU13302,2025-06-04T01:08:00.000Z,Europe,DE,DE,Chat,Connectivity,Device will not pair,Jonly Secure Subscription,Web,Tier 1,In Progress,756,0,1,3,0.05
9004138,JNL004138,CU90408,2025-05-22T19:43:00.000Z,North America,US,EN,Phone,Setup,Order not delivered,Jonly Hub Mini,Android,Tier 2,Closed,773,0,1,5,0.99
9004139,JNL004139,CU58353,2025-07-21T11:46:00.000Z,North America,CA,EN,Phone,Functionality,Video not loading,Jonly Doorbell Pro,Android,Tier 1,Closed,819,0,1,5,0.59
9004140,JNL004140,CU77660,2025-06-18T10:45:00.000Z,North America,US,EN,Chat,Connectivity,False motion alerts,Jonly Hub Mini,Android,Tier 1,Closed,1039,0,1,4,-0.02
9004141,JNL004141,CU31629,2025-07-16T11:02:00.000Z,North America,CA,EN,Chat,Inquiry,No motion alerts,Jonly Cam Indoor,iOS,Tier 1,Closed,1496,0,1,5,0.74
9004142,JNL004142,CU35847,2025-07-05T03:51:00.000Z,Europe,DE,EN,Community,Inquiry,Cannot login to app,Jonly Hub Mini,iOS,Tier 1,Closed,643,0,0,5,0.91
9004143,JNL004143,CU55565,2025-05-24T13:08:00.000Z,North America,CA,EN,Web Form,Setup,Charged twice,Jonly Cam Indoor,Web,Tier 1,Closed,711,3,0,3,0.16
9004144,JNL004144,CU99985,2025-06-26T05:57:00.000Z,North America,US,EN,Chat,Inquiry,Camera offline,Jonly Secure Subscription,Android,Tier 2,Escalated,267,1,1,5,1.0
9004145,JNL004145,CU41048,2025-06-06T13:12:00.000Z,APAC,NZ,EN,Phone,Functionality,Cannot login to app,Jonly Secure Subscription,Android,Tier 2,Closed,432,0,1,3,0.3
9004146,JNL004146,CU83078,2025-05-21T09:58:00.000Z,North America,CA,EN,Phone,Functionality,Laggy live view,Jonly Doorbell Pro,Web,Tier 1,Closed,1578,0,1,4,0.19
9004147,JNL004147,CU88747,2025-05-23T09:33:00.000Z,Europe,GB,NL,Phone,Functionality,Poor night vision,Jonly Cam Indoor,iOS,Tier 1,Closed,1630,0,1,2,-0.39
9004148,JNL004148,CU29140,2025-07-24T23:42:00.000Z,Europe,GB,EN,Phone,Shipping,Device will not pair,Jonly Cam Outdoor,Android,Tier 1,Escalated,180,0,1,5,0.78
9004149,JNL004149,CU21134,2025-05-25T15:54:00.000Z,APAC,AU,EN,Chat,Account,Camera offline,Jonly Cam Indoor,Android,Tier 1,Escalated,735,0,1,5,0.71
9004150,JNL004150,CU44607,2025-05-03T03:05:00.000Z,Europe,DE,EN,Email,Setup,Audio one-way only,Jonly Hub Plus,Web,Escalation,Escalated,482,1,1,2,-0.48
9004151,JNL004151,CU12543,2025-06-16T20:25:00.000Z,North America,US,EN,Chat,Functionality,False motion alerts,Jonly Cam Outdoor,Android,Tier 1,Closed,1404,1,1,4,0.86
9004152,JNL004152,CU52664,2025-06-28T03:58:00.000Z,Europe,GB,EN,Community,Connectivity,Video not loading,Jonly Hub Plus,Android,Tier 2,Closed,885,0,1,4,0.44
9004153,JNL004153,CU55619,2025-07-06T05:56:00.000Z,APAC,AU,EN,Phone,Functionality,Poor night vision,Jonly Hub Mini,iOS,Escalation,Closed,1455,0,1,4,0.41
9004154,JNL004154,CU43843,2025-05-05T13:38:00.000Z,North America,US,EN,Web Form,Account,Cannot login to app,Jonly Cam Outdoor,Web,Tier 1,Closed,740,0,0,4,0.47
9004155,JNL004155,CU88459,2025-05-31T18:42:00.000Z,Europe,GB,EN,Phone,Shipping,Charged twice,Jonly Cam Indoor,Web,Tier 2,Closed,708,0,1,4,0.45
9004156,JNL004156,CU45318,2025-06-27T11:33:00.000Z,North America,US,EN,Chat,Connectivity,Two-factor issues,Jonly Hub Plus,Android,Tier 2,Closed,1142,0,1,3,0.03
9004157,JNL004157,CU72060,2025-05-29T19:24:00.000Z,North America,US,EN,Community,Billing,Order not delivered,Jonly Cam Indoor,Android,Tier 1,Closed,1137,0,1,3,-0.0
9004158,JNL004158,CU73131,2025-06-07T20:00:00.000Z,Europe,NL,EN,Phone,Inquiry,Device will not pair,Jonly Hub Plus,Web,Tier 1,Escalated,1434,0,1,5,0.85
9004159,JNL004159,CU27675,2025-07-14T00:37:00.000Z,North America,CA,EN,Phone,Setup,Subscription not applied,Jonly Hub Plus,Web,Tier 1,Closed,1249,0,1,3,0.14
9004160,JNL004160,CU75368,2025-05-31T14:04:00.000Z,North America,CA,EN,Phone,Inquiry,Audio one-way only,Jonly Cam Outdoor,iOS,Tier 1,Closed,1460,0,1,5,1.0
9004161,JNL004161,CU10126,2025-05-27T07:05:00.000Z,North America,CA,EN,Chat,Inquiry,Doorbell not ringing,Jonly Hub Mini,Android,Tier 1,Closed,1338,1,1,5,0.71
9004162,JNL004162,CU86247,2025-05-29T16:12:00.000Z,Europe,NL,EN,Chat,Inquiry,Camera offline,Jonly Floodlight Max,Android,Tier 2,In Progress,814,1,1,4,0.52
9004163,JNL004163,CU56641,2025-07-20T18:12:00.000Z,APAC,SG,EN,Phone,Functionality,Video not loading,Jonly Floodlight Max,iOS,Tier 1,In Progress,469,0,1,3,0.25
9004164,JNL004164,CU22312,2025-05-20T13:54:00.000Z,Europe,NL,EN,Phone,Connectivity,Doorbell not ringing,Jonly Cam Outdoor,iOS,Tier 1,Escalated,956,0,1,3,0.2
9004165,JNL004165,CU47727,2025-05-31T13:16:00.000Z,Europe,FR,EN,Phone,Setup,Video not loading,Jonly Doorbell Pro,iOS,Tier 1,Closed,922,1,1,4,0.46
9004166,JNL004166,CU67247,2025-05-10T07:27:00.000Z,Europe,GB,EN,Email,Connectivity,Doorbell not ringing,Jonly Doorbell Pro,Android,Tier 1,Closed,216,1,1,3,0.14
9004167,JNL004167,CU83217,2025-05-14T00:51:00.000Z,Europe,DE,EN,Chat,Connectivity,Doorbell not ringing,Jonly Secure Subscription,iOS,Tier 1,Closed,868,1,1,2,-0.46
9004168,JNL004168,CU75672,2025-06-01T06:00:00.000Z,Europe,GB,FR,Phone,Connectivity,No motion alerts,Jonly Floodlight Max,Android,Tier 2,Closed,1135,0,1,4,0.57
9004169,JNL004169,CU89215,2025-06-22T19:05:00.000Z,Europe,FR,EN,Email,Functionality,Video not loading,Jonly Cam Indoor,iOS,Tier 2,Closed,912,0,1,4,0.55
9004170,JNL004170,CU22000,2025-05-11T05:28:00.000Z,Europe,DE,EN,Chat,Connectivity,No motion alerts,Jonly Hub Mini,iOS,Tier 2,Closed,950,1,1,4,0.12
9004171,JNL004171,CU38284,2025-07-07T18:22:00.000Z,APAC,SG,EN,Phone,Connectivity,Charged twice,Jonly Hub Plus,Android,Tier 1,Closed,1415,0,1,3,-0.65
9004172,JNL004172,CU96103,2025-07-05T00:26:00.000Z,APAC,NZ,DE,Web Form,Setup,Cannot login to app,Jonly Cam Indoor,Android,Tier 1,Closed,933,1,1,3,-0.08
9004173,JNL004173,CU15208,2025-06-21T02:54:00.000Z,North America,CA,EN,Community,Billing,False motion alerts,Jonly Hub Plus,Other,Tier 1,Closed,836,0,1,1,-1.0
9004174,JNL004174,CU84753,2025-05-19T13:01:00.000Z,APAC,SG,EN,Chat,Functionality,Poor night vision,Jonly Hub Plus,iOS,Tier 1,Closed,1130,0,1,3,-0.07
9004175,JNL004175,CU55024,2025-05-17T21:51:00.000Z,APAC,NZ,EN,Phone,Account,Audio one-way only,Jonly Hub Plus,Android,Tier 1,Closed,1256,0,1,1,-1.0
9004176,JNL004176,CU53146,2025-07-07T08:11:00.000Z,North America,US,EN,Community,Functionality,Wrong item received,Jonly Floodlight Max,iOS,Tier 2,Closed,548,1,1,4,0.56
9004177,JNL004177,CU21942,2025-06-13T21:28:00.000Z,Europe,NL,EN,Phone,Connectivity,Charged twice,Jonly Secure Subscription,Android,Tier 1,Closed,1103,2,1,3,-0.0
9004178,JNL004178,CU15587,2025-07-29T23:13:00.000Z,Europe,GB,EN,Phone,Billing,False motion alerts,Jonly Cam Outdoor,iOS,Tier 1,Closed,985,0,1,3,0.01
9004179,JNL004179,CU39457,2025-07-20T19:58:00.000Z,North America,CA,FR,Community,Functionality,Camera offline,Jonly Doorbell Pro,Android,Tier 2,Escalated,335,0,1,5,0.86
9004180,JNL004180,CU77859,2025-07-23T16:55:00.000Z,Europe,NL,EN,Phone,Billing,Two-factor issues,Jonly Floodlight Max,iOS,Escalation,Closed,1331,0,1,4,0.74
9004181,JNL004181,CU74624,2025-07-21T01:11:00.000Z,APAC,SG,EN,Web Form,Connectivity,Doorbell not ringing,Jonly Secure Subscription,Android,Tier 1,Escalated,979,0,1,5,0.72
9004182,JNL004182,CU54456,2025-07-08T17:07:00.000Z,North America,US,EN,Chat,Connectivity,Video not loading,Jonly Hub Plus,Web,Tier 1,Closed,1584,0,1,4,0.56
9004183,JNL004183,CU14355,2025-06-24T17:53:00.000Z,North America,US,DE,Email,Setup,Cannot login to app,Jonly Secure Subscription,Android,Tier 1,Closed,417,0,0,3,-0.91
9004184,JNL004184,CU84501,2025-05-19T18:07:00.000Z,North America,US,EN,Phone,Inquiry,Camera offline,Jonly Doorbell Pro,Android,Tier 1,Closed,1833,0,0,2,-0.28
9004185,JNL004185,CU88729,2025-07-05T08:57:00.000Z,North America,US,EN,Web Form,Connectivity,Laggy live view,Jonly Hub Mini,Android,Tier 1,Escalated,1066,0,1,4,0.53
9004186,JNL004186,CU34149,2025-05-02T23:49:00.000Z,North America,US,EN,Email,Functionality,False motion alerts,Jonly Cam Indoor,Android,Tier 1,Closed,1531,1,1,5,1.0
9004187,JNL004187,CU49848,2025-07-10T03:42:00.000Z,North America,US,EN,Chat,Shipping,Order not delivered,Jonly Hub Mini,Android,Tier 2,Closed,1267,1,1,4,0.57
9004188,JNL004188,CU88266,2025-05-05T16:19:00.000Z,North America,CA,EN,Chat,Functionality,Device will not pair,Jonly Secure Subscription,Web,Tier 1,Closed,814,1,1,4,0.22
9004189,JNL004189,CU59387,2025-07-14T05:18:00.000Z,North America,CA,EN,Email,Billing,Doorbell not ringing,Jonly Doorbell Pro,iOS,Tier 1,Closed,1335,0,1,1,-0.76
9004190,JNL004190,CU36173,2025-07-25T05:31:00.000Z,APAC,SG,EN,Community,Inquiry,Wrong item received,Jonly Cam Outdoor,iOS,Tier 2,Closed,428,0,1,3,-0.27
9004191,JNL004191,CU52763,2025-05-04T04:27:00.000Z,APAC,NZ,EN,Chat,Connectivity,Doorbell not ringing,Jonly Secure Subscription,iOS,Tier 1,Closed,1022,0,1,1,-1.0
9004192,JNL004192,CU76984,2025-05-16T01:25:00.000Z,Europe,FR,EN,Phone,Billing,Wrong item received,Jonly Floodlight Max,iOS,Tier 2,Closed,811,3,1,4,1.0
9004193,JNL004193,CU14283,2025-05-11T17:48:00.000Z,North America,CA,NL,Phone,Billing,False motion alerts,Jonly Cam Indoor,Android,Tier 1,Escalated,2020,2,1,3,-0.05
9004194,JNL004194,CU68907,2025-06-19T23:10:00.000Z,APAC,AU,FR,Chat,Inquiry,No motion alerts,Jonly Floodlight Max,Android,Tier 1,Closed,756,1,0,1,-1.0
9004195,JNL004195,CU95037,2025-07-07T05:03:00.000Z,North America,CA,EN,Phone,Setup,Cannot login to app,Jonly Hub Mini,Android,Tier 1,Closed,761,0,1,4,1.0
9004196,JNL004196,CU57298,2025-06-18T02:22:00.000Z,North America,CA,FR,Phone,Connectivity,Charged twice,Jonly Doorbell Pro,Android,Tier 1,Closed,1874,0,1,4,0.72
9004197,JNL004197,CU72410,2025-07-31T23:59:00.000Z,Europe,NL,EN,Web Form,Shipping,Doorbell not ringing,Jonly Hub Plus,Android,Tier 1,Closed,676,0,1,3,-0.05
9004198,JNL004198,CU13847,2025-06-05T02:27:00.000Z,Europe,DE,EN,Chat,Inquiry,Subscription not applied,Jonly Hub Plus,iOS,Tier 1,Closed,714,0,1,4,0.04
9004199,JNL004199,CU46675,2025-05-14T02:25:00.000Z,Europe,GB,EN,Email,Functionality,False motion alerts,Jonly Doorbell Pro,Android,Tier 1,Closed,776,0,1,3,-0.22
9004200,JNL004200,CU42187,2025-05-23T19:56:00.000Z,North America,US,EN,Chat,Functionality,Device will not pair,Jonly Floodlight Max,Android,Escalation,Closed,1325,0,0,2,-0.54
9004201,JNL004201,CU24268,2025-07-08T09:05:00.000Z,North America,CA,EN,Web Form,Inquiry,Two-factor issues,Jonly Hub Mini,Web,Tier 1,Closed,1155,0,1,4,0.54
9004202,JNL004202,CU21286,2025-07-27T23:22:00.000Z,APAC,NZ,DE,Phone,Inquiry,Wrong item received,Jonly Hub Plus,iOS,Tier 2,Closed,1042,0,1,2,-0.5
9004203,JNL004203,CU21624,2025-06-15T20:11:00.000Z,Europe,FR,EN,Phone,Functionality,Order not delivered,Jonly Secure Subscription,Other,Tier 2,Escalated,862,0,0,4,0.07
9004204,JNL004204,CU58805,2025-06-19T19:01:00.000Z,North America,CA,DE,Phone,Billing,Audio one-way only,Jonly Cam Indoor,iOS,Tier 1,In Progress,2086,0,1,2,-0.99
9004205,JNL004205,CU63398,2025-06-10T03:24:00.000Z,Europe,NL,FR,Chat,Billing,False motion alerts,Jonly Cam Indoor,Android,Tier 1,Closed,1475,0,1,3,-0.33
9004206,JNL004206,CU72404,2025-06-14T03:57:00.000Z,North America,CA,FR,Web Form,Shipping,False motion alerts,Jonly Cam Indoor,Android,Tier 1,Closed,645,0,1,4,0.44
9004207,JNL004207,CU20596,2025-05-17T18:00:00.000Z,North America,US,EN,Chat,Setup,Charged twice,Jonly Hub Plus,iOS,Tier 2,Closed,386,1,1,3,-0.55
9004208,JNL004208,CU92784,2025-05-31T06:53:00.000Z,North America,CA,EN,Phone,Functionality,Poor night vision,Jonly Hub Plus,Web,Tier 1,Closed,930,0,1,4,0.02
9004209,JNL004209,CU94205,2025-06-23T03:52:00.000Z,APAC,NZ,NL,Chat,Inquiry,Order not delivered,Jonly Cam Indoor,iOS,Tier 1,Closed,624,0,1,5,0.93
9004210,JNL004210,CU98697,2025-07-24T10:27:00.000Z,North America,US,EN,Email,Shipping,Subscription not applied,Jonly Hub Mini,Android,Tier 1,Closed,883,0,1,2,-0.13
9004211,JNL004211,CU22012,2025-07-21T15:00:00.000Z,Europe,DE,EN,Phone,Inquiry,Doorbell not ringing,Jonly Hub Plus,iOS,Tier 1,Closed,1225,0,0,5,0.57
9004212,JNL004212,CU13263,2025-07-07T23:31:00.000Z,North America,US,EN,Phone,Billing,No motion alerts,Jonly Hub Mini,iOS,Tier 1,Closed,180,0,0,2,-0.25
9004213,JNL004213,CU40492,2025-07-01T07:01:00.000Z,APAC,NZ,EN,Community,Inquiry,Poor night vision,Jonly Doorbell Pro,Android,Tier 1,Closed,779,1,1,2,-0.01
9004214,JNL004214,CU98247,2025-07-22T22:18:00.000Z,Europe,DE,EN,Web Form,Shipping,Charged twice,Jonly Hub Plus,Android,Tier 1,Escalated,1210,0,1,5,0.87
9004215,JNL004215,CU18771,2025-07-08T07:12:00.000Z,Europe,GB,EN,Chat,Shipping,Subscription not applied,Jonly Floodlight Max,Android,Tier 2,Closed,521,0,1,4,0.29
9004216,JNL004216,CU19296,2025-05-16T07:46:00.000Z,Europe,DE,EN,Phone,Setup,Audio one-way only,Jonly Cam Indoor,Web,Tier 2,Escalated,380,2,1,3,-0.24
9004217,JNL004217,CU77581,2025-06-11T12:58:00.000Z,Europe,GB,EN,Phone,Account,Audio one-way only,Jonly Hub Plus,Android,Tier 2,Closed,313,1,1,4,0.07
9004218,JNL004218,CU67245,2025-05-04T08:16:00.000Z,Europe,FR,DE,Phone,Connectivity,Order not delivered,Jonly Floodlight Max,iOS,Tier 1,Closed,922,0,0,2,-0.64
9004219,JNL004219,CU91513,2025-05-06T00:22:00.000Z,North America,US,EN,Phone,Billing,False motion alerts,Jonly Hub Mini,Android,Tier 2,Closed,1455,0,1,3,-0.01
9004220,JNL004220,CU60177,2025-07-31T22:12:00.000Z,North America,CA,EN,Phone,Functionality,Charged twice,Jonly Hub Mini,iOS,Tier 2,Escalated,1049,0,1,4,0.38
9004221,JNL004221,CU24192,2025-05-06T02:59:00.000Z,Europe,DE,EN,Chat,Connectivity,False motion alerts,Jonly Doorbell Pro,Android,Tier 1,Closed,283,2,1,3,-0.07
9004222,JNL004222,CU11552,2025-05-16T06:00:00.000Z,North America,US,EN,Phone,Connectivity,Camera offline,Jonly Cam Indoor,iOS,Tier 1,Closed,1216,2,1,4,1.0
9004223,JNL004223,CU90119,2025-07-18T01:59:00.000Z,APAC,SG,EN,Email,Account,Order not delivered,Jonly Hub Mini,iOS,Tier 1,Escalated,431,0,1,1,-0.77
9004224,JNL004224,CU67356,2025-05-09T00:34:00.000Z,North America,US,EN,Phone,Account,Cannot login to app,Jonly Secure Subscription,Android,Tier 1,Closed,844,0,1,3,-0.12
9004225,JNL004225,CU81690,2025-05-31T10:31:00.000Z,Europe,GB,DE,Phone,Billing,Poor night vision,Jonly Hub Plus,iOS,Tier 2,Closed,476,1,0,3,-0.56
9004226,JNL004226,CU38976,2025-05-04T06:39:00.000Z,North America,US,DE,Phone,Connectivity,Device will not pair,Jonly Secure Subscription,iOS,Tier 1,Closed,724,2,1,4,0.51
9004227,JNL004227,CU86535,2025-06-20T01:54:00.000Z,APAC,AU,EN,Chat,Setup,No motion alerts,Jonly Hub Mini,Android,Escalation,Closed,1745,1,1,3,0.2
9004228,JNL004228,CU91219,2025-07-29T08:41:00.000Z,North America,CA,EN,Chat,Inquiry,Video not loading,Jonly Cam Outdoor,Android,Tier 1,Closed,1266,2,1,4,0.92
9004229,JNL004229,CU59500,2025-07-31T21:21:00.000Z,North America,US,EN,Chat,Connectivity,Charged twice,Jonly Floodlight Max,iOS,Tier 1,Escalated,180,2,1,2,-0.42
9004230,JNL004230,CU48507,2025-05-21T03:24:00.000Z,North America,CA,NL,Chat,Inquiry,Device will not pair,Jonly Hub Mini,Web,Tier 1,Closed,1214,2,1,4,1.0
9004231,JNL004231,CU15999,2025-06-17T09:18:00.000Z,Europe,FR,EN,Chat,Connectivity,Charged twice,Jonly Cam Outdoor,iOS,Tier 2,Closed,815,0,1,4,0.62
9004232,JNL004232,CU74922,2025-05-31T10:10:00.000Z,North America,CA,EN,Email,Connectivity,Audio one-way only,Jonly Doorbell Pro,Android,Tier 1,Closed,845,1,1,2,-0.51
9004233,JNL004233,CU20644,2025-05-16T09:11:00.000Z,North America,CA,EN,Phone,Functionality,False motion alerts,Jonly Hub Mini,Android,Tier 1,Closed,1511,0,1,5,1.0
9004234,JNL004234,CU61725,2025-07-02T05:03:00.000Z,North America,CA,FR,Phone,Setup,Video not loading,Jonly Floodlight Max,iOS,Tier 2,Closed,887,2,1,3,0.27
9004235,JNL004235,CU50032,2025-07-14T02:15:00.000Z,North America,US,DE,Chat,Inquiry,Doorbell not ringing,Jonly Hub Mini,Web,Tier 1,Closed,180,0,1,4,0.58
9004236,JNL004236,CU98346,2025-05-24T20:18:00.000Z,North America,CA,EN,Phone,Functionality,False motion alerts,Jonly Secure Subscription,Web,Tier 1,Closed,1301,0,0,5,0.58
9004237,JNL004237,CU87636,2025-07-23T21:51:00.000Z,North America,US,EN,Web Form,Functionality,Video not loading,Jonly Hub Mini,Android,Tier 1,Closed,911,0,0,3,0.13
9004238,JNL004238,CU15368,2025-05-25T01:46:00.000Z,North America,US,DE,Phone,Shipping,Wrong item received,Jonly Cam Outdoor,Android,Tier 1,Closed,739,0,0,5,0.99
9004239,JNL004239,CU27730,2025-07-31T00:09:00.000Z,North America,US,EN,Phone,Functionality,Device will not pair,Jonly Cam Indoor,Web,Tier 2,Closed,1169,0,0,5,0.87
9004240,JNL004240,CU12611,2025-07-27T10:10:00.000Z,APAC,SG,EN,Chat,Inquiry,Cannot login to app,Jonly Doorbell Pro,iOS,Tier 1,Closed,1168,0,1,2,-0.31
9004241,JNL004241,CU62383,2025-05-23T16:07:00.000Z,APAC,SG,DE,Phone,Inquiry,No motion alerts,Jonly Doorbell Pro,iOS,Tier 1,Closed,1827,1,1,4,0.75
9004242,JNL004242,CU44823,2025-05-16T13:31:00.000Z,Europe,GB,NL,Chat,Functionality,Wrong item received,Jonly Secure Subscription,Android,Tier 1,Closed,990,1,1,3,0.1
9004243,JNL004243,CU25624,2025-05-04T09:57:00.000Z,North America,CA,EN,Phone,Connectivity,Video not loading,Jonly Cam Indoor,Web,Tier 1,Closed,1200,0,1,4,0.35
9004244,JNL004244,CU36611,2025-07-08T15:34:00.000Z,North America,CA,EN,Web Form,Functionality,Two-factor issues,Jonly Cam Outdoor,iOS,Tier 2,Closed,549,0,1,4,0.27
9004245,JNL004245,CU16757,2025-07-22T07:35:00.000Z,North America,US,EN,Chat,Account,Video not loading,Jonly Floodlight Max,Android,Tier 1,Closed,1216,0,1,5,1.0
9004246,JNL004246,CU61257,2025-06-02T14:31:00.000Z,Europe,FR,EN,Phone,Setup,Subscription not applied,Jonly Cam Outdoor,iOS,Tier 1,Escalated,1294,1,1,4,0.93
9004247,JNL004247,CU65159,2025-06-05T15:29:00.000Z,Europe,NL,EN,Web Form,Functionality,Camera offline,Jonly Cam Indoor,Android,Tier 1,Closed,917,0,1,3,-0.29
9004248,JNL004248,CU38188,2025-05-26T22:40:00.000Z,Europe,FR,EN,Phone,Billing,Camera offline,Jonly Doorbell Pro,iOS,Tier 2,In Progress,1563,1,1,5,0.88
9004249,JNL004249,CU25591,2025-05-27T02:50:00.000Z,North America,US,EN,Phone,Inquiry,False motion alerts,Jonly Cam Indoor,iOS,Tier 2,Closed,1696,0,1,1,-0.92
9004250,JNL004250,CU83655,2025-05-17T19:25:00.000Z,North America,CA,FR,Community,Shipping,Charged twice,Jonly Secure Subscription,Android,Tier 1,Closed,775,0,1,4,0.17
9004251,JNL004251,CU98105,2025-05-31T08:09:00.000Z,North America,US,NL,Phone,Billing,Audio one-way only,Jonly Secure Subscription,Android,Tier 1,Closed,1165,3,0,4,1.0
9004252,JNL004252,CU72760,2025-06-11T02:20:00.000Z,Europe,GB,EN,Phone,Functionality,Camera offline,Jonly Cam Indoor,iOS,Tier 1,In Progress,1639,0,1,4,0.61
9004253,JNL004253,CU23306,2025-06-01T06:40:00.000Z,Europe,DE,EN,Phone,Setup,No motion alerts,Jonly Floodlight Max,Web,Tier 2,Closed,780,0,1,4,-0.3
9004254,JNL004254,CU90404,2025-07-22T17:15:00.000Z,APAC,NZ,DE,Web Form,Connectivity,Poor night vision,Jonly Secure Subscription,Android,Tier 1,Escalated,542,1,1,4,0.7
9004255,JNL004255,CU93142,2025-06-01T17:58:00.000Z,APAC,AU,EN,Community,Functionality,Cannot login to app,Jonly Secure Subscription,Web,Tier 1,Closed,544,0,1,5,1.0
9004256,JNL004256,CU95401,2025-05-17T03:42:00.000Z,Europe,FR,EN,Chat,Setup,Camera offline,Jonly Secure Subscription,Android,Tier 2,Closed,892,0,1,3,0.07
9004257,JNL004257,CU48601,2025-05-03T03:09:00.000Z,North America,US,EN,Chat,Functionality,Audio one-way only,Jonly Secure Subscription,iOS,Tier 1,Closed,526,0,0,4,-0.06
9004258,JNL004258,CU99584,2025-06-02T22:51:00.000Z,Europe,NL,FR,Web Form,Setup,Two-factor issues,Jonly Cam Indoor,iOS,Tier 1,Closed,974,0,0,5,0.88
9004259,JNL004259,CU16274,2025-07-25T22:12:00.000Z,APAC,NZ,EN,Phone,Billing,Wrong item received,Jonly Hub Mini,Other,Escalation,Closed,1184,0,1,1,-0.45
9004260,JNL004260,CU17581,2025-05-03T03:07:00.000Z,APAC,NZ,EN,Phone,Inquiry,Cannot login to app,Jonly Hub Plus,iOS,Tier 1,Closed,1279,0,1,3,-0.45
9004261,JNL004261,CU51939,2025-06-02T15:11:00.000Z,North America,CA,EN,Phone,Inquiry,Camera offline,Jonly Doorbell Pro,Android,Tier 2,Escalated,1562,2,1,3,0.33
9004262,JNL004262,CU11399,2025-06-26T05:14:00.000Z,Europe,DE,EN,Phone,Connectivity,Audio one-way only,Jonly Cam Outdoor,iOS,Tier 1,Escalated,815,1,1,1,-0.16
9004263,JNL004263,CU64803,2025-06-24T08:47:00.000Z,North America,US,EN,Community,Inquiry,False motion alerts,Jonly Cam Indoor,Android,Escalation,Closed,712,1,1,5,1.0
9004264,JNL004264,CU40296,2025-07-26T09:02:00.000Z,North America,US,NL,Email,Connectivity,Camera offline,Jonly Cam Outdoor,Android,Tier 2,Closed,598,3,1,5,0.95
9004265,JNL004265,CU68579,2025-05-15T15:40:00.000Z,Europe,DE,EN,Web Form,Setup,Camera offline,Jonly Cam Indoor,iOS,Tier 1,Closed,837,0,1,2,-0.34
9004266,JNL004266,CU81858,2025-07-14T13:24:00.000Z,Europe,GB,EN,Chat,Inquiry,Two-factor issues,Jonly Hub Mini,Android,Tier 1,Closed,1405,0,1,3,-0.48
9004267,JNL004267,CU24356,2025-05-25T11:01:00.000Z,Europe,NL,EN,Phone,Billing,Wrong item received,Jonly Cam Outdoor,Android,Tier 1,Closed,1818,0,1,4,0.13
9004268,JNL004268,CU55079,2025-07-04T01:36:00.000Z,North America,US,DE,Phone,Connectivity,Wrong item received,Jonly Floodlight Max,Android,Tier 1,Closed,1479,1,1,3,-0.51
9004269,JNL004269,CU71547,2025-06-24T11:48:00.000Z,North America,US,EN,Community,Functionality,Wrong item received,Jonly Secure Subscription,Android,Escalation,Closed,512,2,1,2,-0.21
9004270,JNL004270,CU52712,2025-07-04T19:24:00.000Z,Europe,FR,NL,Phone,Setup,Camera offline,Jonly Hub Plus,Android,Escalation,Closed,1046,1,1,2,-0.41
9004271,JNL004271,CU52564,2025-06-30T00:00:00.000Z,North America,US,EN,Chat,Inquiry,False motion alerts,Jonly Secure Subscription,Android,Tier 2,Closed,986,1,1,5,0.99
9004272,JNL004272,CU50227,2025-07-03T18:33:00.000Z,Europe,GB,EN,Phone,Inquiry,Video not loading,Jonly Floodlight Max,iOS,Tier 1,Closed,1225,0,1,2,-0.97
9004273,JNL004273,CU73333,2025-05-18T23:08:00.000Z,North America,US,DE,Chat,Billing,Wrong item received,Jonly Secure Subscription,iOS,Tier 2,Closed,1163,1,1,5,1.0
9004274,JNL004274,CU49225,2025-06-16T21:49:00.000Z,North America,US,EN,Phone,Billing,Laggy live view,Jonly Hub Mini,Android,Tier 1,In Progress,382,1,1,1,-1.0
9004275,JNL004275,CU36674,2025-06-02T19:14:00.000Z,North America,CA,DE,Email,Inquiry,Cannot login to app,Jonly Secure Subscription,Android,Tier 1,Closed,837,0,1,4,0.55
9004276,JNL004276,CU59549,2025-05-03T02:48:00.000Z,North America,CA,NL,Community,Setup,Device will not pair,Jonly Cam Outdoor,iOS,Tier 1,Escalated,638,2,1,3,-0.59
9004277,JNL004277,CU70329,2025-05-07T01:47:00.000Z,Europe,FR,EN,Phone,Account,Order not delivered,Jonly Floodlight Max,Web,Tier 1,Closed,1177,0,1,5,1.0
9004278,JNL004278,CU82573,2025-05-03T00:50:00.000Z,North America,CA,FR,Phone,Inquiry,Laggy live view,Jonly Hub Mini,iOS,Escalation,Closed,367,0,1,4,0.06
9004279,JNL004279,CU70332,2025-07-27T08:12:00.000Z,North America,US,EN,Web Form,Setup,Charged twice,Jonly Hub Mini,iOS,Tier 1,Closed,794,0,1,3,-0.53
9004280,JNL004280,CU55712,2025-07-22T08:52:00.000Z,North America,US,EN,Phone,Shipping,Camera offline,Jonly Floodlight Max,iOS,Tier 1,Closed,430,1,1,3,0.18
9004281,JNL004281,CU15064,2025-05-14T21:55:00.000Z,APAC,NZ,EN,Web Form,Connectivity,Wrong item received,Jonly Cam Indoor,Android,Tier 1,Closed,506,0,1,3,-0.31
9004282,JNL004282,CU16231,2025-07-09T16:26:00.000Z,North America,US,EN,Phone,Inquiry,Camera offline,Jonly Doorbell Pro,iOS,Tier 1,Closed,1005,1,0,4,-0.08
9004283,JNL004283,CU65103,2025-07-08T00:13:00.000Z,APAC,AU,EN,Chat,Connectivity,Subscription not applied,Jonly Cam Outdoor,iOS,Tier 1,Closed,1187,0,1,4,0.18
9004284,JNL004284,CU64551,2025-07-16T02:14:00.000Z,Europe,DE,EN,Web Form,Connectivity,Cannot login to app,Jonly Hub Mini,Android,Escalation,Closed,1039,0,0,5,1.0
9004285,JNL004285,CU34861,2025-07-31T07:25:00.000Z,North America,CA,EN,Phone,Connectivity,Video not loading,Jonly Secure Subscription,iOS,Tier 1,In Progress,1166,0,1,5,0.89
9004286,JNL004286,CU97002,2025-07-05T04:25:00.000Z,Europe,FR,NL,Community,Inquiry,Two-factor issues,Jonly Floodlight Max,Android,Tier 1,Closed,550,2,1,5,0.71
9004287,JNL004287,CU82233,2025-06-30T02:21:00.000Z,North America,US,EN,Phone,Account,Doorbell not ringing,Jonly Cam Outdoor,iOS,Tier 1,Closed,671,2,1,2,0.52
9004288,JNL004288,CU81735,2025-05-11T02:15:00.000Z,Europe,DE,EN,Community,Billing,Device will not pair,Jonly Cam Indoor,Web,Escalation,Escalated,1168,1,1,5,0.53
9004289,JNL004289,CU85171,2025-07-22T03:33:00.000Z,North America,US,EN,Phone,Shipping,Order not delivered,Jonly Secure Subscription,Android,Tier 1,Closed,1787,0,1,4,0.12
9004290,JNL004290,CU24249,2025-05-27T02:07:00.000Z,Europe,GB,FR,Chat,Billing,Camera offline,Jonly Cam Outdoor,Web,Tier 1,Closed,529,1,1,3,-0.27
9004291,JNL004291,CU37050,2025-05-17T01:38:00.000Z,APAC,SG,DE,Email,Shipping,Camera offline,Jonly Hub Plus,iOS,Tier 2,In Progress,725,0,1,4,0.62
9004292,JNL004292,CU98983,2025-06-15T13:54:00.000Z,North America,US,EN,Phone,Functionality,Device will not pair,Jonly Hub Plus,iOS,Tier 2,Closed,435,1,0,4,0.43
9004293,JNL004293,CU78108,2025-07-27T05:22:00.000Z,Europe,DE,EN,Email,Account,Doorbell not ringing,Jonly Doorbell Pro,Android,Escalation,Closed,705,1,1,3,0.4
9004294,JNL004294,CU92439,2025-07-01T11:17:00.000Z,Europe,GB,EN,Phone,Functionality,Subscription not applied,Jonly Cam Indoor,iOS,Tier 1,Closed,1679,0,1,1,-1.0
9004295,JNL004295,CU92409,2025-06-02T07:28:00.000Z,Europe,NL,DE,Chat,Connectivity,Audio one-way only,Jonly Doorbell Pro,Other,Tier 1,Closed,180,1,1,4,0.72
9004296,JNL004296,CU24077,2025-06-29T19:15:00.000Z,North America,CA,EN,Web Form,Functionality,Charged twice,Jonly Doorbell Pro,Android,Tier 1,Closed,959,0,0,5,1.0
9004297,JNL004297,CU45943,2025-07-14T11:48:00.000Z,North America,CA,EN,Community,Billing,Audio one-way only,Jonly Doorbell Pro,Android,Tier 1,Closed,961,1,1,4,0.63
9004298,JNL004298,CU17242,2025-06-07T05:15:00.000Z,Europe,NL,DE,Phone,Connectivity,Camera offline,Jonly Secure Subscription,iOS,Tier 1,Closed,799,0,1,3,-0.28
9004299,JNL004299,CU57534,2025-07-29T00:45:00.000Z,North America,CA,FR,Phone,Connectivity,Charged twice,Jonly Cam Outdoor,iOS,Tier 1,Closed,974,0,1,1,-1.0
9004300,JNL004300,CU57567,2025-05-19T13:27:00.000Z,APAC,NZ,EN,Phone,Inquiry,Cannot login to app,Jonly Floodlight Max,Android,Tier 1,Closed,1787,1,1,3,-0.52
9004301,JNL004301,CU21167,2025-07-03T12:27:00.000Z,North America,CA,EN,Phone,Connectivity,Doorbell not ringing,Jonly Doorbell Pro,iOS,Tier 1,Closed,1217,0,1,4,-0.15
9004302,JNL004302,CU87009,2025-07-09T21:14:00.000Z,North America,CA,FR,Phone,Billing,Two-factor issues,Jonly Hub Mini,iOS,Tier 1,Closed,1060,0,1,4,0.51
9004303,JNL004303,CU69217,2025-05-21T16:10:00.000Z,APAC,NZ,FR,Community,Inquiry,Camera offline,Jonly Cam Outdoor,Android,Tier 1,In Progress,707,0,1,3,0.0
9004304,JNL004304,CU87726,2025-07-15T20:17:00.000Z,North America,CA,EN,Phone,Connectivity,Subscription not applied,Jonly Cam Indoor,iOS,Tier 2,In Progress,906,0,1,5,1.0
9004305,JNL004305,CU22056,2025-06-02T07:18:00.000Z,Europe,NL,EN,Phone,Functionality,Doorbell not ringing,Jonly Floodlight Max,iOS,Tier 2,Closed,1095,0,1,3,0.3
9004306,JNL004306,CU76827,2025-05-29T05:16:00.000Z,APAC,NZ,EN,Phone,Account,No motion alerts,Jonly Doorbell Pro,Other,Tier 1,Closed,393,0,0,4,0.28
9004307,JNL004307,CU48470,2025-07-28T20:21:00.000Z,North America,CA,EN,Phone,Billing,Cannot login to app,Jonly Doorbell Pro,iOS,Tier 1,Closed,1516,0,1,4,0.58
9004308,JNL004308,CU72460,2025-06-07T10:33:00.000Z,North America,CA,EN,Web Form,Setup,Video not loading,Jonly Doorbell Pro,Web,Tier 1,Closed,927,0,1,4,0.8
9004309,JNL004309,CU17268,2025-07-30T11:26:00.000Z,North America,CA,FR,Phone,Shipping,Poor night vision,Jonly Floodlight Max,iOS,Tier 2,Closed,1382,1,1,5,1.0
9004310,JNL004310,CU19947,2025-05-22T08:11:00.000Z,Europe,GB,EN,Email,Account,Charged twice,Jonly Doorbell Pro,Web,Tier 1,In Progress,287,0,1,4,-0.01
9004311,JNL004311,CU79509,2025-07-28T12:00:00.000Z,North America,CA,FR,Phone,Shipping,Laggy live view,Jonly Cam Outdoor,Android,Tier 1,Closed,1409,0,1,5,1.0
9004312,JNL004312,CU67065,2025-05-31T12:21:00.000Z,Europe,NL,EN,Phone,Shipping,Subscription not applied,Jonly Hub Plus,Android,Tier 2,Closed,1453,0,0,5,1.0
9004313,JNL004313,CU58262,2025-05-13T13:38:00.000Z,North America,US,EN,Email,Inquiry,False motion alerts,Jonly Hub Plus,iOS,Tier 1,Closed,921,2,1,2,0.22
9004314,JNL004314,CU29132,2025-06-01T12:05:00.000Z,North America,US,EN,Phone,Functionality,Cannot login to app,Jonly Floodlight Max,Android,Tier 2,Closed,1468,0,1,3,-0.52
9004315,JNL004315,CU70871,2025-06-23T23:24:00.000Z,North America,US,DE,Phone,Shipping,Camera offline,Jonly Hub Mini,Android,Tier 1,Closed,1634,0,1,5,1.0
9004316,JNL004316,CU44856,2025-05-04T03:12:00.000Z,Europe,DE,EN,Email,Connectivity,Wrong item received,Jonly Hub Mini,iOS,Tier 2,Closed,803,0,1,2,-0.73
9004317,JNL004317,CU69358,2025-07-10T20:26:00.000Z,Europe,NL,DE,Chat,Setup,Cannot login to app,Jonly Cam Indoor,iOS,Tier 2,Closed,830,1,1,3,0.26
9004318,JNL004318,CU52500,2025-05-11T06:30:00.000Z,North America,CA,DE,Chat,Shipping,Cannot login to app,Jonly Doorbell Pro,iOS,Tier 1,Escalated,255,1,1,3,-0.44
9004319,JNL004319,CU76300,2025-07-04T01:27:00.000Z,North America,CA,EN,Chat,Inquiry,Device will not pair,Jonly Hub Mini,Android,Tier 2,Closed,429,0,1,5,0.94
9004320,JNL004320,CU83447,2025-06-20T20:30:00.000Z,North America,US,EN,Chat,Inquiry,Wrong item received,Jonly Cam Indoor,Android,Tier 1,Closed,1197,1,1,5,1.0
9004321,JNL004321,CU44441,2025-07-21T05:04:00.000Z,APAC,SG,EN,Phone,Functionality,Camera offline,Jonly Doorbell Pro,Web,Escalation,Closed,759,1,1,3,0.36
9004322,JNL004322,CU26982,2025-06-22T19:56:00.000Z,Europe,NL,EN,Chat,Inquiry,Two-factor issues,Jonly Doorbell Pro,Other,Tier 2,Closed,1050,2,1,2,-0.56
9004323,JNL004323,CU73383,2025-07-02T02:22:00.000Z,APAC,SG,EN,Email,Connectivity,No motion alerts,Jonly Doorbell Pro,iOS,Tier 2,Closed,180,0,1,5,1.0
9004324,JNL004324,CU47450,2025-07-30T01:14:00.000Z,APAC,NZ,EN,Phone,Account,Device will not pair,Jonly Secure Subscription,iOS,Tier 1,Escalated,1752,0,1,1,-1.0
9004325,JNL004325,CU70470,2025-07-30T16:54:00.000Z,North America,US,EN,Phone,Connectivity,Cannot login to app,Jonly Floodlight Max,Android,Tier 1,Closed,964,0,1,4,0.72
9004326,JNL004326,CU85772,2025-05-23T08:16:00.000Z,North America,CA,EN,Email,Shipping,Subscription not applied,Jonly Doorbell Pro,iOS,Tier 2,Closed,1246,0,1,4,0.04
9004327,JNL004327,CU71162,2025-06-30T20:57:00.000Z,North America,US,NL,Phone,Connectivity,Device will not pair,Jonly Cam Outdoor,iOS,Tier 1,Closed,705,1,1,5,1.0
9004328,JNL004328,CU21958,2025-07-13T12:06:00.000Z,APAC,AU,EN,Chat,Account,Order not delivered,Jonly Hub Plus,iOS,Tier 2,Closed,782,0,1,4,0.45
9004329,JNL004329,CU62699,2025-05-02T10:47:00.000Z,North America,CA,EN,Phone,Account,Charged twice,Jonly Hub Mini,Android,Tier 1,Escalated,809,0,1,5,1.0
9004330,JNL004330,CU77125,2025-05-15T17:44:00.000Z,APAC,NZ,EN,Web Form,Shipping,False motion alerts,Jonly Cam Indoor,Android,Tier 2,Escalated,804,3,1,4,0.4
9004331,JNL004331,CU59382,2025-07-10T18:33:00.000Z,Europe,FR,EN,Email,Functionality,Cannot login to app,Jonly Hub Mini,iOS,Tier 2,In Progress,645,0,1,2,-0.27
9004332,JNL004332,CU30353,2025-07-10T03:04:00.000Z,North America,CA,EN,Community,Functionality,Poor night vision,Jonly Floodlight Max,iOS,Tier 2,Closed,694,1,1,2,-0.63
9004333,JNL004333,CU13155,2025-07-08T18:55:00.000Z,Europe,NL,EN,Phone,Setup,Two-factor issues,Jonly Hub Plus,iOS,Tier 1,Closed,1099,1,1,5,0.65
9004334,JNL004334,CU65728,2025-06-03T10:13:00.000Z,North America,US,FR,Email,Functionality,Charged twice,Jonly Hub Plus,iOS,Tier 1,Closed,880,1,0,2,-0.53
9004335,JNL004335,CU39693,2025-05-05T03:56:00.000Z,APAC,SG,EN,Chat,Billing,Doorbell not ringing,Jonly Secure Subscription,iOS,Tier 1,Closed,822,0,0,5,1.0
9004336,JNL004336,CU42785,2025-06-11T00:39:00.000Z,North America,CA,EN,Chat,Connectivity,Cannot login to app,Jonly Hub Plus,iOS,Tier 1,Closed,670,0,1,2,-0.95
9004337,JNL004337,CU35063,2025-05-02T02:03:00.000Z,Europe,NL,EN,Phone,Connectivity,Audio one-way only,Jonly Cam Outdoor,Android,Tier 1,Closed,1122,0,1,4,1.0
9004338,JNL004338,CU21321,2025-06-02T04:16:00.000Z,North America,US,EN,Phone,Inquiry,Device will not pair,Jonly Hub Mini,Android,Tier 1,Closed,930,0,1,4,0.53
9004339,JNL004339,CU30530,2025-05-14T05:38:00.000Z,APAC,AU,EN,Email,Functionality,Poor night vision,Jonly Hub Mini,iOS,Tier 1,Closed,915,0,1,3,-0.51
9004340,JNL004340,CU23339,2025-05-04T19:17:00.000Z,North America,CA,EN,Phone,Functionality,No motion alerts,Jonly Hub Plus,iOS,Tier 1,Closed,667,1,1,3,0.66
9004341,JNL004341,CU33530,2025-07-12T04:26:00.000Z,North America,CA,EN,Phone,Connectivity,Device will not pair,Jonly Doorbell Pro,iOS,Tier 2,Closed,1564,0,1,1,-1.0
9004342,JNL004342,CU69999,2025-07-13T23:42:00.000Z,APAC,SG,EN,Email,Billing,Wrong item received,Jonly Floodlight Max,iOS,Tier 1,Closed,952,1,0,2,-0.8
9004343,JNL004343,CU82014,2025-07-26T00:40:00.000Z,Europe,DE,EN,Phone,Setup,Device will not pair,Jonly Cam Indoor,Android,Tier 2,Closed,819,0,1,3,0.05
9004344,JNL004344,CU93666,2025-05-18T14:29:00.000Z,Europe,GB,EN,Email,Connectivity,Audio one-way only,Jonly Cam Indoor,iOS,Tier 1,Closed,1352,0,1,3,-0.07
9004345,JNL004345,CU81752,2025-05-13T11:42:00.000Z,APAC,AU,EN,Phone,Shipping,Video not loading,Jonly Hub Mini,Android,Tier 1,Closed,1181,0,1,2,-0.93
9004346,JNL004346,CU52487,2025-06-28T14:28:00.000Z,Europe,FR,DE,Chat,Shipping,No motion alerts,Jonly Cam Indoor,iOS,Tier 2,In Progress,753,1,1,5,0.24
9004347,JNL004347,CU66297,2025-07-07T16:30:00.000Z,North America,US,EN,Phone,Setup,Device will not pair,Jonly Floodlight Max,Web,Tier 1,Closed,564,0,1,3,-0.64
9004348,JNL004348,CU64126,2025-05-24T21:19:00.000Z,North America,CA,FR,Phone,Functionality,Device will not pair,Jonly Cam Outdoor,Android,Tier 2,Closed,922,0,1,5,0.49
9004349,JNL004349,CU38399,2025-07-11T08:53:00.000Z,Europe,NL,EN,Phone,Account,Device will not pair,Jonly Doorbell Pro,Android,Tier 2,Escalated,1408,1,1,3,0.11
9004350,JNL004350,CU48672,2025-05-27T14:31:00.000Z,North America,US,DE,Email,Account,Charged twice,Jonly Cam Outdoor,Android,Tier 1,Closed,180,0,0,4,0.63
9004351,JNL004351,CU38507,2025-07-03T00:53:00.000Z,Europe,NL,DE,Web Form,Shipping,Poor night vision,Jonly Hub Mini,Android,Tier 2,Closed,614,1,1,5,0.9
9004352,JNL004352,CU28816,2025-05-14T17:11:00.000Z,North America,CA,EN,Chat,Connectivity,Two-factor issues,Jonly Cam Indoor,iOS,Tier 1,Closed,806,1,0,2,-0.77
9004353,JNL004353,CU80188,2025-05-10T21:08:00.000Z,Europe,NL,EN,Web Form,Inquiry,Laggy live view,Jonly Cam Outdoor,iOS,Tier 1,Closed,866,0,1,5,0.39
9004354,JNL004354,CU66455,2025-05-15T11:36:00.000Z,APAC,NZ,EN,Chat,Connectivity,Charged twice,Jonly Cam Indoor,Other,Tier 1,Closed,512,2,1,5,1.0
9004355,JNL004355,CU63098,2025-07-21T22:36:00.000Z,Europe,DE,EN,Chat,Inquiry,Poor night vision,Jonly Cam Outdoor,iOS,Tier 1,Closed,848,1,1,2,-0.56
9004356,JNL004356,CU92398,2025-06-05T05:06:00.000Z,North America,CA,EN,Phone,Shipping,Device will not pair,Jonly Hub Plus,iOS,Tier 2,Closed,1432,0,1,4,0.4
9004357,JNL004357,CU49612,2025-05-19T08:24:00.000Z,North America,CA,EN,Phone,Functionality,Wrong item received,Jonly Cam Outdoor,Web,Tier 1,Closed,1072,0,1,4,0.07
9004358,JNL004358,CU95698,2025-06-20T17:44:00.000Z,North America,CA,FR,Phone,Setup,Cannot login to app,Jonly Secure Subscription,Android,Tier 2,Closed,1098,2,0,2,-0.63
9004359,JNL004359,CU99459,2025-07-25T11:49:00.000Z,North America,CA,EN,Chat,Account,Charged twice,Jonly Hub Mini,Web,Tier 1,Closed,1145,0,1,5,1.0
9004360,JNL004360,CU43224,2025-05-18T03:08:00.000Z,North America,US,DE,Web Form,Billing,No motion alerts,Jonly Floodlight Max,iOS,Tier 1,Closed,715,2,1,4,0.59
9004361,JNL004361,CU48301,2025-07-06T23:24:00.000Z,North America,CA,DE,Email,Billing,Two-factor issues,Jonly Cam Outdoor,Android,Tier 1,Closed,217,0,1,4,0.7
9004362,JNL004362,CU71762,2025-07-09T15:45:00.000Z,APAC,SG,EN,Phone,Inquiry,Poor night vision,Jonly Floodlight Max,Android,Tier 1,Closed,180,0,1,5,1.0
9004363,JNL004363,CU43737,2025-07-01T14:21:00.000Z,APAC,NZ,EN,Phone,Billing,Charged twice,Jonly Doorbell Pro,Android,Tier 1,Closed,797,1,1,5,1.0
9004364,JNL004364,CU85692,2025-06-12T08:54:00.000Z,Europe,GB,EN,Phone,Inquiry,Cannot login to app,Jonly Secure Subscription,Android,Tier 1,Closed,1401,2,1,3,-0.14
9004365,JNL004365,CU17586,2025-07-28T21:47:00.000Z,North America,US,FR,Phone,Inquiry,Laggy live view,Jonly Floodlight Max,iOS,Tier 1,Closed,797,1,1,3,0.0
9004366,JNL004366,CU52432,2025-06-24T04:06:00.000Z,North America,US,EN,Email,Functionality,Subscription not applied,Jonly Floodlight Max,Android,Tier 2,Closed,779,1,1,3,-0.11
9004367,JNL004367,CU36577,2025-06-12T22:11:00.000Z,North America,US,EN,Email,Inquiry,Laggy live view,Jonly Cam Outdoor,Android,Tier 1,In Progress,927,1,1,5,0.1
9004368,JNL004368,CU20073,2025-05-24T07:41:00.000Z,North America,CA,DE,Email,Connectivity,False motion alerts,Jonly Cam Outdoor,iOS,Tier 1,In Progress,1092,0,1,4,1.0
9004369,JNL004369,CU98839,2025-07-01T19:38:00.000Z,North America,CA,EN,Chat,Setup,Charged twice,Jonly Doorbell Pro,iOS,Tier 1,Closed,714,0,1,5,1.0
9004370,JNL004370,CU86082,2025-06-26T16:23:00.000Z,North America,CA,EN,Chat,Inquiry,Camera offline,Jonly Cam Outdoor,iOS,Tier 1,Closed,861,1,1,4,0.47
9004371,JNL004371,CU41613,2025-06-26T18:00:00.000Z,North America,US,FR,Chat,Billing,Cannot login to app,Jonly Cam Indoor,Web,Tier 1,Escalated,385,0,1,5,0.48
9004372,JNL004372,CU18690,2025-06-24T17:16:00.000Z,North America,US,EN,Chat,Functionality,Two-factor issues,Jonly Doorbell Pro,Android,Tier 2,Closed,1149,0,0,4,0.81
9004373,JNL004373,CU30004,2025-06-25T02:55:00.000Z,Europe,GB,EN,Community,Account,Camera offline,Jonly Secure Subscription,Web,Tier 1,Closed,405,0,1,3,-0.31
9004374,JNL004374,CU99545,2025-06-18T19:08:00.000Z,North America,CA,EN,Phone,Account,Camera offline,Jonly Cam Outdoor,Web,Tier 1,Closed,984,0,1,1,-1.0
9004375,JNL004375,CU33807,2025-06-05T19:36:00.000Z,Europe,DE,EN,Web Form,Account,Camera offline,Jonly Cam Indoor,iOS,Tier 1,Escalated,661,0,1,4,0.73
9004376,JNL004376,CU35757,2025-07-04T13:48:00.000Z,Europe,DE,EN,Chat,Inquiry,Video not loading,Jonly Secure Subscription,iOS,Tier 1,In Progress,849,0,1,4,0.75
9004377,JNL004377,CU81612,2025-05-26T18:39:00.000Z,North America,CA,EN,Web Form,Connectivity,Cannot login to app,Jonly Floodlight Max,iOS,Tier 1,Closed,522,0,1,4,0.51
9004378,JNL004378,CU92382,2025-06-06T01:52:00.000Z,Europe,NL,EN,Email,Inquiry,Order not delivered,Jonly Secure Subscription,Web,Tier 2,Closed,689,0,1,2,-1.0
9004379,JNL004379,CU80361,2025-05-04T01:54:00.000Z,North America,US,DE,Phone,Connectivity,Doorbell not ringing,Jonly Floodlight Max,Android,Tier 1,Closed,1130,0,1,5,1.0
9004380,JNL004380,CU93093,2025-05-12T16:02:00.000Z,North America,US,EN,Phone,Inquiry,Poor night vision,Jonly Cam Indoor,iOS,Tier 1,Closed,2171,1,1,4,1.0
9004381,JNL004381,CU75971,2025-05-27T03:18:00.000Z,North America,US,DE,Phone,Connectivity,Charged twice,Jonly Doorbell Pro,Android,Escalation,Closed,1032,2,1,2,-0.33
9004382,JNL004382,CU35327,2025-07-29T23:36:00.000Z,Europe,FR,EN,Phone,Shipping,Camera offline,Jonly Secure Subscription,iOS,Tier 1,Closed,1526,0,1,5,1.0
9004383,JNL004383,CU32744,2025-05-23T14:26:00.000Z,APAC,NZ,EN,Chat,Connectivity,False motion alerts,Jonly Doorbell Pro,iOS,Tier 2,Closed,1213,0,1,5,0.92
9004384,JNL004384,CU41047,2025-06-17T17:04:00.000Z,North America,CA,EN,Phone,Connectivity,Video not loading,Jonly Hub Plus,Web,Tier 1,Closed,1028,2,1,4,0.01
9004385,JNL004385,CU88781,2025-07-12T15:42:00.000Z,North America,US,EN,Email,Functionality,Charged twice,Jonly Floodlight Max,iOS,Tier 1,Closed,204,1,1,5,1.0
9004386,JNL004386,CU92611,2025-05-12T04:26:00.000Z,APAC,AU,FR,Chat,Setup,False motion alerts,Jonly Hub Plus,iOS,Tier 1,Escalated,1362,0,1,4,0.08
9004387,JNL004387,CU94464,2025-07-26T19:29:00.000Z,North America,CA,DE,Phone,Inquiry,Cannot login to app,Jonly Cam Outdoor,Other,Tier 1,Closed,923,2,1,3,-0.39
9004388,JNL004388,CU19288,2025-07-15T10:16:00.000Z,North America,US,EN,Email,Account,Order not delivered,Jonly Doorbell Pro,Other,Tier 1,Closed,914,0,1,2,-0.6
9004389,JNL004389,CU89057,2025-06-26T21:30:00.000Z,North America,CA,DE,Phone,Setup,Charged twice,Jonly Floodlight Max,iOS,Tier 2,Closed,972,0,1,4,0.44
9004390,JNL004390,CU54583,2025-06-06T14:23:00.000Z,North America,US,EN,Phone,Inquiry,Cannot login to app,Jonly Floodlight Max,Android,Tier 2,Closed,688,0,1,5,1.0
9004391,JNL004391,CU51979,2025-05-06T02:10:00.000Z,North America,CA,EN,Phone,Connectivity,Wrong item received,Jonly Cam Outdoor,iOS,Tier 1,In Progress,201,1,1,5,1.0
9004392,JNL004392,CU36064,2025-07-02T18:51:00.000Z,North America,CA,NL,Phone,Connectivity,No motion alerts,Jonly Floodlight Max,Android,Tier 1,Escalated,1010,0,1,3,0.24
9004393,JNL004393,CU87615,2025-06-07T23:41:00.000Z,Europe,NL,EN,Chat,Shipping,Charged twice,Jonly Cam Indoor,Android,Tier 2,Closed,1428,0,1,3,0.29
9004394,JNL004394,CU38736,2025-06-04T22:50:00.000Z,North America,US,EN,Chat,Billing,Audio one-way only,Jonly Cam Indoor,Web,Tier 1,Closed,1140,1,1,4,0.32
9004395,JNL004395,CU35612,2025-06-26T16:11:00.000Z,Europe,NL,EN,Phone,Inquiry,Device will not pair,Jonly Cam Outdoor,Android,Tier 1,Closed,1004,1,1,5,0.88
9004396,JNL004396,CU56718,2025-07-06T06:25:00.000Z,APAC,SG,EN,Chat,Inquiry,No motion alerts,Jonly Hub Plus,Android,Tier 2,Closed,241,0,1,5,0.75
9004397,JNL004397,CU86025,2025-07-10T18:37:00.000Z,North America,CA,EN,Chat,Functionality,Two-factor issues,Jonly Cam Outdoor,Android,Tier 1,Closed,1106,0,0,4,0.72
9004398,JNL004398,CU58127,2025-05-19T22:41:00.000Z,APAC,AU,EN,Phone,Functionality,Audio one-way only,Jonly Floodlight Max,iOS,Tier 1,Closed,651,0,1,1,-0.52
9004399,JNL004399,CU26208,2025-05-30T08:46:00.000Z,APAC,AU,EN,Phone,Shipping,Two-factor issues,Jonly Hub Mini,Android,Escalation,Closed,968,0,1,5,1.0
9004400,JNL004400,CU19636,2025-07-08T21:45:00.000Z,North America,CA,EN,Phone,Shipping,Video not loading,Jonly Secure Subscription,Android,Tier 1,Closed,484,1,1,3,-0.05
9004401,JNL004401,CU41911,2025-06-04T09:18:00.000Z,North America,US,EN,Email,Billing,Video not loading,Jonly Floodlight Max,Android,Tier 1,Escalated,554,1,1,5,0.7
9004402,JNL004402,CU32168,2025-05-01T10:52:00.000Z,Europe,GB,EN,Community,Connectivity,Two-factor issues,Jonly Cam Indoor,Web,Tier 1,Closed,1094,1,1,5,1.0
9004403,JNL004403,CU35074,2025-06-22T11:30:00.000Z,North America,US,EN,Phone,Functionality,Camera offline,Jonly Cam Outdoor,iOS,Tier 1,Closed,912,1,1,5,1.0
9004404,JNL004404,CU77292,2025-05-19T16:13:00.000Z,Europe,DE,DE,Phone,Inquiry,Charged twice,Jonly Secure Subscription,iOS,Tier 1,Closed,872,0,1,4,0.48
9004405,JNL004405,CU35412,2025-06-28T23:54:00.000Z,North America,CA,EN,Chat,Connectivity,Video not loading,Jonly Doorbell Pro,Android,Tier 1,In Progress,668,2,1,1,-1.0
9004406,JNL004406,CU28039,2025-07-18T19:13:00.000Z,APAC,NZ,FR,Email,Connectivity,Wrong item received,Jonly Secure Subscription,iOS,Tier 1,Escalated,892,1,0,5,1.0
9004407,JNL004407,CU99382,2025-07-15T14:53:00.000Z,APAC,NZ,DE,Chat,Setup,Wrong item received,Jonly Doorbell Pro,iOS,Tier 1,Closed,436,0,1,3,0.12
9004408,JNL004408,CU66783,2025-07-02T05:22:00.000Z,Europe,NL,EN,Phone,Shipping,Charged twice,Jonly Secure Subscription,iOS,Tier 1,Escalated,965,1,1,5,0.62
9004409,JNL004409,CU65575,2025-07-30T13:26:00.000Z,Europe,DE,EN,Chat,Billing,False motion alerts,Jonly Doorbell Pro,iOS,Tier 1,Closed,1199,0,1,5,1.0
9004410,JNL004410,CU23836,2025-05-01T10:53:00.000Z,North America,CA,EN,Chat,Setup,Video not loading,Jonly Hub Mini,iOS,Tier 2,Closed,1318,1,1,4,0.09
9004411,JNL004411,CU82244,2025-05-26T15:36:00.000Z,Europe,GB,EN,Phone,Shipping,Device will not pair,Jonly Secure Subscription,Android,Tier 2,Closed,786,0,1,4,0.5
9004412,JNL004412,CU66393,2025-05-18T15:13:00.000Z,APAC,NZ,EN,Web Form,Setup,No motion alerts,Jonly Cam Indoor,Android,Tier 2,Closed,232,0,1,2,-0.67
9004413,JNL004413,CU99498,2025-05-14T15:04:00.000Z,North America,US,DE,Phone,Setup,Laggy live view,Jonly Hub Plus,iOS,Tier 1,Closed,1771,1,1,4,0.02
9004414,JNL004414,CU29112,2025-07-28T02:52:00.000Z,Europe,NL,EN,Phone,Billing,Charged twice,Jonly Cam Outdoor,iOS,Tier 2,Closed,1311,1,1,3,-0.08
9004415,JNL004415,CU16820,2025-07-06T14:39:00.000Z,North America,CA,EN,Web Form,Inquiry,False motion alerts,Jonly Secure Subscription,iOS,Tier 1,Closed,760,1,1,4,0.06
9004416,JNL004416,CU90851,2025-06-01T13:16:00.000Z,North America,US,EN,Phone,Functionality,Laggy live view,Jonly Cam Outdoor,Other,Tier 1,Closed,1254,1,1,5,1.0
9004417,JNL004417,CU43120,2025-06-19T13:08:00.000Z,North America,CA,EN,Web Form,Billing,Order not delivered,Jonly Doorbell Pro,Android,Escalation,Closed,911,0,1,4,0.57
9004418,JNL004418,CU91527,2025-07-26T20:30:00.000Z,North America,CA,DE,Phone,Connectivity,Camera offline,Jonly Cam Outdoor,Web,Tier 2,In Progress,1448,0,1,3,0.37
9004419,JNL004419,CU72681,2025-05-11T09:06:00.000Z,North America,US,EN,Chat,Connectivity,Camera offline,Jonly Doorbell Pro,Web,Tier 1,Closed,1116,0,1,1,-0.71
9004420,JNL004420,CU35678,2025-05-26T09:59:00.000Z,APAC,AU,EN,Web Form,Functionality,Wrong item received,Jonly Secure Subscription,Android,Tier 1,Closed,750,1,1,3,0.03
9004421,JNL004421,CU47657,2025-06-16T15:43:00.000Z,APAC,AU,FR,Chat,Billing,Video not loading,Jonly Doorbell Pro,Android,Tier 1,Escalated,1375,0,1,3,0.43
9004422,JNL004422,CU70929,2025-06-27T00:09:00.000Z,APAC,AU,NL,Phone,Setup,False motion alerts,Jonly Hub Plus,Web,Tier 2,Closed,1556,0,0,2,-0.59
9004423,JNL004423,CU94610,2025-07-10T23:30:00.000Z,North America,CA,EN,Phone,Connectivity,Doorbell not ringing,Jonly Cam Indoor,iOS,Tier 1,In Progress,932,1,1,2,-0.44
9004424,JNL004424,CU43223,2025-05-16T11:50:00.000Z,Europe,GB,FR,Phone,Connectivity,Video not loading,Jonly Secure Subscription,iOS,Tier 1,Closed,1777,0,1,1,-1.0
9004425,JNL004425,CU38729,2025-06-21T08:54:00.000Z,North America,US,EN,Phone,Connectivity,Order not delivered,Jonly Cam Outdoor,Android,Tier 1,Closed,1389,0,1,3,0.28
9004426,JNL004426,CU51143,2025-05-16T23:03:00.000Z,Europe,GB,DE,Phone,Billing,Order not delivered,Jonly Secure Subscription,iOS,Tier 1,Closed,1214,0,1,5,1.0
9004427,JNL004427,CU13252,2025-05-29T01:13:00.000Z,North America,US,EN,Phone,Inquiry,Device will not pair,Jonly Doorbell Pro,iOS,Tier 2,Closed,941,0,1,4,0.53
9004428,JNL004428,CU50932,2025-07-21T12:48:00.000Z,North America,CA,EN,Phone,Inquiry,Charged twice,Jonly Secure Subscription,Android,Tier 1,Closed,1293,1,0,4,0.85
9004429,JNL004429,CU50858,2025-05-09T15:18:00.000Z,Europe,FR,FR,Email,Inquiry,Camera offline,Jonly Floodlight Max,iOS,Tier 2,Closed,835,1,1,1,-1.0
9004430,JNL004430,CU21885,2025-06-06T14:36:00.000Z,Europe,FR,EN,Phone,Connectivity,Doorbell not ringing,Jonly Cam Outdoor,iOS,Tier 1,Closed,1570,3,1,4,0.99
9004431,JNL004431,CU83694,2025-05-07T08:26:00.000Z,Europe,DE,EN,Email,Billing,Doorbell not ringing,Jonly Secure Subscription,Android,Tier 1,Closed,782,0,1,5,0.95
9004432,JNL004432,CU60259,2025-06-17T03:17:00.000Z,North America,US,FR,Phone,Account,Audio one-way only,Jonly Doorbell Pro,Other,Tier 1,Closed,950,0,1,4,0.26
9004433,JNL004433,CU32066,2025-05-21T14:36:00.000Z,North America,US,EN,Email,Functionality,Cannot login to app,Jonly Floodlight Max,iOS,Tier 2,Escalated,216,0,0,5,0.93
9004434,JNL004434,CU65362,2025-07-28T10:19:00.000Z,APAC,NZ,FR,Web Form,Billing,False motion alerts,Jonly Hub Mini,Web,Tier 1,Closed,1034,2,1,3,0.32
9004435,JNL004435,CU70045,2025-06-22T14:23:00.000Z,North America,CA,EN,Email,Account,Subscription not applied,Jonly Secure Subscription,Android,Tier 2,Closed,555,0,1,5,1.0
9004436,JNL004436,CU49826,2025-06-24T06:49:00.000Z,North America,CA,EN,Phone,Functionality,Audio one-way only,Jonly Hub Mini,Android,Tier 2,Closed,994,0,1,5,1.0
9004437,JNL004437,CU35117,2025-05-04T18:07:00.000Z,North America,US,EN,Chat,Functionality,Device will not pair,Jonly Floodlight Max,Android,Escalation,Closed,543,1,1,5,0.92
9004438,JNL004438,CU29523,2025-06-12T00:45:00.000Z,Europe,FR,FR,Phone,Connectivity,Audio one-way only,Jonly Cam Outdoor,iOS,Tier 1,Closed,1515,0,1,3,0.26
9004439,JNL004439,CU80478,2025-05-26T22:23:00.000Z,Europe,GB,NL,Phone,Inquiry,Charged twice,Jonly Cam Outdoor,Other,Tier 1,Closed,860,0,1,4,0.63
9004440,JNL004440,CU13389,2025-06-26T23:56:00.000Z,North America,CA,EN,Phone,Account,Charged twice,Jonly Hub Mini,Android,Tier 1,Closed,467,0,0,4,-0.1
9004441,JNL004441,CU72894,2025-07-11T09:18:00.000Z,Europe,DE,EN,Chat,Account,False motion alerts,Jonly Cam Indoor,iOS,Tier 2,Closed,529,0,1,3,-0.32
9004442,JNL004442,CU84400,2025-07-31T09:49:00.000Z,North America,CA,EN,Phone,Billing,Doorbell not ringing,Jonly Hub Mini,iOS,Tier 1,Closed,655,0,1,5,0.51
9004443,JNL004443,CU30824,2025-06-26T03:41:00.000Z,North America,CA,EN,Chat,Functionality,Video not loading,Jonly Hub Mini,Android,Tier 1,Closed,1051,0,1,4,0.59
9004444,JNL004444,CU65828,2025-06-01T14:53:00.000Z,Europe,NL,EN,Email,Shipping,Device will not pair,Jonly Hub Plus,iOS,Tier 2,Closed,912,0,1,4,0.29
9004445,JNL004445,CU78873,2025-07-16T00:22:00.000Z,Europe,DE,EN,Phone,Billing,Cannot login to app,Jonly Hub Mini,iOS,Escalation,Closed,2483,0,1,3,-0.17
9004446,JNL004446,CU22765,2025-07-06T21:27:00.000Z,North America,US,FR,Phone,Inquiry,Camera offline,Jonly Doorbell Pro,Android,Tier 1,Closed,815,0,1,4,0.11
9004447,JNL004447,CU41368,2025-05-01T06:05:00.000Z,North America,CA,EN,Phone,Account,Charged twice,Jonly Cam Indoor,Web,Tier 1,Closed,405,1,1,4,0.75
9004448,JNL004448,CU35855,2025-05-27T13:36:00.000Z,Europe,GB,EN,Phone,Connectivity,Wrong item received,Jonly Secure Subscription,Web,Tier 1,Closed,788,0,1,5,1.0
9004449,JNL004449,CU24221,2025-05-22T05:17:00.000Z,North America,US,FR,Community,Inquiry,Order not delivered,Jonly Hub Plus,Android,Tier 1,Closed,954,1,1,5,1.0
9004450,JNL004450,CU23078,2025-07-21T03:31:00.000Z,North America,CA,DE,Phone,Functionality,Audio one-way only,Jonly Hub Mini,iOS,Tier 1,Closed,1292,0,1,5,0.86
9004451,JNL004451,CU48270,2025-07-03T12:30:00.000Z,North America,CA,EN,Web Form,Billing,Two-factor issues,Jonly Floodlight Max,iOS,Tier 1,Closed,447,0,1,1,-1.0
9004452,JNL004452,CU63727,2025-07-12T16:22:00.000Z,Europe,NL,DE,Email,Connectivity,Wrong item received,Jonly Hub Mini,iOS,Tier 1,Closed,616,2,1,4,0.4
9004453,JNL004453,CU66020,2025-07-20T10:01:00.000Z,APAC,AU,EN,Phone,Shipping,Cannot login to app,Jonly Hub Mini,Android,Tier 1,Closed,2069,0,1,1,-1.0
9004454,JNL004454,CU87643,2025-07-03T14:46:00.000Z,North America,CA,EN,Phone,Account,Cannot login to app,Jonly Hub Plus,iOS,Tier 1,Closed,1640,0,1,4,0.9
9004455,JNL004455,CU28463,2025-05-22T04:19:00.000Z,North America,CA,EN,Phone,Functionality,Audio one-way only,Jonly Cam Outdoor,Android,Tier 1,In Progress,1274,0,1,5,1.0
9004456,JNL004456,CU92074,2025-05-13T22:29:00.000Z,APAC,NZ,EN,Web Form,Connectivity,Laggy live view,Jonly Floodlight Max,Android,Tier 1,Closed,1345,3,1,5,0.74
9004457,JNL004457,CU66511,2025-05-17T05:47:00.000Z,North America,US,EN,Web Form,Inquiry,Laggy live view,Jonly Secure Subscription,iOS,Tier 2,Closed,1108,1,1,4,-0.11
9004458,JNL004458,CU30248,2025-07-08T22:05:00.000Z,North America,US,EN,Chat,Inquiry,Camera offline,Jonly Doorbell Pro,Android,Tier 1,Escalated,685,0,0,3,-0.18
9004459,JNL004459,CU55906,2025-05-12T18:35:00.000Z,North America,CA,EN,Email,Billing,Subscription not applied,Jonly Hub Mini,iOS,Escalation,Closed,1116,0,1,3,0.69
9004460,JNL004460,CU24134,2025-07-20T22:14:00.000Z,APAC,AU,EN,Chat,Inquiry,No motion alerts,Jonly Floodlight Max,iOS,Escalation,Closed,790,0,1,3,-0.29
9004461,JNL004461,CU69189,2025-06-24T03:13:00.000Z,North America,US,FR,Email,Inquiry,Laggy live view,Jonly Cam Indoor,Web,Escalation,Closed,180,0,1,3,-0.01
9004462,JNL004462,CU67463,2025-07-10T05:29:00.000Z,North America,CA,EN,Chat,Inquiry,Audio one-way only,Jonly Hub Plus,Web,Tier 1,Closed,841,0,1,4,0.2
9004463,JNL004463,CU40403,2025-07-15T20:25:00.000Z,North America,US,EN,Email,Functionality,Cannot login to app,Jonly Doorbell Pro,Android,Tier 1,Closed,180,0,1,5,1.0
9004464,JNL004464,CU55389,2025-07-14T13:54:00.000Z,APAC,SG,EN,Chat,Setup,Wrong item received,Jonly Hub Plus,Web,Tier 2,Closed,1275,1,0,5,1.0
9004465,JNL004465,CU21911,2025-05-04T22:07:00.000Z,Europe,FR,EN,Chat,Inquiry,False motion alerts,Jonly Cam Indoor,Android,Tier 2,Closed,995,0,1,5,1.0
9004466,JNL004466,CU56477,2025-07-01T14:42:00.000Z,Europe,GB,EN,Community,Functionality,Video not loading,Jonly Cam Outdoor,Other,Tier 2,Closed,628,0,1,3,-0.74
9004467,JNL004467,CU75884,2025-05-08T08:08:00.000Z,North America,CA,DE,Web Form,Setup,Cannot login to app,Jonly Cam Indoor,Android,Tier 1,In Progress,1074,0,1,5,0.79
9004468,JNL004468,CU47208,2025-07-06T17:47:00.000Z,North America,CA,FR,Chat,Billing,Charged twice,Jonly Doorbell Pro,Android,Tier 2,Escalated,850,0,1,4,0.83
9004469,JNL004469,CU99732,2025-07-06T14:54:00.000Z,Europe,NL,EN,Phone,Inquiry,Order not delivered,Jonly Hub Mini,Other,Escalation,Closed,885,0,1,3,-0.09
9004470,JNL004470,CU21270,2025-07-11T19:39:00.000Z,Europe,DE,EN,Phone,Shipping,Subscription not applied,Jonly Cam Indoor,iOS,Tier 2,Closed,1138,0,1,4,-0.11
9004471,JNL004471,CU13942,2025-05-24T04:37:00.000Z,Europe,GB,EN,Email,Inquiry,No motion alerts,Jonly Cam Indoor,Android,Tier 1,Closed,451,1,1,5,0.87
9004472,JNL004472,CU59334,2025-06-06T11:28:00.000Z,North America,US,EN,Web Form,Connectivity,Subscription not applied,Jonly Cam Outdoor,iOS,Tier 1,Closed,612,1,1,5,0.77
9004473,JNL004473,CU91855,2025-05-19T18:28:00.000Z,North America,CA,EN,Phone,Inquiry,Poor night vision,Jonly Cam Outdoor,Android,Tier 1,Closed,1910,1,1,2,-0.89
9004474,JNL004474,CU95449,2025-05-12T23:08:00.000Z,Europe,GB,FR,Phone,Connectivity,Two-factor issues,Jonly Cam Indoor,Android,Tier 2,Closed,1270,0,1,4,0.91
9004475,JNL004475,CU86140,2025-05-26T13:18:00.000Z,North America,CA,DE,Chat,Billing,Laggy live view,Jonly Floodlight Max,Android,Escalation,Closed,1041,0,1,4,0.55
9004476,JNL004476,CU23612,2025-07-29T03:28:00.000Z,North America,US,EN,Phone,Inquiry,Laggy live view,Jonly Cam Indoor,Web,Tier 1,Closed,1481,0,1,3,-0.36
9004477,JNL004477,CU42468,2025-07-22T18:14:00.000Z,Europe,FR,DE,Email,Inquiry,Video not loading,Jonly Cam Indoor,iOS,Tier 1,Closed,485,0,1,1,-0.1
9004478,JNL004478,CU63746,2025-07-10T14:29:00.000Z,North America,CA,EN,Chat,Connectivity,Charged twice,Jonly Doorbell Pro,Android,Tier 1,Closed,836,0,1,4,0.51
9004479,JNL004479,CU90065,2025-05-19T18:03:00.000Z,North America,US,EN,Community,Connectivity,Video not loading,Jonly Secure Subscription,iOS,Tier 1,Closed,448,0,1,4,0.41
9004480,JNL004480,CU10485,2025-07-12T01:20:00.000Z,Europe,FR,EN,Phone,Inquiry,Camera offline,Jonly Secure Subscription,Android,Tier 1,Closed,899,1,1,3,-0.15
9004481,JNL004481,CU14297,2025-07-03T03:14:00.000Z,North America,CA,EN,Phone,Functionality,False motion alerts,Jonly Secure Subscription,Android,Tier 1,Closed,610,0,1,5,0.87
9004482,JNL004482,CU65466,2025-05-20T06:01:00.000Z,North America,US,DE,Chat,Inquiry,Doorbell not ringing,Jonly Hub Mini,Android,Tier 1,Closed,885,0,1,4,0.35
9004483,JNL004483,CU95098,2025-06-26T21:02:00.000Z,Europe,GB,EN,Web Form,Connectivity,Camera offline,Jonly Hub Plus,iOS,Tier 1,Closed,649,0,1,2,-0.31
9004484,JNL004484,CU63111,2025-06-21T13:57:00.000Z,North America,US,EN,Phone,Setup,Device will not pair,Jonly Cam Indoor,iOS,Tier 1,Closed,1097,1,1,1,-0.8
9004485,JNL004485,CU31439,2025-05-12T18:38:00.000Z,North America,CA,EN,Phone,Functionality,Two-factor issues,Jonly Secure Subscription,Web,Tier 1,Closed,1324,0,1,1,-0.93
9004486,JNL004486,CU57197,2025-06-05T18:16:00.000Z,Europe,DE,EN,Phone,Setup,False motion alerts,Jonly Hub Mini,Web,Tier 1,Closed,297,0,1,5,1.0
9004487,JNL004487,CU79317,2025-06-23T08:08:00.000Z,Europe,GB,EN,Web Form,Functionality,Charged twice,Jonly Secure Subscription,Android,Tier 1,Closed,545,0,1,3,0.42
9004488,JNL004488,CU96061,2025-07-05T08:26:00.000Z,North America,CA,EN,Phone,Setup,Camera offline,Jonly Hub Plus,Web,Tier 1,Closed,868,0,1,4,1.0
9004489,JNL004489,CU27126,2025-06-06T19:49:00.000Z,Europe,NL,EN,Email,Functionality,Subscription not applied,Jonly Doorbell Pro,iOS,Tier 1,Closed,578,0,1,3,0.07
9004490,JNL004490,CU48520,2025-07-02T09:50:00.000Z,Europe,NL,NL,Email,Inquiry,Cannot login to app,Jonly Secure Subscription,Web,Tier 1,Closed,1030,0,0,3,-0.47
9004491,JNL004491,CU83385,2025-07-25T22:00:00.000Z,Europe,DE,EN,Email,Functionality,Charged twice,Jonly Hub Mini,Web,Escalation,Closed,1097,0,1,4,0.21
9004492,JNL004492,CU19155,2025-05-02T05:22:00.000Z,Europe,DE,EN,Chat,Inquiry,Charged twice,Jonly Secure Subscription,iOS,Tier 1,Closed,844,1,1,5,1.0
9004493,JNL004493,CU63199,2025-05-07T07:30:00.000Z,North America,US,EN,Chat,Inquiry,Order not delivered,Jonly Doorbell Pro,iOS,Tier 1,Escalated,903,0,1,5,1.0
9004494,JNL004494,CU67119,2025-05-31T10:19:00.000Z,Europe,FR,EN,Community,Billing,No motion alerts,Jonly Hub Mini,iOS,Tier 1,Closed,696,0,1,5,0.84
9004495,JNL004495,CU65712,2025-05-18T03:15:00.000Z,North America,US,EN,Chat,Inquiry,Camera offline,Jonly Floodlight Max,iOS,Tier 1,Closed,467,1,1,5,0.6
9004496,JNL004496,CU55346,2025-05-04T22:30:00.000Z,North America,CA,EN,Community,Inquiry,Wrong item received,Jonly Floodlight Max,Android,Tier 1,Closed,816,0,1,5,1.0
9004497,JNL004497,CU77884,2025-07-11T11:47:00.000Z,North America,CA,NL,Chat,Inquiry,Two-factor issues,Jonly Doorbell Pro,iOS,Tier 1,Escalated,701,1,1,3,-0.48
9004498,JNL004498,CU82689,2025-07-08T19:18:00.000Z,North America,CA,EN,Phone,Inquiry,Charged twice,Jonly Hub Plus,Android,Tier 1,Closed,1845,1,1,5,0.97
9004499,JNL004499,CU99254,2025-07-05T09:58:00.000Z,Europe,FR,EN,Phone,Billing,Doorbell not ringing,Jonly Hub Plus,Web,Tier 1,Closed,1546,1,1,5,1.0
9004500,JNL004500,CU64389,2025-07-26T19:45:00.000Z,North America,CA,DE,Email,Setup,Video not loading,Jonly Doorbell Pro,Android,Tier 1,Closed,1018,0,0,2,-0.75
9004501,JNL004501,CU56100,2025-05-24T17:27:00.000Z,North America,US,DE,Phone,Functionality,Order not delivered,Jonly Cam Indoor,Android,Tier 1,Closed,737,0,1,5,1.0
9004502,JNL004502,CU91203,2025-05-19T00:27:00.000Z,APAC,NZ,EN,Email,Connectivity,Poor night vision,Jonly Secure Subscription,Android,Tier 1,Closed,1386,2,1,2,0.07
9004503,JNL004503,CU41129,2025-07-29T05:46:00.000Z,North America,CA,EN,Phone,Inquiry,No motion alerts,Jonly Doorbell Pro,Android,Tier 1,Closed,518,1,1,1,-0.72
9004504,JNL004504,CU94234,2025-07-06T08:53:00.000Z,North America,CA,EN,Phone,Inquiry,Wrong item received,Jonly Hub Mini,Android,Tier 1,Escalated,1048,2,1,3,0.34
9004505,JNL004505,CU83304,2025-05-06T00:58:00.000Z,North America,CA,DE,Chat,Account,Video not loading,Jonly Hub Mini,Android,Tier 1,Closed,797,0,1,3,-0.37
9004506,JNL004506,CU96530,2025-06-06T03:41:00.000Z,North America,CA,EN,Phone,Functionality,Device will not pair,Jonly Cam Indoor,Android,Tier 2,Closed,653,0,1,5,1.0
9004507,JNL004507,CU83132,2025-06-24T06:09:00.000Z,APAC,SG,FR,Phone,Account,False motion alerts,Jonly Cam Indoor,Web,Tier 1,Closed,850,0,1,4,0.29
9004508,JNL004508,CU29567,2025-06-22T19:19:00.000Z,APAC,NZ,EN,Phone,Functionality,Camera offline,Jonly Hub Plus,Android,Escalation,Closed,1688,0,1,5,0.87
9004509,JNL004509,CU16253,2025-06-17T03:04:00.000Z,APAC,AU,NL,Chat,Inquiry,Audio one-way only,Jonly Doorbell Pro,iOS,Tier 1,Closed,533,1,1,4,0.71
9004510,JNL004510,CU10642,2025-07-23T09:31:00.000Z,North America,US,EN,Chat,Inquiry,Device will not pair,Jonly Hub Plus,Web,Tier 1,Closed,870,1,1,4,0.69
9004511,JNL004511,CU17111,2025-07-03T12:28:00.000Z,North America,CA,EN,Chat,Connectivity,Audio one-way only,Jonly Cam Outdoor,Android,Tier 1,Closed,374,0,1,2,-0.61
9004512,JNL004512,CU37947,2025-06-01T23:42:00.000Z,North America,US,EN,Phone,Connectivity,Subscription not applied,Jonly Cam Indoor,iOS,Tier 1,Closed,1202,0,1,3,-0.54
9004513,JNL004513,CU35883,2025-06-19T01:24:00.000Z,APAC,AU,NL,Email,Functionality,Two-factor issues,Jonly Doorbell Pro,iOS,Tier 1,Closed,988,1,1,4,0.61
9004514,JNL004514,CU33983,2025-05-09T17:12:00.000Z,North America,CA,EN,Phone,Functionality,Video not loading,Jonly Secure Subscription,iOS,Tier 1,Closed,657,0,1,5,1.0
9004515,JNL004515,CU29720,2025-05-29T16:37:00.000Z,APAC,SG,EN,Web Form,Inquiry,Wrong item received,Jonly Hub Mini,iOS,Tier 2,Closed,840,0,1,5,0.91
9004516,JNL004516,CU35913,2025-06-05T03:35:00.000Z,Europe,GB,EN,Phone,Account,Audio one-way only,Jonly Secure Subscription,iOS,Tier 1,In Progress,180,0,1,4,0.57
9004517,JNL004517,CU92510,2025-06-24T14:41:00.000Z,Europe,NL,DE,Community,Inquiry,Subscription not applied,Jonly Secure Subscription,iOS,Tier 1,Closed,562,0,1,4,0.19
9004518,JNL004518,CU56654,2025-05-04T13:15:00.000Z,North America,US,EN,Chat,Inquiry,Wrong item received,Jonly Floodlight Max,iOS,Tier 2,Closed,1034,0,1,2,-0.4
9004519,JNL004519,CU74628,2025-06-18T06:42:00.000Z,North America,CA,EN,Email,Inquiry,False motion alerts,Jonly Cam Indoor,Android,Tier 2,Closed,1340,0,1,2,-0.83
9004520,JNL004520,CU12142,2025-07-04T08:39:00.000Z,Europe,DE,EN,Web Form,Inquiry,False motion alerts,Jonly Cam Indoor,Web,Tier 1,Closed,411,0,1,2,-0.86
9004521,JNL004521,CU79972,2025-07-31T21:25:00.000Z,Europe,NL,EN,Phone,Functionality,Subscription not applied,Jonly Doorbell Pro,iOS,Tier 1,Closed,1912,0,0,5,1.0
9004522,JNL004522,CU55228,2025-05-17T16:08:00.000Z,North America,US,EN,Phone,Inquiry,Order not delivered,Jonly Secure Subscription,Web,Tier 1,Closed,1585,0,0,5,1.0
9004523,JNL004523,CU80741,2025-07-01T05:37:00.000Z,North America,CA,EN,Phone,Account,Video not loading,Jonly Doorbell Pro,iOS,Tier 2,Escalated,1566,0,0,3,-0.23
9004524,JNL004524,CU69403,2025-05-18T03:37:00.000Z,Europe,GB,EN,Email,Functionality,Laggy live view,Jonly Hub Plus,Android,Tier 2,Closed,943,1,1,5,1.0
9004525,JNL004525,CU40194,2025-07-11T19:57:00.000Z,North America,US,EN,Email,Functionality,Wrong item received,Jonly Hub Plus,Android,Tier 1,Closed,754,1,1,3,-0.61
9004526,JNL004526,CU65909,2025-07-22T02:55:00.000Z,North America,US,EN,Chat,Connectivity,Charged twice,Jonly Floodlight Max,iOS,Tier 1,Closed,886,3,1,3,0.14
9004527,JNL004527,CU70613,2025-05-28T21:27:00.000Z,North America,US,EN,Phone,Functionality,No motion alerts,Jonly Floodlight Max,Android,Tier 1,Closed,1795,0,1,5,0.56
9004528,JNL004528,CU88863,2025-05-12T04:25:00.000Z,APAC,AU,EN,Chat,Shipping,Charged twice,Jonly Hub Mini,Web,Tier 1,Closed,958,0,1,3,-0.48
9004529,JNL004529,CU25247,2025-06-16T05:51:00.000Z,North America,US,EN,Phone,Billing,No motion alerts,Jonly Cam Outdoor,iOS,Tier 2,Closed,1419,0,1,3,0.06
9004530,JNL004530,CU11066,2025-06-05T21:41:00.000Z,North America,US,EN,Phone,Connectivity,No motion alerts,Jonly Secure Subscription,iOS,Tier 1,In Progress,797,0,1,3,0.2
9004531,JNL004531,CU21970,2025-07-13T04:01:00.000Z,North America,CA,DE,Phone,Inquiry,Order not delivered,Jonly Floodlight Max,iOS,Tier 1,Closed,1308,0,1,4,0.59
9004532,JNL004532,CU41433,2025-05-20T08:27:00.000Z,North America,CA,DE,Chat,Shipping,No motion alerts,Jonly Cam Indoor,iOS,Tier 2,Closed,949,0,1,5,1.0
9004533,JNL004533,CU27043,2025-06-24T01:42:00.000Z,Europe,NL,EN,Web Form,Functionality,False motion alerts,Jonly Hub Plus,iOS,Tier 1,Closed,737,0,1,5,0.93
9004534,JNL004534,CU84051,2025-05-18T06:39:00.000Z,APAC,NZ,EN,Phone,Billing,Wrong item received,Jonly Cam Outdoor,Web,Tier 1,Closed,1194,0,1,5,1.0
9004535,JNL004535,CU56456,2025-07-31T23:41:00.000Z,North America,US,EN,Chat,Functionality,No motion alerts,Jonly Hub Plus,Other,Tier 1,Closed,1034,0,1,5,0.49
9004536,JNL004536,CU12111,2025-05-08T09:28:00.000Z,North America,CA,EN,Phone,Functionality,Doorbell not ringing,Jonly Cam Indoor,Android,Tier 2,Closed,1155,0,1,5,0.54
9004537,JNL004537,CU92962,2025-07-08T07:38:00.000Z,APAC,SG,EN,Phone,Inquiry,Laggy live view,Jonly Floodlight Max,iOS,Tier 1,Closed,1054,1,1,2,-0.51
9004538,JNL004538,CU36935,2025-06-05T06:50:00.000Z,North America,US,EN,Web Form,Functionality,Two-factor issues,Jonly Hub Mini,Web,Tier 1,Closed,974,1,1,5,1.0
9004539,JNL004539,CU49717,2025-06-09T14:41:00.000Z,APAC,SG,FR,Chat,Account,Two-factor issues,Jonly Doorbell Pro,Web,Tier 1,Escalated,1568,0,1,5,0.86
9004540,JNL004540,CU79138,2025-06-18T14:13:00.000Z,North America,CA,EN,Email,Functionality,Subscription not applied,Jonly Hub Mini,iOS,Tier 2,Closed,636,0,1,2,-0.55
9004541,JNL004541,CU34053,2025-05-29T00:02:00.000Z,Europe,FR,EN,Web Form,Connectivity,Subscription not applied,Jonly Doorbell Pro,Other,Tier 1,Escalated,1043,0,1,1,-0.53
9004542,JNL004542,CU71565,2025-05-06T08:41:00.000Z,Europe,GB,FR,Chat,Connectivity,Charged twice,Jonly Secure Subscription,Android,Tier 1,Closed,1043,2,1,1,-0.97
9004543,JNL004543,CU89981,2025-07-16T04:53:00.000Z,Europe,DE,EN,Web Form,Functionality,Subscription not applied,Jonly Cam Outdoor,iOS,Tier 1,Closed,719,0,1,4,0.16
9004544,JNL004544,CU19766,2025-06-06T21:55:00.000Z,North America,CA,DE,Chat,Connectivity,False motion alerts,Jonly Hub Mini,Web,Tier 2,Closed,822,0,1,4,-0.2
9004545,JNL004545,CU92823,2025-05-10T16:45:00.000Z,APAC,SG,EN,Phone,Functionality,Order not delivered,Jonly Doorbell Pro,iOS,Tier 1,Closed,1693,0,1,5,1.0
9004546,JNL004546,CU96448,2025-06-02T00:31:00.000Z,North America,US,EN,Chat,Functionality,No motion alerts,Jonly Doorbell Pro,iOS,Tier 1,Closed,405,0,1,5,0.44
9004547,JNL004547,CU24008,2025-06-14T11:22:00.000Z,APAC,AU,EN,Phone,Connectivity,Camera offline,Jonly Cam Indoor,iOS,Tier 2,Escalated,1493,3,1,2,-0.76
9004548,JNL004548,CU80554,2025-06-17T16:32:00.000Z,APAC,AU,EN,Email,Inquiry,Audio one-way only,Jonly Hub Plus,Other,Tier 2,Closed,1267,1,1,3,0.22
9004549,JNL004549,CU54102,2025-07-16T23:11:00.000Z,North America,CA,FR,Chat,Account,Doorbell not ringing,Jonly Secure Subscription,iOS,Tier 1,Closed,1143,0,1,4,0.77
9004550,JNL004550,CU51530,2025-06-06T03:16:00.000Z,North America,CA,EN,Email,Account,Charged twice,Jonly Doorbell Pro,iOS,Tier 1,Escalated,641,0,1,3,-0.03
9004551,JNL004551,CU20065,2025-05-31T21:10:00.000Z,APAC,AU,EN,Email,Functionality,False motion alerts,Jonly Hub Plus,Android,Tier 2,Closed,478,0,1,2,-0.33
9004552,JNL004552,CU60223,2025-05-14T12:33:00.000Z,Europe,FR,DE,Email,Connectivity,Laggy live view,Jonly Floodlight Max,iOS,Tier 1,Closed,832,0,1,1,-0.5
9004553,JNL004553,CU19785,2025-06-27T07:46:00.000Z,APAC,SG,EN,Chat,Functionality,Camera offline,Jonly Cam Outdoor,iOS,Escalation,Closed,546,0,1,5,0.52
9004554,JNL004554,CU93976,2025-07-09T06:39:00.000Z,Europe,FR,EN,Community,Account,Audio one-way only,Jonly Hub Mini,Android,Tier 1,Closed,725,1,1,5,0.99
9004555,JNL004555,CU12026,2025-07-25T22:07:00.000Z,North America,CA,EN,Community,Inquiry,No motion alerts,Jonly Doorbell Pro,iOS,Tier 1,Closed,793,1,1,5,1.0
9004556,JNL004556,CU78850,2025-05-20T20:57:00.000Z,North America,US,EN,Phone,Functionality,Doorbell not ringing,Jonly Floodlight Max,iOS,Tier 1,Closed,1630,0,1,4,0.36
9004557,JNL004557,CU82059,2025-06-06T22:29:00.000Z,North America,CA,DE,Phone,Connectivity,Camera offline,Jonly Hub Plus,iOS,Tier 1,Closed,470,0,1,3,-0.57
9004558,JNL004558,CU15170,2025-05-22T19:21:00.000Z,North America,US,EN,Email,Connectivity,Camera offline,Jonly Cam Outdoor,Web,Tier 1,Closed,180,1,1,4,0.85
9004559,JNL004559,CU90293,2025-06-09T15:53:00.000Z,APAC,NZ,EN,Phone,Connectivity,Wrong item received,Jonly Cam Indoor,iOS,Tier 1,Closed,1776,0,1,2,-0.99
9004560,JNL004560,CU13036,2025-05-06T09:44:00.000Z,North America,CA,EN,Phone,Functionality,Wrong item received,Jonly Doorbell Pro,iOS,Tier 1,Closed,1621,0,1,1,-1.0
9004561,JNL004561,CU75479,2025-06-04T03:50:00.000Z,APAC,AU,EN,Web Form,Inquiry,Subscription not applied,Jonly Doorbell Pro,Other,Tier 2,Closed,1232,1,1,5,0.5
9004562,JNL004562,CU63401,2025-07-22T09:21:00.000Z,North America,US,EN,Phone,Connectivity,Video not loading,Jonly Cam Outdoor,Android,Tier 2,Escalated,767,0,1,4,0.56
9004563,JNL004563,CU83346,2025-05-25T19:06:00.000Z,APAC,AU,EN,Phone,Inquiry,Camera offline,Jonly Cam Outdoor,iOS,Tier 1,In Progress,933,0,1,5,0.88
9004564,JNL004564,CU87676,2025-06-28T01:02:00.000Z,North America,CA,EN,Web Form,Inquiry,Cannot login to app,Jonly Floodlight Max,Android,Tier 1,Closed,1122,0,1,5,0.63
9004565,JNL004565,CU30309,2025-06-18T15:57:00.000Z,Europe,FR,EN,Email,Functionality,Poor night vision,Jonly Hub Mini,iOS,Tier 2,Closed,180,0,1,1,-1.0
9004566,JNL004566,CU57207,2025-06-20T19:24:00.000Z,North America,CA,NL,Web Form,Account,Wrong item received,Jonly Cam Outdoor,iOS,Tier 1,Closed,1027,0,1,5,1.0
9004567,JNL004567,CU77828,2025-05-05T07:38:00.000Z,North America,CA,EN,Chat,Billing,Laggy live view,Jonly Cam Outdoor,Android,Tier 2,In Progress,1385,1,0,4,0.39
9004568,JNL004568,CU88545,2025-06-10T02:22:00.000Z,North America,CA,FR,Web Form,Account,Device will not pair,Jonly Hub Plus,Web,Tier 1,Closed,463,0,1,2,-0.64
9004569,JNL004569,CU15116,2025-05-17T14:47:00.000Z,Europe,NL,EN,Web Form,Billing,Charged twice,Jonly Floodlight Max,iOS,Tier 1,Escalated,790,3,1,5,0.71
9004570,JNL004570,CU68144,2025-07-16T13:29:00.000Z,Europe,NL,EN,Phone,Inquiry,Two-factor issues,Jonly Hub Mini,iOS,Tier 1,In Progress,688,0,1,4,0.42
9004571,JNL004571,CU14555,2025-06-28T15:05:00.000Z,APAC,SG,DE,Phone,Inquiry,Cannot login to app,Jonly Hub Mini,Other,Tier 1,Closed,1601,0,1,4,0.14
9004572,JNL004572,CU85508,2025-05-03T14:17:00.000Z,APAC,SG,EN,Chat,Setup,Video not loading,Jonly Cam Indoor,Android,Tier 2,Closed,800,0,1,5,1.0
9004573,JNL004573,CU60728,2025-06-14T22:45:00.000Z,APAC,SG,EN,Chat,Setup,Cannot login to app,Jonly Cam Indoor,Android,Escalation,Closed,1281,1,0,5,1.0
9004574,JNL004574,CU69586,2025-07-12T09:23:00.000Z,Europe,FR,EN,Phone,Account,Order not delivered,Jonly Secure Subscription,Android,Tier 1,Closed,729,0,1,3,-0.5
9004575,JNL004575,CU86964,2025-07-25T02:54:00.000Z,North America,CA,EN,Chat,Billing,Cannot login to app,Jonly Floodlight Max,Android,Tier 1,Closed,478,3,1,3,0.36
9004576,JNL004576,CU67406,2025-06-22T09:51:00.000Z,Europe,FR,EN,Phone,Inquiry,No motion alerts,Jonly Cam Indoor,iOS,Tier 1,Closed,1823,1,1,2,-0.09
9004577,JNL004577,CU34767,2025-07-03T02:47:00.000Z,North America,US,EN,Phone,Billing,Two-factor issues,Jonly Doorbell Pro,iOS,Tier 1,Closed,180,0,1,2,-0.43
9004578,JNL004578,CU97201,2025-05-21T21:13:00.000Z,Europe,GB,EN,Phone,Connectivity,Two-factor issues,Jonly Cam Indoor,Android,Escalation,Closed,1793,1,1,2,-0.63
9004579,JNL004579,CU58300,2025-07-18T03:21:00.000Z,Europe,NL,FR,Phone,Inquiry,Charged twice,Jonly Hub Mini,iOS,Tier 2,Closed,1344,0,1,4,0.89
9004580,JNL004580,CU20754,2025-05-20T14:53:00.000Z,North America,CA,EN,Web Form,Billing,Device will not pair,Jonly Floodlight Max,Android,Tier 2,Closed,253,1,1,3,-0.45
9004581,JNL004581,CU45646,2025-07-31T14:17:00.000Z,Europe,NL,EN,Chat,Inquiry,Order not delivered,Jonly Hub Mini,Android,Tier 2,Closed,756,0,1,3,0.01
9004582,JNL004582,CU81403,2025-06-24T09:54:00.000Z,North America,US,EN,Email,Connectivity,Charged twice,Jonly Cam Outdoor,iOS,Tier 1,Escalated,969,0,1,4,0.24
9004583,JNL004583,CU15887,2025-06-12T20:51:00.000Z,North America,US,EN,Web Form,Inquiry,Wrong item received,Jonly Cam Indoor,iOS,Tier 1,Closed,612,0,1,4,1.0
9004584,JNL004584,CU90972,2025-07-25T03:48:00.000Z,North America,US,EN,Phone,Inquiry,Two-factor issues,Jonly Doorbell Pro,Android,Tier 1,Closed,623,1,1,3,-0.58
9004585,JNL004585,CU78131,2025-07-09T18:41:00.000Z,North America,US,EN,Phone,Inquiry,Doorbell not ringing,Jonly Hub Plus,Other,Tier 1,Closed,1658,0,1,5,0.86
9004586,JNL004586,CU45571,2025-06-09T00:54:00.000Z,Europe,NL,NL,Phone,Setup,Camera offline,Jonly Cam Outdoor,Web,Tier 1,Closed,1379,1,1,5,0.84
9004587,JNL004587,CU27395,2025-06-23T17:43:00.000Z,North America,US,EN,Chat,Connectivity,Video not loading,Jonly Cam Indoor,Android,Tier 1,Closed,817,1,1,3,-0.06
9004588,JNL004588,CU82278,2025-06-15T15:34:00.000Z,North America,CA,EN,Chat,Setup,Cannot login to app,Jonly Floodlight Max,Android,Tier 1,Closed,666,0,0,1,-1.0
9004589,JNL004589,CU67257,2025-05-27T23:14:00.000Z,APAC,AU,EN,Community,Functionality,Cannot login to app,Jonly Cam Indoor,Web,Tier 2,Closed,557,0,1,4,0.69
9004590,JNL004590,CU87753,2025-07-26T15:25:00.000Z,North America,CA,EN,Phone,Functionality,Two-factor issues,Jonly Doorbell Pro,Android,Tier 1,In Progress,1379,1,1,2,-0.31
9004591,JNL004591,CU95533,2025-07-13T18:30:00.000Z,Europe,GB,EN,Chat,Shipping,Charged twice,Jonly Cam Outdoor,Android,Tier 1,Closed,571,0,1,5,0.17
9004592,JNL004592,CU93784,2025-07-16T13:16:00.000Z,Europe,GB,EN,Phone,Functionality,Wrong item received,Jonly Doorbell Pro,iOS,Tier 1,Closed,936,0,1,4,0.92
9004593,JNL004593,CU73529,2025-07-19T00:48:00.000Z,North America,US,EN,Phone,Setup,No motion alerts,Jonly Floodlight Max,iOS,Tier 1,Closed,935,1,1,2,-0.58
9004594,JNL004594,CU91853,2025-05-18T22:22:00.000Z,North America,CA,DE,Chat,Functionality,Wrong item received,Jonly Floodlight Max,iOS,Tier 1,Closed,1172,2,1,4,0.13
9004595,JNL004595,CU35766,2025-06-21T02:07:00.000Z,North America,CA,DE,Web Form,Connectivity,False motion alerts,Jonly Floodlight Max,Android,Tier 1,Closed,644,0,1,2,-0.31
9004596,JNL004596,CU22356,2025-06-09T06:51:00.000Z,Europe,DE,DE,Phone,Setup,Doorbell not ringing,Jonly Hub Mini,iOS,Tier 2,Escalated,954,0,1,1,-1.0
9004597,JNL004597,CU97873,2025-06-22T09:36:00.000Z,North America,CA,FR,Phone,Inquiry,Video not loading,Jonly Secure Subscription,Other,Tier 1,Closed,429,0,1,4,0.45
9004598,JNL004598,CU64069,2025-07-06T02:52:00.000Z,North America,CA,EN,Phone,Inquiry,Poor night vision,Jonly Cam Outdoor,iOS,Tier 1,Closed,919,0,1,4,0.99
9004599,JNL004599,CU49489,2025-06-17T20:27:00.000Z,North America,CA,EN,Email,Functionality,Poor night vision,Jonly Hub Plus,Other,Tier 1,Escalated,623,1,1,5,1.0
9004600,JNL004600,CU13573,2025-05-03T06:26:00.000Z,Europe,DE,EN,Chat,Setup,Video not loading,Jonly Secure Subscription,Android,Tier 2,Closed,867,0,1,4,-0.18
9004601,JNL004601,CU36527,2025-05-09T05:13:00.000Z,APAC,AU,EN,Phone,Connectivity,Camera offline,Jonly Doorbell Pro,Android,Escalation,Closed,1448,0,1,5,1.0
9004602,JNL004602,CU39383,2025-06-27T15:33:00.000Z,North America,CA,EN,Chat,Setup,Camera offline,Jonly Hub Plus,Android,Tier 1,Closed,682,0,1,4,0.4
9004603,JNL004603,CU65937,2025-07-09T13:26:00.000Z,North America,CA,EN,Phone,Inquiry,No motion alerts,Jonly Floodlight Max,iOS,Tier 1,Closed,968,0,1,5,1.0
9004604,JNL004604,CU67403,2025-07-26T09:13:00.000Z,North America,US,EN,Chat,Setup,Wrong item received,Jonly Hub Plus,iOS,Tier 2,Closed,557,0,1,3,0.21
9004605,JNL004605,CU69567,2025-07-31T21:32:00.000Z,North America,US,EN,Phone,Billing,Two-factor issues,Jonly Doorbell Pro,Android,Tier 1,Closed,769,2,1,5,0.8
9004606,JNL004606,CU30100,2025-07-23T09:08:00.000Z,North America,CA,EN,Phone,Functionality,Poor night vision,Jonly Cam Outdoor,Other,Escalation,Closed,524,1,1,5,1.0
9004607,JNL004607,CU65986,2025-06-05T07:03:00.000Z,North America,US,EN,Chat,Shipping,Wrong item received,Jonly Floodlight Max,iOS,Tier 1,Closed,1723,0,1,5,0.52
9004608,JNL004608,CU17905,2025-06-05T10:44:00.000Z,North America,US,EN,Web Form,Setup,Doorbell not ringing,Jonly Cam Outdoor,Other,Tier 1,In Progress,763,0,1,4,0.47
9004609,JNL004609,CU98369,2025-07-16T13:02:00.000Z,APAC,NZ,NL,Chat,Shipping,Poor night vision,Jonly Hub Plus,iOS,Escalation,Closed,789,1,0,5,0.86
9004610,JNL004610,CU92282,2025-05-08T09:47:00.000Z,North America,CA,EN,Chat,Account,Device will not pair,Jonly Secure Subscription,Android,Tier 1,In Progress,639,0,1,5,1.0
9004611,JNL004611,CU82305,2025-05-08T07:18:00.000Z,North America,CA,DE,Phone,Connectivity,Subscription not applied,Jonly Hub Plus,Web,Tier 1,Closed,1562,0,1,3,-0.2
9004612,JNL004612,CU68011,2025-05-22T06:56:00.000Z,Europe,NL,EN,Phone,Connectivity,Poor night vision,Jonly Hub Mini,iOS,Tier 1,Closed,968,1,1,5,1.0
9004613,JNL004613,CU29009,2025-05-13T19:42:00.000Z,Europe,NL,FR,Chat,Inquiry,No motion alerts,Jonly Hub Mini,iOS,Escalation,Closed,1096,0,1,4,0.19
9004614,JNL004614,CU97627,2025-07-08T10:21:00.000Z,Europe,GB,EN,Chat,Connectivity,False motion alerts,Jonly Hub Plus,Android,Tier 1,Closed,1570,0,1,3,-0.08
9004615,JNL004615,CU47865,2025-05-19T02:11:00.000Z,Europe,FR,DE,Phone,Billing,Order not delivered,Jonly Cam Indoor,Other,Tier 1,Closed,1147,0,0,5,1.0
9004616,JNL004616,CU96109,2025-07-02T14:55:00.000Z,North America,US,NL,Community,Shipping,Subscription not applied,Jonly Floodlight Max,Other,Tier 1,Closed,714,0,0,3,0.07
9004617,JNL004617,CU80668,2025-07-19T09:19:00.000Z,Europe,DE,EN,Phone,Connectivity,No motion alerts,Jonly Cam Indoor,iOS,Tier 1,Escalated,1038,0,1,4,-0.32
9004618,JNL004618,CU93615,2025-06-27T07:52:00.000Z,North America,CA,EN,Chat,Functionality,Wrong item received,Jonly Cam Indoor,Android,Tier 1,Closed,821,0,1,5,1.0
9004619,JNL004619,CU93531,2025-07-11T03:47:00.000Z,North America,CA,FR,Chat,Functionality,Subscription not applied,Jonly Secure Subscription,iOS,Tier 1,Closed,200,1,1,4,0.66
9004620,JNL004620,CU82998,2025-07-21T16:21:00.000Z,North America,US,EN,Phone,Inquiry,Charged twice,Jonly Doorbell Pro,iOS,Tier 2,Escalated,1555,0,1,4,0.55
9004621,JNL004621,CU70969,2025-05-28T14:16:00.000Z,APAC,SG,FR,Phone,Inquiry,Video not loading,Jonly Cam Indoor,iOS,Escalation,In Progress,1179,1,1,4,0.61
9004622,JNL004622,CU54036,2025-06-24T10:11:00.000Z,North America,CA,EN,Email,Inquiry,Laggy live view,Jonly Secure Subscription,Android,Tier 1,Closed,726,0,1,5,1.0
9004623,JNL004623,CU79562,2025-07-09T20:19:00.000Z,Europe,GB,DE,Chat,Functionality,Order not delivered,Jonly Secure Subscription,iOS,Tier 1,Closed,1275,1,1,4,0.32
9004624,JNL004624,CU28386,2025-05-10T07:47:00.000Z,North America,CA,EN,Phone,Connectivity,Camera offline,Jonly Floodlight Max,Android,Escalation,Escalated,841,1,1,4,0.5
9004625,JNL004625,CU59353,2025-07-11T01:07:00.000Z,North America,US,EN,Email,Inquiry,Poor night vision,Jonly Secure Subscription,iOS,Tier 1,In Progress,756,1,1,4,0.4
9004626,JNL004626,CU19345,2025-05-19T02:41:00.000Z,North America,US,EN,Phone,Inquiry,Charged twice,Jonly Cam Outdoor,Android,Tier 1,Closed,1224,0,1,5,1.0
9004627,JNL004627,CU58121,2025-06-15T09:53:00.000Z,North America,US,FR,Chat,Functionality,Doorbell not ringing,Jonly Cam Outdoor,Android,Escalation,Closed,939,0,1,3,0.04
9004628,JNL004628,CU68394,2025-07-09T23:44:00.000Z,North America,CA,EN,Community,Inquiry,Video not loading,Jonly Doorbell Pro,iOS,Tier 1,Closed,914,1,1,4,0.32
9004629,JNL004629,CU79773,2025-07-12T09:20:00.000Z,North America,CA,DE,Phone,Functionality,No motion alerts,Jonly Cam Indoor,iOS,Tier 1,Closed,931,1,1,4,0.77
9004630,JNL004630,CU34128,2025-06-28T04:01:00.000Z,APAC,NZ,DE,Community,Billing,False motion alerts,Jonly Hub Mini,Android,Tier 1,Closed,204,2,1,4,0.22
9004631,JNL004631,CU95399,2025-05-08T03:59:00.000Z,Europe,GB,EN,Community,Inquiry,Audio one-way only,Jonly Hub Mini,Android,Tier 1,Closed,516,1,1,4,1.0
9004632,JNL004632,CU20981,2025-07-17T01:47:00.000Z,North America,CA,FR,Phone,Inquiry,Two-factor issues,Jonly Doorbell Pro,Android,Tier 2,In Progress,1012,1,1,5,0.9
9004633,JNL004633,CU94848,2025-05-25T15:23:00.000Z,North America,CA,EN,Chat,Inquiry,Audio one-way only,Jonly Cam Outdoor,iOS,Tier 1,Closed,1223,0,1,4,0.69
9004634,JNL004634,CU52854,2025-07-30T02:38:00.000Z,Europe,NL,EN,Community,Account,Order not delivered,Jonly Hub Plus,iOS,Tier 1,Closed,660,1,1,2,-1.0
9004635,JNL004635,CU95085,2025-06-29T07:10:00.000Z,Europe,GB,EN,Phone,Billing,Order not delivered,Jonly Cam Indoor,Web,Tier 1,Closed,515,1,0,4,0.49
9004636,JNL004636,CU92348,2025-06-09T02:27:00.000Z,North America,CA,EN,Email,Functionality,Audio one-way only,Jonly Doorbell Pro,iOS,Tier 2,Closed,370,1,1,4,0.96
9004637,JNL004637,CU56502,2025-05-23T14:53:00.000Z,North America,CA,EN,Email,Billing,Poor night vision,Jonly Doorbell Pro,iOS,Tier 2,Closed,180,0,1,4,0.08
9004638,JNL004638,CU24621,2025-07-08T13:52:00.000Z,APAC,NZ,FR,Community,Functionality,No motion alerts,Jonly Floodlight Max,iOS,Tier 1,Escalated,1014,2,1,5,0.64
9004639,JNL004639,CU91463,2025-06-07T14:10:00.000Z,North America,CA,EN,Web Form,Inquiry,Camera offline,Jonly Cam Outdoor,Android,Tier 2,Closed,718,0,1,4,0.69
9004640,JNL004640,CU39013,2025-06-07T01:20:00.000Z,North America,US,DE,Chat,Connectivity,Subscription not applied,Jonly Floodlight Max,Web,Tier 1,Closed,734,1,1,4,0.44
9004641,JNL004641,CU17457,2025-05-04T19:49:00.000Z,North America,CA,DE,Web Form,Shipping,Audio one-way only,Jonly Doorbell Pro,iOS,Tier 1,Closed,733,1,1,3,-0.18
9004642,JNL004642,CU17562,2025-07-20T11:38:00.000Z,North America,CA,EN,Email,Inquiry,No motion alerts,Jonly Floodlight Max,Web,Tier 2,Closed,922,0,1,4,0.27
9004643,JNL004643,CU51791,2025-06-05T13:01:00.000Z,Europe,GB,EN,Web Form,Billing,Order not delivered,Jonly Cam Outdoor,iOS,Tier 1,Closed,635,0,1,5,1.0
9004644,JNL004644,CU95995,2025-06-02T19:50:00.000Z,Europe,FR,EN,Phone,Billing,Subscription not applied,Jonly Cam Indoor,iOS,Tier 1,Closed,948,0,1,3,-0.24
9004645,JNL004645,CU89195,2025-05-11T12:21:00.000Z,North America,US,EN,Phone,Inquiry,Cannot login to app,Jonly Secure Subscription,Web,Tier 2,Closed,1484,0,1,4,0.93
9004646,JNL004646,CU89159,2025-06-23T00:36:00.000Z,North America,CA,EN,Chat,Setup,Audio one-way only,Jonly Cam Indoor,Android,Tier 1,Closed,1176,0,1,4,0.59
9004647,JNL004647,CU13064,2025-05-16T12:13:00.000Z,North America,US,EN,Phone,Functionality,Poor night vision,Jonly Cam Outdoor,iOS,Escalation,Closed,1153,0,1,4,1.0
9004648,JNL004648,CU92682,2025-05-29T10:46:00.000Z,Europe,NL,EN,Web Form,Functionality,Order not delivered,Jonly Hub Plus,Other,Tier 1,Closed,506,0,1,5,0.46
9004649,JNL004649,CU14849,2025-05-13T15:08:00.000Z,Europe,FR,EN,Phone,Inquiry,Device will not pair,Jonly Cam Outdoor,Other,Tier 1,Closed,876,1,1,5,1.0
9004650,JNL004650,CU14181,2025-07-01T13:29:00.000Z,APAC,SG,EN,Phone,Setup,Laggy live view,Jonly Floodlight Max,Android,Tier 1,Closed,914,1,1,3,-0.32
9004651,JNL004651,CU80774,2025-05-08T04:37:00.000Z,Europe,GB,EN,Chat,Inquiry,Audio one-way only,Jonly Doorbell Pro,Web,Tier 1,Closed,1336,0,1,4,0.27
9004652,JNL004652,CU77923,2025-06-02T23:54:00.000Z,APAC,SG,EN,Chat,Connectivity,Video not loading,Jonly Hub Plus,Android,Tier 1,In Progress,1236,0,0,3,0.32
9004653,JNL004653,CU35805,2025-06-09T04:59:00.000Z,North America,US,EN,Chat,Connectivity,Doorbell not ringing,Jonly Doorbell Pro,Web,Escalation,Closed,738,0,1,5,1.0
9004654,JNL004654,CU44982,2025-05-19T09:40:00.000Z,North America,CA,EN,Web Form,Connectivity,Device will not pair,Jonly Doorbell Pro,iOS,Escalation,Closed,545,0,1,4,0.98
9004655,JNL004655,CU28173,2025-06-18T16:45:00.000Z,North America,CA,FR,Phone,Inquiry,Video not loading,Jonly Hub Mini,iOS,Tier 1,Closed,1704,0,1,3,0.69
9004656,JNL004656,CU29421,2025-06-13T02:19:00.000Z,North America,CA,EN,Web Form,Inquiry,Wrong item received,Jonly Doorbell Pro,Web,Tier 1,Escalated,599,1,1,5,0.87
9004657,JNL004657,CU84875,2025-07-11T03:39:00.000Z,North America,US,EN,Chat,Functionality,Order not delivered,Jonly Hub Mini,Web,Escalation,Closed,1013,0,1,5,0.44
9004658,JNL004658,CU58019,2025-06-03T15:41:00.000Z,North America,CA,NL,Community,Connectivity,Doorbell not ringing,Jonly Secure Subscription,iOS,Tier 2,Closed,504,0,1,4,0.95
9004659,JNL004659,CU49941,2025-05-31T16:58:00.000Z,North America,US,EN,Email,Functionality,Wrong item received,Jonly Secure Subscription,Android,Escalation,Closed,830,0,1,5,0.8
9004660,JNL004660,CU60151,2025-06-23T08:54:00.000Z,North America,CA,EN,Email,Billing,Audio one-way only,Jonly Floodlight Max,Android,Tier 1,Closed,820,1,1,2,-0.58
9004661,JNL004661,CU69080,2025-06-21T13:30:00.000Z,North America,CA,EN,Community,Setup,Device will not pair,Jonly Cam Indoor,iOS,Tier 2,Closed,731,1,0,1,-0.36
9004662,JNL004662,CU80303,2025-07-29T22:32:00.000Z,Europe,FR,DE,Phone,Setup,No motion alerts,Jonly Doorbell Pro,Web,Tier 2,In Progress,527,0,1,1,-0.82
9004663,JNL004663,CU69943,2025-05-17T17:23:00.000Z,North America,US,EN,Phone,Account,No motion alerts,Jonly Doorbell Pro,Android,Tier 1,Closed,1222,0,1,5,1.0
9004664,JNL004664,CU17799,2025-05-13T08:22:00.000Z,Europe,DE,EN,Email,Inquiry,Video not loading,Jonly Cam Indoor,iOS,Tier 1,Closed,866,0,1,3,0.03
9004665,JNL004665,CU17864,2025-07-20T17:29:00.000Z,North America,CA,EN,Chat,Inquiry,Subscription not applied,Jonly Secure Subscription,Android,Tier 1,Closed,1534,0,1,5,0.52
9004666,JNL004666,CU89860,2025-07-17T02:48:00.000Z,Europe,DE,FR,Phone,Account,Audio one-way only,Jonly Hub Plus,Android,Tier 2,Closed,1980,0,1,5,1.0
9004667,JNL004667,CU45775,2025-07-11T10:04:00.000Z,North America,US,NL,Phone,Connectivity,Doorbell not ringing,Jonly Secure Subscription,Web,Escalation,Closed,1536,0,1,4,1.0
9004668,JNL004668,CU91124,2025-07-07T05:53:00.000Z,Europe,GB,NL,Community,Setup,Charged twice,Jonly Doorbell Pro,iOS,Tier 1,Closed,844,1,1,3,-0.31
9004669,JNL004669,CU45013,2025-05-26T07:35:00.000Z,North America,CA,DE,Chat,Billing,No motion alerts,Jonly Hub Plus,Web,Tier 1,Closed,890,1,1,5,1.0
9004670,JNL004670,CU42103,2025-07-20T22:00:00.000Z,Europe,DE,EN,Email,Shipping,False motion alerts,Jonly Cam Outdoor,Android,Tier 1,Closed,429,0,1,3,-0.46
9004671,JNL004671,CU25410,2025-07-06T22:38:00.000Z,North America,US,EN,Phone,Billing,Charged twice,Jonly Hub Plus,iOS,Tier 1,Closed,1953,0,1,4,0.5
9004672,JNL004672,CU62359,2025-06-09T01:18:00.000Z,APAC,AU,EN,Web Form,Billing,Charged twice,Jonly Floodlight Max,iOS,Tier 1,Closed,1129,0,0,3,0.32
9004673,JNL004673,CU20472,2025-05-13T19:20:00.000Z,North America,CA,EN,Phone,Billing,Subscription not applied,Jonly Cam Indoor,Android,Tier 1,Closed,771,0,1,3,-0.74
9004674,JNL004674,CU60793,2025-05-16T04:42:00.000Z,Europe,DE,EN,Email,Inquiry,Doorbell not ringing,Jonly Floodlight Max,Android,Tier 1,Closed,505,0,1,3,-0.17
9004675,JNL004675,CU76775,2025-06-08T12:51:00.000Z,Europe,FR,EN,Email,Connectivity,False motion alerts,Jonly Doorbell Pro,iOS,Tier 1,Closed,656,1,1,5,1.0
9004676,JNL004676,CU61852,2025-07-04T18:42:00.000Z,Europe,DE,EN,Email,Functionality,Video not loading,Jonly Hub Plus,Web,Tier 1,Escalated,713,0,1,5,0.5
9004677,JNL004677,CU95469,2025-05-04T00:03:00.000Z,North America,US,NL,Phone,Inquiry,Laggy live view,Jonly Secure Subscription,iOS,Tier 1,Closed,1467,0,1,5,0.91
9004678,JNL004678,CU45470,2025-07-11T05:46:00.000Z,Europe,DE,EN,Phone,Account,Camera offline,Jonly Cam Indoor,iOS,Tier 1,Closed,812,0,1,5,1.0
9004679,JNL004679,CU32120,2025-05-21T17:45:00.000Z,North America,CA,EN,Web Form,Functionality,Poor night vision,Jonly Cam Indoor,iOS,Tier 1,Closed,1356,0,1,4,0.37
9004680,JNL004680,CU49980,2025-07-28T17:32:00.000Z,North America,US,DE,Phone,Shipping,Wrong item received,Jonly Cam Outdoor,iOS,Tier 2,Closed,449,1,0,2,-0.17
9004681,JNL004681,CU28590,2025-05-25T03:53:00.000Z,North America,US,EN,Phone,Functionality,Wrong item received,Jonly Cam Indoor,iOS,Tier 1,Closed,180,0,1,3,-0.29
9004682,JNL004682,CU70485,2025-05-15T11:00:00.000Z,Europe,DE,FR,Phone,Shipping,Order not delivered,Jonly Doorbell Pro,Web,Tier 2,Closed,1738,0,1,3,-0.22
9004683,JNL004683,CU54013,2025-05-17T03:15:00.000Z,Europe,GB,EN,Phone,Shipping,Subscription not applied,Jonly Hub Plus,iOS,Tier 1,In Progress,1135,1,1,3,0.18
9004684,JNL004684,CU80316,2025-06-19T15:50:00.000Z,North America,CA,EN,Phone,Billing,False motion alerts,Jonly Secure Subscription,Android,Tier 2,In Progress,1544,0,0,4,0.69
9004685,JNL004685,CU66085,2025-05-05T14:47:00.000Z,North America,US,FR,Email,Connectivity,Two-factor issues,Jonly Floodlight Max,iOS,Tier 2,Closed,1385,0,1,4,0.5
9004686,JNL004686,CU96783,2025-05-23T20:46:00.000Z,Europe,NL,DE,Chat,Inquiry,No motion alerts,Jonly Cam Indoor,iOS,Tier 2,Closed,1214,0,1,4,0.59
9004687,JNL004687,CU93759,2025-05-17T10:58:00.000Z,Europe,DE,EN,Phone,Shipping,Charged twice,Jonly Doorbell Pro,iOS,Tier 1,Closed,738,1,1,5,1.0
9004688,JNL004688,CU86386,2025-07-05T22:38:00.000Z,North America,CA,EN,Chat,Inquiry,Two-factor issues,Jonly Floodlight Max,Android,Tier 1,Closed,1121,0,1,4,0.28
9004689,JNL004689,CU98031,2025-05-08T04:06:00.000Z,North America,US,EN,Phone,Connectivity,Video not loading,Jonly Cam Indoor,Android,Tier 1,Closed,1744,0,1,4,0.85
9004690,JNL004690,CU86914,2025-07-03T13:14:00.000Z,North America,CA,DE,Web Form,Account,Video not loading,Jonly Floodlight Max,Web,Tier 1,Closed,631,0,1,4,1.0
9004691,JNL004691,CU99694,2025-05-08T00:26:00.000Z,North America,CA,EN,Phone,Inquiry,Two-factor issues,Jonly Secure Subscription,Web,Tier 1,Escalated,689,1,1,5,0.89
9004692,JNL004692,CU29215,2025-07-19T21:24:00.000Z,APAC,SG,EN,Phone,Connectivity,Device will not pair,Jonly Cam Indoor,Web,Tier 1,Closed,1077,0,1,1,-1.0
9004693,JNL004693,CU69661,2025-05-12T02:23:00.000Z,North America,CA,FR,Phone,Functionality,Two-factor issues,Jonly Hub Mini,Android,Tier 1,Closed,737,0,1,5,1.0
9004694,JNL004694,CU92858,2025-06-21T16:06:00.000Z,Europe,GB,EN,Email,Inquiry,Video not loading,Jonly Secure Subscription,iOS,Tier 1,Closed,920,0,1,4,1.0
9004695,JNL004695,CU39309,2025-05-25T17:09:00.000Z,APAC,NZ,NL,Phone,Connectivity,Audio one-way only,Jonly Hub Mini,iOS,Escalation,Closed,1138,2,1,3,0.41
9004696,JNL004696,CU22001,2025-07-26T11:36:00.000Z,North America,CA,DE,Phone,Account,Camera offline,Jonly Cam Indoor,Android,Tier 2,In Progress,965,0,1,4,-0.06
9004697,JNL004697,CU97865,2025-07-31T08:08:00.000Z,APAC,SG,EN,Web Form,Functionality,Video not loading,Jonly Hub Plus,Android,Tier 2,In Progress,929,0,1,4,0.7
9004698,JNL004698,CU19284,2025-07-02T19:03:00.000Z,North America,US,EN,Phone,Account,No motion alerts,Jonly Floodlight Max,iOS,Tier 2,Closed,1046,0,1,4,0.46
9004699,JNL004699,CU36402,2025-06-11T06:16:00.000Z,North America,CA,EN,Email,Setup,Audio one-way only,Jonly Doorbell Pro,iOS,Tier 2,Closed,850,2,1,4,0.77
9004700,JNL004700,CU76568,2025-07-03T04:21:00.000Z,Europe,GB,FR,Phone,Inquiry,Device will not pair,Jonly Floodlight Max,Android,Tier 1,Closed,626,0,1,3,-0.71
9004701,JNL004701,CU44127,2025-07-13T14:55:00.000Z,Europe,NL,FR,Chat,Inquiry,Video not loading,Jonly Cam Indoor,Web,Tier 1,Closed,1442,1,1,5,1.0
9004702,JNL004702,CU84549,2025-06-24T06:43:00.000Z,Europe,FR,EN,Phone,Connectivity,Wrong item received,Jonly Cam Indoor,iOS,Tier 1,Closed,757,0,1,2,-0.16
9004703,JNL004703,CU26561,2025-07-31T08:55:00.000Z,North America,US,EN,Phone,Inquiry,Doorbell not ringing,Jonly Hub Plus,iOS,Tier 1,Closed,820,1,1,5,0.91
9004704,JNL004704,CU21788,2025-05-10T03:24:00.000Z,North America,US,EN,Phone,Functionality,Laggy live view,Jonly Cam Outdoor,Android,Escalation,In Progress,1239,1,1,5,1.0
9004705,JNL004705,CU87374,2025-07-01T20:45:00.000Z,North America,CA,EN,Phone,Setup,Poor night vision,Jonly Cam Outdoor,Other,Tier 2,Closed,316,3,1,3,-0.4
9004706,JNL004706,CU16471,2025-07-20T15:35:00.000Z,Europe,FR,EN,Chat,Billing,Video not loading,Jonly Hub Mini,iOS,Tier 1,Closed,712,3,1,3,0.66
9004707,JNL004707,CU79423,2025-06-12T11:28:00.000Z,North America,US,EN,Web Form,Inquiry,Device will not pair,Jonly Cam Outdoor,Web,Tier 2,Closed,333,0,1,4,0.57
9004708,JNL004708,CU96784,2025-07-22T12:42:00.000Z,APAC,SG,EN,Chat,Setup,Poor night vision,Jonly Doorbell Pro,iOS,Tier 1,Closed,874,2,1,2,-1.0
9004709,JNL004709,CU29750,2025-06-13T13:47:00.000Z,Europe,GB,EN,Chat,Billing,Poor night vision,Jonly Secure Subscription,Other,Tier 1,Closed,712,2,1,2,-0.79
9004710,JNL004710,CU79518,2025-05-24T09:47:00.000Z,APAC,NZ,EN,Community,Connectivity,Subscription not applied,Jonly Hub Plus,Web,Escalation,Closed,472,1,1,5,1.0
9004711,JNL004711,CU91013,2025-07-24T14:04:00.000Z,North America,US,FR,Community,Billing,Order not delivered,Jonly Hub Mini,iOS,Tier 1,Closed,1299,0,1,3,0.49
9004712,JNL004712,CU82074,2025-06-12T15:46:00.000Z,Europe,DE,DE,Email,Functionality,Wrong item received,Jonly Floodlight Max,Android,Tier 1,Closed,826,1,1,5,1.0
9004713,JNL004713,CU80660,2025-06-16T22:19:00.000Z,North America,US,EN,Email,Inquiry,False motion alerts,Jonly Cam Outdoor,Web,Tier 1,Closed,1424,1,1,5,0.87
9004714,JNL004714,CU95072,2025-06-22T18:57:00.000Z,Europe,DE,EN,Chat,Connectivity,Wrong item received,Jonly Cam Indoor,Web,Tier 1,Closed,940,0,1,4,0.32
9004715,JNL004715,CU59926,2025-05-23T11:44:00.000Z,North America,CA,EN,Phone,Connectivity,Poor night vision,Jonly Hub Mini,Android,Tier 1,Closed,603,0,1,4,0.79
9004716,JNL004716,CU61687,2025-06-13T02:29:00.000Z,Europe,GB,EN,Web Form,Billing,No motion alerts,Jonly Hub Plus,Web,Tier 2,In Progress,562,0,1,1,-0.77
9004717,JNL004717,CU32527,2025-06-15T22:06:00.000Z,North America,US,DE,Web Form,Functionality,Video not loading,Jonly Cam Indoor,iOS,Tier 1,Closed,857,0,1,4,0.53
9004718,JNL004718,CU94539,2025-07-14T05:54:00.000Z,Europe,GB,EN,Phone,Account,Subscription not applied,Jonly Floodlight Max,iOS,Tier 2,Closed,1434,0,1,4,-0.47
9004719,JNL004719,CU57623,2025-07-22T20:12:00.000Z,Europe,GB,EN,Email,Inquiry,Device will not pair,Jonly Secure Subscription,iOS,Tier 1,Closed,655,2,1,4,-0.18
9004720,JNL004720,CU86526,2025-07-13T22:44:00.000Z,North America,CA,FR,Phone,Inquiry,Laggy live view,Jonly Cam Indoor,iOS,Tier 2,Closed,1550,0,1,5,0.63
9004721,JNL004721,CU43970,2025-05-20T13:16:00.000Z,North America,CA,EN,Phone,Account,Device will not pair,Jonly Floodlight Max,Web,Escalation,Escalated,1065,1,1,4,0.95
9004722,JNL004722,CU59885,2025-06-25T02:39:00.000Z,Europe,NL,EN,Phone,Setup,Cannot login to app,Jonly Secure Subscription,Android,Tier 1,Closed,840,0,1,4,1.0
9004723,JNL004723,CU69647,2025-07-10T02:35:00.000Z,North America,US,FR,Chat,Connectivity,No motion alerts,Jonly Secure Subscription,Other,Tier 1,Closed,1226,0,1,5,0.86
9004724,JNL004724,CU56690,2025-07-17T13:25:00.000Z,North America,CA,EN,Phone,Inquiry,Wrong item received,Jonly Cam Outdoor,iOS,Tier 1,Closed,1222,0,0,3,-0.3
9004725,JNL004725,CU80282,2025-06-14T22:54:00.000Z,North America,CA,DE,Email,Connectivity,Poor night vision,Jonly Doorbell Pro,iOS,Tier 2,Closed,679,0,1,4,0.87
9004726,JNL004726,CU68992,2025-07-14T08:40:00.000Z,Europe,GB,DE,Email,Inquiry,Camera offline,Jonly Cam Outdoor,iOS,Tier 1,Closed,1198,1,0,5,0.78
9004727,JNL004727,CU58899,2025-06-17T02:42:00.000Z,North America,US,EN,Email,Inquiry,Audio one-way only,Jonly Doorbell Pro,Web,Tier 1,Closed,612,0,0,5,1.0
9004728,JNL004728,CU81878,2025-05-09T17:40:00.000Z,Europe,FR,EN,Phone,Account,Audio one-way only,Jonly Cam Outdoor,Other,Tier 1,In Progress,1434,0,1,4,0.6
9004729,JNL004729,CU93603,2025-06-15T19:54:00.000Z,North America,CA,DE,Chat,Shipping,Wrong item received,Jonly Hub Plus,Web,Tier 2,Closed,1065,1,1,3,-0.39
9004730,JNL004730,CU37718,2025-06-24T21:13:00.000Z,North America,CA,DE,Chat,Inquiry,No motion alerts,Jonly Cam Outdoor,iOS,Tier 1,Closed,505,0,1,4,0.59
9004731,JNL004731,CU79971,2025-06-14T07:44:00.000Z,Europe,FR,DE,Chat,Connectivity,Cannot login to app,Jonly Cam Outdoor,iOS,Tier 1,Closed,1254,1,1,4,0.33
9004732,JNL004732,CU20340,2025-07-03T17:13:00.000Z,North America,US,DE,Email,Inquiry,Two-factor issues,Jonly Doorbell Pro,iOS,Escalation,Closed,981,0,1,3,0.0
9004733,JNL004733,CU82020,2025-06-15T07:22:00.000Z,Europe,NL,EN,Phone,Connectivity,Charged twice,Jonly Cam Indoor,Other,Tier 1,Closed,698,1,1,1,-0.95
9004734,JNL004734,CU81420,2025-05-06T10:30:00.000Z,Europe,NL,EN,Phone,Inquiry,Charged twice,Jonly Doorbell Pro,iOS,Tier 1,Closed,2247,0,1,4,0.32
9004735,JNL004735,CU54069,2025-07-23T22:18:00.000Z,APAC,SG,EN,Email,Functionality,Doorbell not ringing,Jonly Cam Outdoor,Other,Tier 2,Closed,507,1,1,5,1.0
9004736,JNL004736,CU20958,2025-07-13T13:28:00.000Z,Europe,GB,EN,Phone,Connectivity,Order not delivered,Jonly Cam Outdoor,Other,Tier 2,Closed,1056,1,1,4,0.78
9004737,JNL004737,CU68892,2025-06-20T16:49:00.000Z,North America,CA,EN,Web Form,Connectivity,Wrong item received,Jonly Cam Outdoor,Android,Tier 1,Escalated,1211,0,1,4,0.11
9004738,JNL004738,CU77970,2025-05-27T04:56:00.000Z,North America,US,EN,Chat,Connectivity,Order not delivered,Jonly Doorbell Pro,Android,Tier 2,Closed,1238,2,1,5,0.77
9004739,JNL004739,CU73458,2025-06-17T08:18:00.000Z,North America,US,EN,Email,Connectivity,False motion alerts,Jonly Hub Mini,iOS,Tier 1,Closed,363,0,1,3,-0.77
9004740,JNL004740,CU88157,2025-07-16T18:30:00.000Z,Europe,GB,EN,Chat,Functionality,Subscription not applied,Jonly Secure Subscription,Web,Tier 1,Closed,1641,0,1,5,0.62
9004741,JNL004741,CU17141,2025-06-22T02:58:00.000Z,APAC,AU,EN,Phone,Shipping,Poor night vision,Jonly Doorbell Pro,iOS,Tier 1,Closed,1618,1,1,5,0.56
9004742,JNL004742,CU75540,2025-06-12T00:56:00.000Z,North America,US,EN,Chat,Inquiry,Laggy live view,Jonly Cam Indoor,Web,Tier 1,Closed,1087,0,1,5,0.73
9004743,JNL004743,CU24894,2025-05-07T00:42:00.000Z,Europe,NL,EN,Phone,Account,Poor night vision,Jonly Cam Indoor,Android,Tier 1,Closed,2006,1,1,4,0.49
9004744,JNL004744,CU62998,2025-07-28T19:00:00.000Z,Europe,FR,EN,Email,Connectivity,Charged twice,Jonly Cam Outdoor,Android,Tier 1,Escalated,764,0,1,2,0.3
9004745,JNL004745,CU33800,2025-07-05T09:55:00.000Z,North America,CA,DE,Phone,Functionality,Poor night vision,Jonly Doorbell Pro,Other,Tier 2,Escalated,1522,0,1,5,1.0
9004746,JNL004746,CU29500,2025-07-21T12:42:00.000Z,Europe,NL,EN,Email,Functionality,Camera offline,Jonly Cam Outdoor,Android,Tier 1,Escalated,376,0,1,4,0.65
9004747,JNL004747,CU50154,2025-05-25T10:29:00.000Z,North America,US,DE,Chat,Setup,No motion alerts,Jonly Floodlight Max,Web,Escalation,Escalated,748,1,1,4,0.4
9004748,JNL004748,CU83884,2025-06-16T08:15:00.000Z,North America,CA,EN,Phone,Inquiry,Laggy live view,Jonly Secure Subscription,Web,Tier 2,In Progress,692,0,1,4,0.6
9004749,JNL004749,CU50076,2025-07-16T00:19:00.000Z,North America,CA,DE,Phone,Connectivity,Two-factor issues,Jonly Cam Outdoor,iOS,Escalation,Closed,1104,1,1,2,-0.84
9004750,JNL004750,CU26965,2025-06-23T02:38:00.000Z,APAC,AU,EN,Email,Billing,Order not delivered,Jonly Hub Mini,iOS,Escalation,Closed,670,0,1,4,0.86
9004751,JNL004751,CU85142,2025-05-13T22:03:00.000Z,North America,CA,EN,Chat,Inquiry,Wrong item received,Jonly Secure Subscription,Web,Tier 1,Closed,910,0,0,2,0.19
9004752,JNL004752,CU36570,2025-05-25T20:32:00.000Z,North America,CA,EN,Phone,Functionality,False motion alerts,Jonly Hub Plus,iOS,Tier 1,Closed,1252,0,1,3,-0.01
9004753,JNL004753,CU57083,2025-07-06T23:32:00.000Z,North America,US,EN,Chat,Functionality,Laggy live view,Jonly Secure Subscription,iOS,Tier 2,Closed,323,1,1,5,0.41
9004754,JNL004754,CU22828,2025-05-03T14:21:00.000Z,North America,CA,EN,Phone,Inquiry,False motion alerts,Jonly Cam Outdoor,iOS,Tier 1,Closed,1701,0,1,4,0.8
9004755,JNL004755,CU83998,2025-05-31T19:54:00.000Z,North America,CA,EN,Chat,Setup,Wrong item received,Jonly Cam Indoor,iOS,Tier 1,Escalated,1404,1,1,3,0.35
9004756,JNL004756,CU71549,2025-07-21T20:06:00.000Z,North America,CA,EN,Phone,Shipping,Cannot login to app,Jonly Secure Subscription,Android,Tier 2,Closed,1168,2,1,4,0.42
9004757,JNL004757,CU50795,2025-05-07T03:03:00.000Z,APAC,SG,EN,Chat,Inquiry,Poor night vision,Jonly Doorbell Pro,iOS,Tier 1,Closed,807,1,1,5,1.0
9004758,JNL004758,CU36723,2025-07-27T02:30:00.000Z,Europe,GB,DE,Web Form,Connectivity,Laggy live view,Jonly Floodlight Max,Web,Tier 1,Closed,921,1,1,4,0.44
9004759,JNL004759,CU46560,2025-07-08T21:09:00.000Z,APAC,AU,EN,Phone,Connectivity,Audio one-way only,Jonly Hub Mini,Android,Tier 1,Escalated,733,1,1,3,-0.26
9004760,JNL004760,CU44131,2025-05-05T22:10:00.000Z,North America,US,EN,Chat,Setup,Charged twice,Jonly Doorbell Pro,Web,Tier 1,Closed,1215,1,1,3,-0.57
9004761,JNL004761,CU24659,2025-05-15T09:20:00.000Z,North America,CA,EN,Phone,Connectivity,Video not loading,Jonly Floodlight Max,Android,Tier 1,Closed,1197,0,1,2,-0.06
9004762,JNL004762,CU30814,2025-06-26T15:21:00.000Z,North America,US,EN,Phone,Connectivity,Subscription not applied,Jonly Cam Outdoor,Android,Tier 1,Closed,1056,2,1,3,-0.84
9004763,JNL004763,CU18113,2025-06-27T08:50:00.000Z,North America,US,EN,Phone,Billing,No motion alerts,Jonly Cam Outdoor,Android,Tier 1,Closed,1047,1,0,3,-0.63
9004764,JNL004764,CU70879,2025-05-30T04:05:00.000Z,North America,CA,DE,Phone,Inquiry,Device will not pair,Jonly Secure Subscription,iOS,Tier 1,Closed,1686,0,1,4,0.09
9004765,JNL004765,CU60763,2025-05-02T00:39:00.000Z,Europe,NL,DE,Phone,Setup,No motion alerts,Jonly Floodlight Max,iOS,Tier 2,Closed,1568,0,1,5,1.0
9004766,JNL004766,CU73407,2025-05-21T02:02:00.000Z,North America,CA,EN,Phone,Shipping,Camera offline,Jonly Secure Subscription,iOS,Tier 1,Closed,988,0,1,3,0.08
9004767,JNL004767,CU51244,2025-05-07T14:40:00.000Z,Europe,FR,FR,Chat,Inquiry,No motion alerts,Jonly Hub Plus,Web,Tier 2,Closed,1588,0,1,2,0.62
9004768,JNL004768,CU52754,2025-07-30T22:43:00.000Z,North America,US,EN,Phone,Inquiry,Wrong item received,Jonly Hub Mini,Android,Escalation,Closed,599,0,1,4,0.94
9004769,JNL004769,CU25827,2025-05-24T02:46:00.000Z,Europe,GB,EN,Chat,Functionality,Cannot login to app,Jonly Secure Subscription,iOS,Tier 1,Closed,367,0,1,2,-0.02
9004770,JNL004770,CU16041,2025-05-08T06:33:00.000Z,Europe,DE,EN,Email,Functionality,Audio one-way only,Jonly Secure Subscription,iOS,Tier 1,Closed,767,0,1,5,1.0
9004771,JNL004771,CU85252,2025-05-18T11:38:00.000Z,North America,US,NL,Phone,Inquiry,False motion alerts,Jonly Hub Plus,Android,Tier 1,Escalated,1093,0,1,3,-0.27
9004772,JNL004772,CU56997,2025-05-10T16:09:00.000Z,North America,US,EN,Chat,Setup,Poor night vision,Jonly Secure Subscription,iOS,Tier 1,In Progress,1049,0,1,4,0.49
9004773,JNL004773,CU15854,2025-07-11T17:43:00.000Z,Europe,NL,EN,Email,Setup,Camera offline,Jonly Secure Subscription,iOS,Tier 2,Closed,955,0,1,4,0.68
9004774,JNL004774,CU41954,2025-06-09T12:03:00.000Z,North America,CA,DE,Chat,Billing,Charged twice,Jonly Cam Indoor,iOS,Tier 1,Closed,1682,0,0,3,-0.52
9004775,JNL004775,CU32187,2025-06-15T04:21:00.000Z,APAC,NZ,EN,Chat,Account,False motion alerts,Jonly Doorbell Pro,Android,Escalation,Closed,543,0,1,4,0.14
9004776,JNL004776,CU21523,2025-05-07T14:10:00.000Z,North America,US,DE,Phone,Setup,No motion alerts,Jonly Doorbell Pro,Android,Tier 1,Closed,1372,1,1,4,0.35
9004777,JNL004777,CU76572,2025-06-13T15:21:00.000Z,North America,CA,EN,Chat,Account,Wrong item received,Jonly Hub Mini,Android,Tier 1,Closed,501,1,1,5,1.0
9004778,JNL004778,CU72026,2025-05-04T18:37:00.000Z,North America,CA,EN,Chat,Inquiry,Camera offline,Jonly Cam Outdoor,Web,Tier 2,Escalated,766,0,1,4,0.68
9004779,JNL004779,CU66743,2025-05-24T23:50:00.000Z,North America,CA,EN,Phone,Billing,No motion alerts,Jonly Cam Indoor,iOS,Tier 1,Escalated,1482,1,1,5,1.0
9004780,JNL004780,CU19599,2025-07-23T01:25:00.000Z,Europe,GB,EN,Email,Inquiry,Cannot login to app,Jonly Hub Mini,iOS,Tier 2,Closed,603,0,1,3,-0.09
9004781,JNL004781,CU23653,2025-05-23T18:39:00.000Z,Europe,NL,EN,Phone,Account,Charged twice,Jonly Floodlight Max,iOS,Tier 1,Closed,409,0,1,5,0.81
9004782,JNL004782,CU89166,2025-07-01T10:04:00.000Z,North America,US,EN,Email,Account,Subscription not applied,Jonly Doorbell Pro,iOS,Tier 1,Closed,865,0,1,4,-0.19
9004783,JNL004783,CU15069,2025-06-29T15:37:00.000Z,Europe,GB,EN,Phone,Account,Laggy live view,Jonly Secure Subscription,Android,Tier 1,Closed,1302,0,1,5,1.0
9004784,JNL004784,CU98550,2025-05-01T14:02:00.000Z,APAC,AU,EN,Phone,Functionality,Camera offline,Jonly Cam Indoor,iOS,Tier 1,Closed,730,1,0,4,0.51
9004785,JNL004785,CU61170,2025-06-15T11:00:00.000Z,North America,CA,DE,Chat,Functionality,No motion alerts,Jonly Cam Outdoor,Android,Tier 1,Closed,1607,3,1,5,-0.44
9004786,JNL004786,CU60104,2025-05-14T23:47:00.000Z,North America,CA,EN,Email,Setup,Audio one-way only,Jonly Hub Mini,iOS,Tier 1,In Progress,502,1,1,4,0.33
9004787,JNL004787,CU81730,2025-07-11T10:48:00.000Z,Europe,DE,DE,Phone,Shipping,Laggy live view,Jonly Hub Mini,Web,Tier 1,In Progress,1100,0,1,5,0.3
9004788,JNL004788,CU92536,2025-05-11T14:33:00.000Z,North America,US,DE,Email,Billing,Order not delivered,Jonly Hub Mini,iOS,Tier 2,Closed,790,0,1,5,1.0
9004789,JNL004789,CU41258,2025-07-04T13:11:00.000Z,North America,US,EN,Chat,Connectivity,Two-factor issues,Jonly Doorbell Pro,Android,Tier 2,Closed,611,0,0,1,-1.0
9004790,JNL004790,CU66693,2025-05-23T17:06:00.000Z,North America,US,DE,Phone,Connectivity,Order not delivered,Jonly Secure Subscription,Web,Tier 2,Closed,1080,1,1,5,0.8
9004791,JNL004791,CU16756,2025-05-29T21:30:00.000Z,North America,US,EN,Chat,Connectivity,Camera offline,Jonly Hub Mini,Android,Tier 1,Closed,698,2,1,3,0.11
9004792,JNL004792,CU78997,2025-06-28T20:14:00.000Z,North America,US,NL,Chat,Functionality,Cannot login to app,Jonly Hub Mini,Other,Tier 2,Escalated,1004,0,1,3,0.51
9004793,JNL004793,CU59313,2025-05-08T00:51:00.000Z,North America,US,EN,Phone,Inquiry,Camera offline,Jonly Cam Outdoor,Android,Tier 1,Closed,810,0,1,5,1.0
9004794,JNL004794,CU26991,2025-05-13T01:55:00.000Z,North America,US,EN,Email,Billing,Audio one-way only,Jonly Hub Plus,Android,Escalation,Closed,340,3,1,2,-0.32
9004795,JNL004795,CU73678,2025-07-02T16:20:00.000Z,North America,US,FR,Phone,Connectivity,Laggy live view,Jonly Hub Plus,iOS,Tier 1,Closed,926,0,1,3,0.48
9004796,JNL004796,CU35191,2025-06-05T22:42:00.000Z,North America,CA,EN,Phone,Inquiry,Cannot login to app,Jonly Cam Indoor,iOS,Tier 2,Closed,1605,0,0,5,1.0
9004797,JNL004797,CU41920,2025-07-12T07:19:00.000Z,North America,US,EN,Phone,Account,Cannot login to app,Jonly Cam Outdoor,Web,Tier 1,In Progress,612,0,1,3,0.6
9004798,JNL004798,CU96983,2025-06-21T23:38:00.000Z,Europe,GB,EN,Phone,Inquiry,No motion alerts,Jonly Secure Subscription,Android,Tier 1,Closed,655,1,1,5,1.0
9004799,JNL004799,CU79256,2025-05-07T13:03:00.000Z,North America,US,DE,Email,Inquiry,Audio one-way only,Jonly Secure Subscription,Android,Tier 2,Closed,755,0,1,4,0.36
9004800,JNL004800,CU67732,2025-05-16T11:22:00.000Z,North America,US,EN,Community,Shipping,Doorbell not ringing,Jonly Cam Indoor,Android,Tier 1,Escalated,963,0,1,5,1.0
9004801,JNL004801,CU33603,2025-06-15T17:50:00.000Z,Europe,NL,DE,Phone,Billing,Two-factor issues,Jonly Cam Outdoor,Android,Escalation,Closed,926,0,1,3,0.08
9004802,JNL004802,CU77277,2025-07-24T23:39:00.000Z,APAC,AU,FR,Chat,Connectivity,Doorbell not ringing,Jonly Hub Mini,iOS,Tier 1,Closed,1621,0,0,3,-0.18
9004803,JNL004803,CU23510,2025-07-17T08:32:00.000Z,Europe,DE,EN,Chat,Connectivity,Two-factor issues,Jonly Hub Plus,Web,Tier 1,Closed,1435,3,1,3,0.02
9004804,JNL004804,CU82966,2025-05-02T11:55:00.000Z,North America,CA,EN,Chat,Connectivity,Video not loading,Jonly Floodlight Max,iOS,Tier 2,Closed,1533,0,0,3,-0.47
9004805,JNL004805,CU93983,2025-05-31T21:58:00.000Z,North America,CA,EN,Phone,Functionality,Poor night vision,Jonly Floodlight Max,Other,Tier 1,Closed,1713,1,1,5,1.0
9004806,JNL004806,CU19118,2025-06-10T14:23:00.000Z,APAC,AU,FR,Phone,Inquiry,No motion alerts,Jonly Hub Plus,Android,Tier 1,Closed,965,0,0,4,-0.06
9004807,JNL004807,CU35501,2025-07-07T15:14:00.000Z,Europe,GB,EN,Phone,Inquiry,Device will not pair,Jonly Cam Outdoor,iOS,Tier 1,Closed,1019,1,1,5,1.0
9004808,JNL004808,CU13941,2025-05-28T17:12:00.000Z,Europe,GB,DE,Phone,Inquiry,Doorbell not ringing,Jonly Floodlight Max,iOS,Tier 1,Closed,661,0,1,4,0.89
9004809,JNL004809,CU19006,2025-07-27T04:45:00.000Z,Europe,FR,EN,Web Form,Billing,Laggy live view,Jonly Hub Mini,Android,Tier 2,In Progress,392,1,1,4,1.0
9004810,JNL004810,CU25386,2025-05-15T22:31:00.000Z,North America,US,NL,Phone,Connectivity,Audio one-way only,Jonly Cam Indoor,Web,Tier 1,Closed,1354,1,1,2,-0.66
9004811,JNL004811,CU19681,2025-07-20T02:51:00.000Z,APAC,NZ,EN,Phone,Functionality,Two-factor issues,Jonly Hub Plus,iOS,Tier 1,Closed,989,0,1,3,0.02
9004812,JNL004812,CU78541,2025-05-18T02:36:00.000Z,APAC,NZ,EN,Email,Functionality,Subscription not applied,Jonly Cam Outdoor,iOS,Tier 2,Closed,1133,0,1,5,0.74
9004813,JNL004813,CU92309,2025-05-31T00:44:00.000Z,Europe,GB,EN,Phone,Functionality,Subscription not applied,Jonly Hub Plus,Web,Tier 2,Closed,1297,0,1,5,1.0
9004814,JNL004814,CU74005,2025-05-23T10:29:00.000Z,Europe,DE,EN,Phone,Functionality,Device will not pair,Jonly Cam Outdoor,Android,Escalation,Closed,1059,1,1,4,0.37
9004815,JNL004815,CU57860,2025-07-07T04:04:00.000Z,Europe,NL,DE,Phone,Billing,Laggy live view,Jonly Hub Mini,Android,Tier 1,Closed,1666,0,1,4,0.37
9004816,JNL004816,CU98637,2025-05-26T23:10:00.000Z,Europe,GB,FR,Chat,Shipping,Charged twice,Jonly Secure Subscription,Android,Tier 1,Closed,1467,0,1,3,0.08
9004817,JNL004817,CU15491,2025-07-25T14:09:00.000Z,North America,US,EN,Phone,Connectivity,Camera offline,Jonly Secure Subscription,Android,Tier 1,Closed,419,0,1,5,0.6
9004818,JNL004818,CU99803,2025-07-14T21:34:00.000Z,Europe,FR,EN,Phone,Inquiry,Audio one-way only,Jonly Hub Plus,Android,Tier 1,Closed,1368,0,1,4,1.0
9004819,JNL004819,CU40209,2025-07-08T00:24:00.000Z,Europe,FR,EN,Community,Setup,Device will not pair,Jonly Hub Plus,Web,Tier 1,Closed,878,1,1,3,0.44
9004820,JNL004820,CU86010,2025-07-16T12:32:00.000Z,North America,US,FR,Chat,Setup,No motion alerts,Jonly Hub Plus,Android,Tier 1,Closed,1082,0,1,2,-0.53
9004821,JNL004821,CU39557,2025-07-09T20:02:00.000Z,APAC,AU,EN,Phone,Connectivity,Order not delivered,Jonly Hub Mini,Android,Tier 1,Closed,1032,0,1,3,-0.17
9004822,JNL004822,CU17747,2025-05-19T21:50:00.000Z,North America,CA,EN,Phone,Functionality,Laggy live view,Jonly Floodlight Max,iOS,Tier 1,Closed,728,1,1,5,0.71
9004823,JNL004823,CU65228,2025-05-01T23:07:00.000Z,North America,CA,EN,Chat,Setup,Camera offline,Jonly Hub Plus,Web,Tier 1,Closed,1229,1,1,5,0.19
9004824,JNL004824,CU49177,2025-05-22T05:01:00.000Z,North America,US,EN,Chat,Connectivity,Wrong item received,Jonly Floodlight Max,iOS,Tier 1,Closed,1135,1,1,2,0.54
9004825,JNL004825,CU65727,2025-06-24T10:20:00.000Z,Europe,DE,EN,Community,Inquiry,Audio one-way only,Jonly Floodlight Max,iOS,Escalation,Closed,577,2,0,4,0.36
9004826,JNL004826,CU41228,2025-05-24T00:09:00.000Z,APAC,NZ,EN,Web Form,Functionality,Laggy live view,Jonly Cam Outdoor,Android,Escalation,Escalated,729,0,1,5,1.0
9004827,JNL004827,CU45950,2025-05-29T14:47:00.000Z,North America,US,EN,Chat,Inquiry,Video not loading,Jonly Doorbell Pro,iOS,Tier 1,In Progress,670,0,0,3,0.7
9004828,JNL004828,CU12371,2025-07-15T13:07:00.000Z,APAC,NZ,EN,Chat,Setup,Doorbell not ringing,Jonly Doorbell Pro,iOS,Tier 2,Closed,865,1,0,2,0.07
9004829,JNL004829,CU21619,2025-06-01T00:45:00.000Z,Europe,GB,EN,Phone,Connectivity,Wrong item received,Jonly Secure Subscription,Android,Tier 1,In Progress,951,0,0,3,0.1
9004830,JNL004830,CU61346,2025-06-21T19:32:00.000Z,Europe,FR,EN,Email,Functionality,No motion alerts,Jonly Cam Indoor,Other,Escalation,Closed,404,0,1,3,-0.31
9004831,JNL004831,CU44667,2025-07-01T00:09:00.000Z,APAC,NZ,EN,Chat,Billing,No motion alerts,Jonly Cam Indoor,iOS,Tier 1,Closed,996,0,1,5,1.0
9004832,JNL004832,CU13233,2025-05-29T11:19:00.000Z,North America,US,EN,Chat,Inquiry,Order not delivered,Jonly Cam Outdoor,Android,Tier 1,Escalated,493,0,1,4,0.22
9004833,JNL004833,CU84492,2025-05-13T20:10:00.000Z,North America,US,DE,Phone,Inquiry,Device will not pair,Jonly Floodlight Max,iOS,Tier 1,Closed,1171,0,1,3,-0.92
9004834,JNL004834,CU29403,2025-05-04T14:47:00.000Z,North America,CA,DE,Phone,Functionality,Two-factor issues,Jonly Cam Outdoor,Android,Tier 1,Closed,180,0,1,4,0.36
9004835,JNL004835,CU84013,2025-07-20T08:26:00.000Z,Europe,FR,EN,Chat,Functionality,Two-factor issues,Jonly Doorbell Pro,Android,Tier 2,Closed,927,0,1,5,1.0
9004836,JNL004836,CU81964,2025-06-01T23:12:00.000Z,North America,US,EN,Phone,Connectivity,Camera offline,Jonly Hub Plus,Android,Escalation,Closed,645,1,1,3,-0.01
9004837,JNL004837,CU46556,2025-07-03T09:52:00.000Z,North America,US,FR,Web Form,Billing,Device will not pair,Jonly Floodlight Max,Android,Tier 2,Closed,180,0,1,4,0.29
9004838,JNL004838,CU89705,2025-05-06T18:10:00.000Z,North America,CA,EN,Chat,Billing,Audio one-way only,Jonly Secure Subscription,iOS,Tier 1,In Progress,659,0,1,4,0.31
9004839,JNL004839,CU63880,2025-05-05T07:44:00.000Z,APAC,AU,EN,Chat,Functionality,Audio one-way only,Jonly Floodlight Max,iOS,Tier 1,Closed,608,2,1,4,0.91
9004840,JNL004840,CU57567,2025-06-05T15:02:00.000Z,Europe,NL,NL,Web Form,Connectivity,Video not loading,Jonly Hub Mini,Android,Tier 1,Escalated,676,1,1,4,0.46
9004841,JNL004841,CU14136,2025-06-07T15:57:00.000Z,Europe,FR,EN,Phone,Connectivity,Doorbell not ringing,Jonly Secure Subscription,iOS,Tier 1,Escalated,1645,0,1,3,-0.02
9004842,JNL004842,CU99291,2025-05-04T01:08:00.000Z,Europe,GB,FR,Phone,Inquiry,Doorbell not ringing,Jonly Doorbell Pro,iOS,Tier 1,Escalated,1561,1,1,5,0.32
9004843,JNL004843,CU88430,2025-06-06T22:41:00.000Z,North America,US,FR,Chat,Connectivity,Cannot login to app,Jonly Cam Indoor,Web,Tier 2,Closed,1256,1,1,5,1.0
9004844,JNL004844,CU36202,2025-05-20T17:22:00.000Z,North America,CA,EN,Email,Shipping,Two-factor issues,Jonly Doorbell Pro,Android,Tier 1,In Progress,615,0,1,3,0.1
9004845,JNL004845,CU97853,2025-05-17T06:05:00.000Z,Europe,NL,EN,Chat,Functionality,Doorbell not ringing,Jonly Doorbell Pro,Android,Tier 2,Closed,765,1,1,5,0.67
9004846,JNL004846,CU86562,2025-06-29T21:00:00.000Z,APAC,AU,EN,Chat,Inquiry,Audio one-way only,Jonly Cam Outdoor,Android,Tier 2,Closed,1179,0,1,3,0.21
9004847,JNL004847,CU85550,2025-07-26T15:06:00.000Z,North America,CA,EN,Email,Connectivity,Audio one-way only,Jonly Doorbell Pro,iOS,Tier 2,Closed,770,0,1,2,0.05
9004848,JNL004848,CU69141,2025-05-23T16:10:00.000Z,North America,CA,EN,Phone,Connectivity,Doorbell not ringing,Jonly Cam Outdoor,Android,Tier 2,Closed,1095,1,1,3,0.1
9004849,JNL004849,CU15796,2025-07-07T08:25:00.000Z,Europe,GB,EN,Phone,Account,Audio one-way only,Jonly Cam Indoor,Other,Tier 1,In Progress,1052,0,1,4,1.0
9004850,JNL004850,CU97662,2025-06-15T06:53:00.000Z,Europe,FR,NL,Phone,Shipping,False motion alerts,Jonly Cam Outdoor,Android,Tier 1,In Progress,954,0,1,5,0.26
9004851,JNL004851,CU87224,2025-07-18T08:54:00.000Z,Europe,NL,EN,Phone,Functionality,Two-factor issues,Jonly Hub Plus,Android,Tier 1,Closed,1048,1,1,4,0.7
9004852,JNL004852,CU96871,2025-05-02T23:00:00.000Z,APAC,AU,EN,Chat,Inquiry,Poor night vision,Jonly Doorbell Pro,iOS,Tier 2,In Progress,912,0,1,5,1.0
9004853,JNL004853,CU20791,2025-06-09T20:59:00.000Z,North America,US,EN,Phone,Account,False motion alerts,Jonly Secure Subscription,Other,Tier 2,Closed,1195,1,1,5,1.0
9004854,JNL004854,CU96246,2025-07-29T03:34:00.000Z,North America,CA,NL,Phone,Inquiry,Two-factor issues,Jonly Cam Outdoor,iOS,Tier 1,Closed,562,0,1,4,0.44
9004855,JNL004855,CU55211,2025-06-29T17:49:00.000Z,Europe,GB,EN,Email,Account,Camera offline,Jonly Cam Indoor,iOS,Escalation,Escalated,661,0,1,4,0.15
9004856,JNL004856,CU61739,2025-06-23T05:42:00.000Z,North America,US,NL,Email,Shipping,Wrong item received,Jonly Secure Subscription,iOS,Tier 1,Closed,946,1,1,4,-0.08
9004857,JNL004857,CU60016,2025-06-29T20:00:00.000Z,North America,CA,NL,Email,Functionality,Charged twice,Jonly Hub Mini,Android,Tier 2,Closed,471,0,1,4,1.0
9004858,JNL004858,CU43351,2025-06-12T10:54:00.000Z,Europe,FR,EN,Web Form,Inquiry,False motion alerts,Jonly Hub Plus,Android,Tier 1,Closed,678,0,0,4,0.24
9004859,JNL004859,CU25110,2025-06-28T22:54:00.000Z,North America,CA,EN,Chat,Billing,Camera offline,Jonly Cam Outdoor,Web,Tier 1,Closed,603,0,1,4,-0.37
9004860,JNL004860,CU98389,2025-05-13T00:34:00.000Z,North America,US,EN,Chat,Setup,Laggy live view,Jonly Secure Subscription,iOS,Tier 2,Closed,1106,0,1,4,0.78
9004861,JNL004861,CU40150,2025-06-27T03:29:00.000Z,APAC,SG,EN,Phone,Functionality,Wrong item received,Jonly Doorbell Pro,Android,Tier 1,Closed,1571,0,1,4,0.44
9004862,JNL004862,CU13536,2025-05-06T01:03:00.000Z,North America,CA,EN,Phone,Billing,Wrong item received,Jonly Floodlight Max,Android,Tier 1,Closed,745,2,1,5,0.99
9004863,JNL004863,CU36333,2025-05-11T20:42:00.000Z,North America,US,DE,Phone,Inquiry,Order not delivered,Jonly Hub Mini,iOS,Tier 1,Closed,1201,1,1,3,-0.06
9004864,JNL004864,CU67060,2025-06-20T03:03:00.000Z,North America,CA,EN,Chat,Functionality,Two-factor issues,Jonly Cam Outdoor,iOS,Tier 1,Closed,659,0,1,4,0.61
9004865,JNL004865,CU38009,2025-07-06T18:31:00.000Z,North America,CA,EN,Chat,Account,Two-factor issues,Jonly Hub Plus,iOS,Tier 2,Closed,813,0,1,3,-0.42
9004866,JNL004866,CU82505,2025-05-31T19:48:00.000Z,Europe,GB,DE,Phone,Shipping,Camera offline,Jonly Secure Subscription,iOS,Tier 1,Escalated,868,0,1,5,0.7
9004867,JNL004867,CU96934,2025-06-03T00:56:00.000Z,Europe,NL,EN,Email,Inquiry,Order not delivered,Jonly Cam Outdoor,iOS,Tier 1,Closed,1172,1,1,1,-1.0
9004868,JNL004868,CU82911,2025-07-22T09:03:00.000Z,North America,US,EN,Phone,Inquiry,Poor night vision,Jonly Doorbell Pro,iOS,Tier 1,Closed,1354,1,1,5,0.7
9004869,JNL004869,CU81532,2025-05-18T01:35:00.000Z,North America,CA,FR,Phone,Connectivity,Charged twice,Jonly Hub Plus,iOS,Tier 2,Escalated,1041,0,1,4,0.4
9004870,JNL004870,CU89269,2025-07-18T04:03:00.000Z,Europe,DE,FR,Phone,Inquiry,Laggy live view,Jonly Hub Mini,Web,Tier 1,Closed,835,0,1,4,0.4
9004871,JNL004871,CU67255,2025-06-06T11:29:00.000Z,APAC,SG,EN,Phone,Functionality,Audio one-way only,Jonly Doorbell Pro,Web,Tier 1,Closed,854,0,1,4,0.75
9004872,JNL004872,CU77217,2025-06-03T12:06:00.000Z,North America,US,EN,Chat,Inquiry,Video not loading,Jonly Hub Mini,Android,Tier 1,In Progress,365,0,1,4,0.42
9004873,JNL004873,CU37895,2025-06-13T23:59:00.000Z,North America,CA,EN,Email,Inquiry,No motion alerts,Jonly Cam Indoor,Android,Tier 1,Closed,561,0,1,4,0.15
9004874,JNL004874,CU74884,2025-07-04T19:23:00.000Z,Europe,NL,EN,Phone,Connectivity,False motion alerts,Jonly Hub Plus,Android,Tier 1,Closed,601,0,0,4,0.65
9004875,JNL004875,CU86766,2025-07-31T03:13:00.000Z,Europe,DE,EN,Email,Functionality,Poor night vision,Jonly Secure Subscription,iOS,Escalation,In Progress,1154,0,1,3,-0.14
9004876,JNL004876,CU29236,2025-07-18T10:44:00.000Z,North America,US,NL,Phone,Inquiry,Wrong item received,Jonly Cam Indoor,Android,Escalation,Closed,1147,0,1,4,0.13
9004877,JNL004877,CU51782,2025-06-29T04:18:00.000Z,Europe,GB,DE,Phone,Functionality,Video not loading,Jonly Doorbell Pro,Android,Tier 2,Closed,1474,0,1,5,1.0
9004878,JNL004878,CU84498,2025-06-11T10:28:00.000Z,North America,CA,EN,Chat,Billing,Wrong item received,Jonly Cam Outdoor,Android,Tier 1,Closed,734,2,1,4,-0.1
9004879,JNL004879,CU87313,2025-07-30T02:02:00.000Z,Europe,GB,EN,Email,Account,Audio one-way only,Jonly Secure Subscription,iOS,Tier 1,Closed,960,0,1,5,1.0
9004880,JNL004880,CU80061,2025-05-24T04:16:00.000Z,Europe,FR,EN,Phone,Setup,Cannot login to app,Jonly Cam Outdoor,iOS,Tier 1,Closed,1096,1,0,3,-0.13
9004881,JNL004881,CU30568,2025-06-12T23:44:00.000Z,North America,CA,EN,Phone,Connectivity,Laggy live view,Jonly Floodlight Max,Web,Tier 1,Closed,1769,0,1,4,0.47
9004882,JNL004882,CU29025,2025-06-15T09:09:00.000Z,APAC,AU,FR,Phone,Inquiry,Device will not pair,Jonly Hub Plus,Android,Tier 1,Closed,1245,1,1,4,0.58
9004883,JNL004883,CU27062,2025-05-31T05:50:00.000Z,Europe,FR,EN,Chat,Connectivity,Cannot login to app,Jonly Doorbell Pro,Web,Tier 2,Closed,1402,0,1,3,0.35
9004884,JNL004884,CU40478,2025-07-15T23:13:00.000Z,APAC,NZ,DE,Phone,Connectivity,Order not delivered,Jonly Hub Plus,Android,Tier 1,Closed,1366,0,1,5,0.98
9004885,JNL004885,CU63266,2025-05-06T21:44:00.000Z,North America,CA,EN,Email,Connectivity,Audio one-way only,Jonly Cam Indoor,Android,Tier 1,Closed,887,0,1,5,0.79
9004886,JNL004886,CU91449,2025-06-29T03:45:00.000Z,North America,CA,EN,Email,Connectivity,No motion alerts,Jonly Cam Indoor,Android,Tier 1,Closed,186,1,1,5,0.91
9004887,JNL004887,CU55820,2025-07-17T20:29:00.000Z,North America,US,EN,Phone,Shipping,Wrong item received,Jonly Cam Outdoor,iOS,Tier 1,Closed,779,1,0,5,1.0
9004888,JNL004888,CU40815,2025-05-06T06:26:00.000Z,North America,CA,EN,Email,Account,Video not loading,Jonly Cam Outdoor,Android,Tier 2,Closed,969,0,1,4,0.4
9004889,JNL004889,CU42481,2025-06-21T06:42:00.000Z,Europe,FR,FR,Chat,Account,No motion alerts,Jonly Hub Plus,Web,Tier 1,Closed,1507,0,1,4,0.93
9004890,JNL004890,CU14866,2025-06-20T20:11:00.000Z,Europe,FR,EN,Phone,Connectivity,Poor night vision,Jonly Secure Subscription,Other,Tier 1,Escalated,1250,2,1,4,0.2
9004891,JNL004891,CU12763,2025-06-20T22:56:00.000Z,North America,CA,EN,Web Form,Billing,Two-factor issues,Jonly Cam Indoor,Web,Tier 2,Closed,1245,0,1,3,0.13
9004892,JNL004892,CU64365,2025-06-08T06:45:00.000Z,North America,US,EN,Chat,Connectivity,Device will not pair,Jonly Cam Indoor,Android,Tier 1,Escalated,184,1,1,5,1.0
9004893,JNL004893,CU86966,2025-06-24T14:00:00.000Z,North America,US,EN,Chat,Connectivity,Video not loading,Jonly Cam Outdoor,Web,Escalation,Closed,941,1,1,5,-0.07
9004894,JNL004894,CU27009,2025-07-21T22:45:00.000Z,APAC,NZ,EN,Phone,Inquiry,Two-factor issues,Jonly Cam Outdoor,Other,Escalation,Closed,728,0,1,3,0.37
9004895,JNL004895,CU69439,2025-07-05T06:12:00.000Z,North America,CA,DE,Chat,Billing,Charged twice,Jonly Doorbell Pro,iOS,Tier 2,Closed,1653,2,1,5,0.46
9004896,JNL004896,CU36836,2025-07-14T12:47:00.000Z,Europe,FR,EN,Community,Functionality,Two-factor issues,Jonly Floodlight Max,Android,Tier 1,Closed,180,0,1,4,0.7
9004897,JNL004897,CU14877,2025-07-01T10:58:00.000Z,North America,CA,FR,Email,Connectivity,Laggy live view,Jonly Secure Subscription,Other,Tier 1,Closed,711,0,1,3,-0.81
9004898,JNL004898,CU59266,2025-06-26T20:04:00.000Z,North America,CA,EN,Phone,Connectivity,Subscription not applied,Jonly Cam Outdoor,Web,Tier 1,Closed,1488,0,1,4,0.9
9004899,JNL004899,CU81001,2025-05-28T05:08:00.000Z,North America,CA,NL,Community,Inquiry,Cannot login to app,Jonly Floodlight Max,Android,Tier 1,In Progress,353,0,1,3,-0.1
9004900,JNL004900,CU53060,2025-07-15T22:32:00.000Z,Europe,NL,EN,Chat,Account,Order not delivered,Jonly Floodlight Max,iOS,Tier 1,Closed,551,0,1,3,0.45
9004901,JNL004901,CU85596,2025-07-30T14:42:00.000Z,North America,US,EN,Phone,Connectivity,Subscription not applied,Jonly Secure Subscription,Android,Tier 1,Closed,1326,3,1,3,0.45
9004902,JNL004902,CU25996,2025-07-19T23:24:00.000Z,North America,CA,EN,Email,Functionality,Camera offline,Jonly Hub Plus,iOS,Tier 1,Closed,670,0,1,5,1.0
9004903,JNL004903,CU84863,2025-07-07T15:47:00.000Z,North America,CA,EN,Chat,Billing,Cannot login to app,Jonly Hub Mini,Android,Tier 1,In Progress,950,0,1,3,-0.44
9004904,JNL004904,CU32401,2025-06-27T19:07:00.000Z,Europe,GB,EN,Chat,Inquiry,Subscription not applied,Jonly Doorbell Pro,Web,Tier 1,Closed,1444,0,1,4,1.0
9004905,JNL004905,CU29889,2025-05-01T10:10:00.000Z,APAC,NZ,EN,Chat,Billing,Subscription not applied,Jonly Doorbell Pro,iOS,Tier 1,Closed,1030,0,1,4,1.0
9004906,JNL004906,CU85528,2025-07-28T01:40:00.000Z,North America,CA,FR,Phone,Inquiry,Two-factor issues,Jonly Cam Outdoor,Android,Tier 1,Closed,1500,0,1,2,-0.38
9004907,JNL004907,CU80204,2025-05-26T08:48:00.000Z,North America,US,EN,Phone,Connectivity,False motion alerts,Jonly Hub Plus,Android,Tier 1,In Progress,861,0,1,4,0.36
9004908,JNL004908,CU75443,2025-06-13T19:10:00.000Z,Europe,GB,EN,Chat,Setup,Order not delivered,Jonly Cam Outdoor,Android,Escalation,Closed,1122,0,1,3,0.03
9004909,JNL004909,CU87176,2025-05-05T03:00:00.000Z,Europe,NL,EN,Phone,Connectivity,Subscription not applied,Jonly Doorbell Pro,Android,Tier 1,Closed,1248,0,1,5,1.0
9004910,JNL004910,CU20646,2025-06-17T11:42:00.000Z,Europe,DE,DE,Community,Shipping,Laggy live view,Jonly Floodlight Max,Other,Tier 1,Closed,675,3,1,3,0.32
9004911,JNL004911,CU29045,2025-07-29T11:09:00.000Z,North America,US,EN,Phone,Connectivity,Subscription not applied,Jonly Hub Plus,Android,Tier 1,Closed,1650,2,1,5,0.91
9004912,JNL004912,CU38352,2025-07-03T07:48:00.000Z,North America,CA,FR,Phone,Account,Camera offline,Jonly Hub Plus,Web,Tier 2,Escalated,1377,0,1,1,-1.0
9004913,JNL004913,CU28725,2025-07-03T09:13:00.000Z,Europe,DE,EN,Phone,Inquiry,No motion alerts,Jonly Hub Plus,iOS,Tier 1,In Progress,1109,0,1,4,0.94
9004914,JNL004914,CU44269,2025-06-26T20:49:00.000Z,North America,CA,DE,Phone,Connectivity,Device will not pair,Jonly Hub Mini,iOS,Tier 1,Closed,1268,0,1,3,-0.26
9004915,JNL004915,CU62200,2025-06-12T13:31:00.000Z,Europe,NL,EN,Chat,Functionality,Audio one-way only,Jonly Hub Mini,iOS,Tier 1,Closed,802,0,1,5,1.0
9004916,JNL004916,CU87581,2025-05-04T17:51:00.000Z,North America,CA,DE,Phone,Inquiry,Wrong item received,Jonly Cam Outdoor,Android,Tier 1,Closed,745,0,1,5,0.97
9004917,JNL004917,CU69902,2025-06-29T05:11:00.000Z,Europe,GB,EN,Phone,Inquiry,False motion alerts,Jonly Cam Indoor,Android,Tier 1,Closed,1535,0,1,4,0.92
9004918,JNL004918,CU40597,2025-07-28T18:55:00.000Z,North America,CA,EN,Chat,Shipping,Camera offline,Jonly Secure Subscription,iOS,Tier 1,Closed,1041,0,0,4,0.44
9004919,JNL004919,CU64764,2025-05-12T13:57:00.000Z,North America,US,EN,Phone,Account,Camera offline,Jonly Hub Mini,Other,Tier 1,Closed,1054,1,1,3,0.27
9004920,JNL004920,CU92728,2025-05-31T21:29:00.000Z,North America,US,EN,Phone,Billing,Doorbell not ringing,Jonly Hub Plus,Android,Tier 1,Closed,1079,0,1,5,1.0
9004921,JNL004921,CU10497,2025-05-21T00:48:00.000Z,APAC,NZ,EN,Community,Inquiry,Cannot login to app,Jonly Cam Indoor,Android,Tier 2,Closed,367,0,1,2,-0.37
9004922,JNL004922,CU30890,2025-07-30T18:16:00.000Z,APAC,SG,EN,Email,Inquiry,Charged twice,Jonly Cam Indoor,Android,Tier 1,Closed,566,0,1,5,1.0
9004923,JNL004923,CU53591,2025-07-02T10:18:00.000Z,Europe,FR,EN,Phone,Functionality,False motion alerts,Jonly Cam Indoor,iOS,Tier 1,Closed,1373,1,1,4,-0.06
9004924,JNL004924,CU29260,2025-05-13T13:59:00.000Z,Europe,NL,NL,Chat,Account,Wrong item received,Jonly Floodlight Max,Other,Tier 1,Closed,881,0,1,2,-0.46
9004925,JNL004925,CU83813,2025-05-12T09:22:00.000Z,APAC,NZ,FR,Phone,Shipping,Charged twice,Jonly Hub Plus,Web,Tier 1,Closed,1076,1,1,3,0.25
9004926,JNL004926,CU73175,2025-05-15T12:53:00.000Z,North America,CA,EN,Chat,Shipping,Video not loading,Jonly Cam Indoor,Android,Tier 1,Closed,713,1,1,4,0.74
9004927,JNL004927,CU49008,2025-06-21T03:41:00.000Z,Europe,GB,EN,Phone,Billing,False motion alerts,Jonly Floodlight Max,iOS,Escalation,Closed,966,1,1,4,0.4
9004928,JNL004928,CU23435,2025-06-02T16:07:00.000Z,APAC,AU,EN,Phone,Billing,Cannot login to app,Jonly Hub Plus,Android,Tier 1,Escalated,970,0,1,4,0.27
9004929,JNL004929,CU24066,2025-06-14T09:44:00.000Z,North America,US,EN,Chat,Inquiry,Laggy live view,Jonly Floodlight Max,iOS,Tier 1,Closed,1056,0,1,2,-0.25
9004930,JNL004930,CU40267,2025-07-02T18:24:00.000Z,North America,CA,NL,Phone,Inquiry,Charged twice,Jonly Floodlight Max,Android,Tier 1,Closed,1685,0,1,3,0.57
9004931,JNL004931,CU27583,2025-06-25T08:10:00.000Z,North America,US,DE,Phone,Setup,False motion alerts,Jonly Doorbell Pro,iOS,Tier 1,In Progress,1238,0,1,4,0.85
9004932,JNL004932,CU76152,2025-05-24T17:41:00.000Z,Europe,FR,EN,Email,Connectivity,Order not delivered,Jonly Hub Plus,iOS,Escalation,Closed,504,1,1,5,0.74
9004933,JNL004933,CU93175,2025-06-18T04:52:00.000Z,North America,US,EN,Email,Functionality,Video not loading,Jonly Cam Indoor,Android,Tier 1,Closed,827,0,0,4,0.61
9004934,JNL004934,CU53982,2025-07-07T21:50:00.000Z,Europe,FR,EN,Phone,Functionality,Cannot login to app,Jonly Floodlight Max,iOS,Tier 2,Closed,1265,1,1,5,1.0
9004935,JNL004935,CU71688,2025-05-17T20:40:00.000Z,North America,US,EN,Chat,Inquiry,Poor night vision,Jonly Hub Plus,iOS,Tier 1,Closed,1123,0,1,5,1.0
9004936,JNL004936,CU59180,2025-06-01T04:50:00.000Z,North America,CA,FR,Phone,Setup,Poor night vision,Jonly Secure Subscription,Android,Tier 2,Escalated,1418,0,0,3,0.08
9004937,JNL004937,CU41482,2025-06-30T18:08:00.000Z,North America,US,EN,Chat,Functionality,Wrong item received,Jonly Hub Mini,Android,Tier 1,Closed,1018,0,1,3,-0.36
9004938,JNL004938,CU64658,2025-07-27T06:08:00.000Z,North America,CA,EN,Chat,Billing,Doorbell not ringing,Jonly Hub Plus,Other,Tier 2,In Progress,923,0,0,5,0.68
9004939,JNL004939,CU43028,2025-06-11T23:23:00.000Z,Europe,GB,EN,Phone,Setup,Poor night vision,Jonly Hub Plus,Android,Tier 1,Closed,559,1,1,4,0.86
9004940,JNL004940,CU29911,2025-06-12T02:27:00.000Z,North America,CA,DE,Phone,Setup,Subscription not applied,Jonly Hub Mini,iOS,Tier 1,Escalated,1086,1,1,4,0.56
9004941,JNL004941,CU30487,2025-06-25T12:22:00.000Z,North America,US,FR,Phone,Billing,Wrong item received,Jonly Doorbell Pro,Android,Tier 1,Closed,1556,0,1,5,1.0
9004942,JNL004942,CU72554,2025-05-04T10:52:00.000Z,Europe,NL,FR,Email,Inquiry,Charged twice,Jonly Cam Outdoor,Android,Escalation,Closed,745,0,1,5,1.0
9004943,JNL004943,CU53463,2025-05-30T17:17:00.000Z,North America,US,EN,Email,Billing,Camera offline,Jonly Floodlight Max,Android,Tier 1,Closed,1184,1,1,5,1.0
9004944,JNL004944,CU18241,2025-07-29T03:12:00.000Z,North America,US,EN,Chat,Account,Poor night vision,Jonly Hub Mini,Other,Tier 1,Escalated,583,1,1,5,1.0
9004945,JNL004945,CU17773,2025-06-30T01:04:00.000Z,North America,CA,NL,Phone,Inquiry,Wrong item received,Jonly Hub Mini,iOS,Escalation,Closed,1427,0,1,5,1.0
9004946,JNL004946,CU85080,2025-05-04T15:55:00.000Z,North America,US,EN,Chat,Functionality,No motion alerts,Jonly Doorbell Pro,iOS,Tier 1,Closed,1097,0,1,4,0.52
9004947,JNL004947,CU37265,2025-05-19T04:27:00.000Z,North America,CA,EN,Phone,Inquiry,Two-factor issues,Jonly Secure Subscription,Android,Escalation,Closed,981,0,0,3,-0.07
9004948,JNL004948,CU99225,2025-06-01T16:41:00.000Z,North America,US,EN,Phone,Inquiry,Two-factor issues,Jonly Cam Indoor,iOS,Tier 1,Closed,1702,0,1,4,0.5
9004949,JNL004949,CU97229,2025-05-26T10:12:00.000Z,North America,US,EN,Web Form,Inquiry,No motion alerts,Jonly Doorbell Pro,Android,Tier 1,Closed,724,1,0,4,0.83
9004950,JNL004950,CU63448,2025-06-29T16:01:00.000Z,APAC,SG,EN,Chat,Setup,False motion alerts,Jonly Cam Outdoor,iOS,Tier 1,Closed,730,2,1,2,-0.69
9004951,JNL004951,CU73224,2025-06-25T04:35:00.000Z,North America,CA,EN,Phone,Inquiry,No motion alerts,Jonly Cam Indoor,Web,Tier 1,Closed,981,0,1,5,1.0
9004952,JNL004952,CU95512,2025-06-28T17:08:00.000Z,APAC,NZ,EN,Phone,Inquiry,False motion alerts,Jonly Cam Outdoor,Android,Tier 1,Closed,667,0,1,5,0.99
9004953,JNL004953,CU74177,2025-06-06T12:45:00.000Z,North America,CA,EN,Phone,Functionality,Doorbell not ringing,Jonly Cam Outdoor,Android,Tier 1,Closed,1572,0,1,5,1.0
9004954,JNL004954,CU89775,2025-05-11T09:25:00.000Z,APAC,AU,EN,Phone,Inquiry,Poor night vision,Jonly Floodlight Max,iOS,Tier 2,Closed,456,1,1,5,1.0
9004955,JNL004955,CU71571,2025-07-30T23:03:00.000Z,Europe,NL,EN,Phone,Inquiry,Doorbell not ringing,Jonly Secure Subscription,iOS,Tier 1,Closed,703,0,0,5,0.67
9004956,JNL004956,CU88729,2025-05-21T19:24:00.000Z,APAC,AU,NL,Phone,Functionality,Order not delivered,Jonly Hub Mini,Android,Tier 1,Closed,1175,0,1,5,0.85
9004957,JNL004957,CU63593,2025-07-17T03:06:00.000Z,APAC,NZ,EN,Phone,Setup,Laggy live view,Jonly Hub Mini,Android,Tier 1,Escalated,425,2,0,3,0.56
9004958,JNL004958,CU58866,2025-05-28T16:56:00.000Z,Europe,GB,FR,Phone,Functionality,No motion alerts,Jonly Hub Plus,Other,Tier 2,Closed,382,0,1,5,1.0
9004959,JNL004959,CU73260,2025-07-15T23:43:00.000Z,North America,CA,NL,Phone,Connectivity,Two-factor issues,Jonly Cam Outdoor,iOS,Tier 1,Closed,850,0,1,3,-0.18
9004960,JNL004960,CU68495,2025-05-21T07:46:00.000Z,North America,CA,EN,Phone,Connectivity,No motion alerts,Jonly Floodlight Max,Android,Tier 1,Closed,1232,0,1,3,-0.37
9004961,JNL004961,CU67388,2025-07-27T11:11:00.000Z,Europe,DE,EN,Web Form,Setup,Laggy live view,Jonly Doorbell Pro,Web,Tier 2,Closed,544,0,1,5,1.0
9004962,JNL004962,CU44505,2025-06-19T03:49:00.000Z,Europe,GB,EN,Email,Inquiry,Camera offline,Jonly Hub Plus,iOS,Tier 1,Closed,623,0,1,4,0.7
9004963,JNL004963,CU23995,2025-07-14T07:35:00.000Z,APAC,SG,DE,Phone,Connectivity,Laggy live view,Jonly Secure Subscription,Android,Escalation,Closed,1380,0,1,5,0.91
9004964,JNL004964,CU38024,2025-07-15T11:21:00.000Z,North America,US,EN,Community,Connectivity,Poor night vision,Jonly Doorbell Pro,Web,Tier 1,Closed,961,0,1,5,1.0
9004965,JNL004965,CU85891,2025-06-24T08:15:00.000Z,North America,US,EN,Phone,Inquiry,Two-factor issues,Jonly Cam Outdoor,iOS,Tier 1,Closed,845,0,1,4,0.08
9004966,JNL004966,CU80335,2025-06-02T14:43:00.000Z,Europe,DE,EN,Chat,Account,Poor night vision,Jonly Cam Indoor,Android,Escalation,Closed,403,1,1,5,0.79
9004967,JNL004967,CU10692,2025-05-15T12:11:00.000Z,Europe,NL,EN,Web Form,Connectivity,Audio one-way only,Jonly Cam Outdoor,iOS,Tier 1,Closed,180,1,1,3,0.15
9004968,JNL004968,CU78242,2025-06-26T22:11:00.000Z,North America,US,EN,Chat,Connectivity,Doorbell not ringing,Jonly Doorbell Pro,iOS,Tier 2,Closed,687,0,0,2,0.05
9004969,JNL004969,CU63324,2025-06-30T09:09:00.000Z,APAC,AU,DE,Phone,Inquiry,No motion alerts,Jonly Hub Plus,iOS,Tier 1,Closed,754,0,1,4,0.7
9004970,JNL004970,CU69454,2025-07-25T23:07:00.000Z,North America,US,EN,Community,Billing,Audio one-way only,Jonly Hub Mini,Web,Escalation,Escalated,511,2,0,5,0.84
9004971,JNL004971,CU56049,2025-06-03T13:32:00.000Z,North America,CA,EN,Chat,Connectivity,False motion alerts,Jonly Cam Indoor,iOS,Tier 2,Closed,1770,0,1,3,0.06
9004972,JNL004972,CU98670,2025-06-20T13:10:00.000Z,North America,US,FR,Phone,Connectivity,Order not delivered,Jonly Hub Plus,Android,Escalation,Closed,1763,0,1,4,0.43
9004973,JNL004973,CU57820,2025-05-03T22:47:00.000Z,North America,CA,EN,Chat,Functionality,Order not delivered,Jonly Secure Subscription,iOS,Tier 1,In Progress,1337,0,1,2,-0.25
9004974,JNL004974,CU63855,2025-06-30T14:45:00.000Z,North America,US,EN,Email,Functionality,Cannot login to app,Jonly Hub Plus,Other,Tier 2,Closed,770,1,0,5,1.0
9004975,JNL004975,CU45441,2025-06-29T04:49:00.000Z,North America,US,EN,Phone,Inquiry,Laggy live view,Jonly Hub Plus,Android,Tier 1,Closed,1528,1,1,3,-0.02
9004976,JNL004976,CU73203,2025-06-15T10:54:00.000Z,North America,CA,DE,Phone,Billing,No motion alerts,Jonly Cam Indoor,Web,Tier 2,Closed,766,0,1,5,1.0
9004977,JNL004977,CU54904,2025-07-22T21:57:00.000Z,Europe,NL,NL,Phone,Functionality,Subscription not applied,Jonly Cam Outdoor,Android,Tier 1,Closed,1683,1,1,3,-0.12
9004978,JNL004978,CU76463,2025-06-16T01:49:00.000Z,North America,CA,EN,Phone,Connectivity,Two-factor issues,Jonly Floodlight Max,iOS,Tier 1,Closed,840,0,1,2,-0.44
9004979,JNL004979,CU59150,2025-05-14T20:52:00.000Z,Europe,FR,NL,Phone,Inquiry,Video not loading,Jonly Hub Plus,iOS,Tier 1,Closed,1799,0,1,4,0.85
9004980,JNL004980,CU41847,2025-06-21T22:50:00.000Z,North America,CA,EN,Email,Account,Laggy live view,Jonly Hub Plus,Android,Tier 2,In Progress,435,1,1,4,0.59
9004981,JNL004981,CU53598,2025-06-29T18:37:00.000Z,APAC,NZ,EN,Email,Billing,Two-factor issues,Jonly Hub Plus,Android,Tier 2,Closed,221,0,1,3,0.08
9004982,JNL004982,CU25700,2025-07-24T08:58:00.000Z,North America,US,DE,Chat,Inquiry,Doorbell not ringing,Jonly Secure Subscription,Android,Tier 1,Closed,757,1,0,4,0.36
9004983,JNL004983,CU23080,2025-05-27T08:42:00.000Z,North America,CA,EN,Chat,Billing,Laggy live view,Jonly Doorbell Pro,Android,Tier 1,Closed,1459,2,1,4,1.0
9004984,JNL004984,CU86308,2025-06-18T16:46:00.000Z,North America,CA,DE,Chat,Functionality,Device will not pair,Jonly Hub Plus,iOS,Tier 2,Closed,1677,0,1,5,0.61
9004985,JNL004985,CU14339,2025-07-13T03:52:00.000Z,Europe,DE,EN,Phone,Functionality,Two-factor issues,Jonly Doorbell Pro,Android,Tier 2,Closed,1111,0,1,4,0.33
9004986,JNL004986,CU81228,2025-06-25T00:52:00.000Z,North America,CA,NL,Phone,Inquiry,Device will not pair,Jonly Cam Outdoor,Web,Tier 2,Escalated,946,0,1,4,0.13
9004987,JNL004987,CU40987,2025-05-17T14:31:00.000Z,APAC,AU,EN,Phone,Inquiry,Audio one-way only,Jonly Cam Indoor,iOS,Tier 1,In Progress,1532,2,1,4,0.87
9004988,JNL004988,CU12110,2025-05-17T16:43:00.000Z,Europe,FR,EN,Phone,Connectivity,Laggy live view,Jonly Hub Mini,Android,Tier 1,Closed,867,0,1,4,0.37
9004989,JNL004989,CU75625,2025-05-13T17:03:00.000Z,North America,CA,EN,Web Form,Functionality,No motion alerts,Jonly Cam Outdoor,iOS,Tier 1,Closed,180,0,1,4,0.67
9004990,JNL004990,CU79286,2025-05-10T07:10:00.000Z,APAC,NZ,EN,Chat,Functionality,False motion alerts,Jonly Floodlight Max,Android,Tier 1,Closed,435,0,1,4,0.82
9004991,JNL004991,CU92105,2025-07-17T04:52:00.000Z,APAC,NZ,EN,Chat,Connectivity,Laggy live view,Jonly Hub Mini,Android,Tier 1,Closed,1227,0,1,4,0.1
9004992,JNL004992,CU57123,2025-05-04T12:35:00.000Z,Europe,NL,FR,Chat,Functionality,Video not loading,Jonly Secure Subscription,iOS,Tier 1,Closed,735,1,1,3,0.19
9004993,JNL004993,CU37072,2025-07-14T16:12:00.000Z,North America,US,EN,Phone,Functionality,Laggy live view,Jonly Doorbell Pro,iOS,Tier 2,Closed,1504,0,1,4,0.91
9004994,JNL004994,CU27231,2025-05-08T21:27:00.000Z,North America,US,EN,Chat,Functionality,Cannot login to app,Jonly Secure Subscription,iOS,Tier 1,Closed,681,0,1,5,1.0
9004995,JNL004995,CU15033,2025-05-10T19:51:00.000Z,North America,CA,DE,Chat,Inquiry,Cannot login to app,Jonly Cam Outdoor,iOS,Tier 2,Escalated,998,1,1,2,-0.28
9004996,JNL004996,CU60559,2025-06-23T09:09:00.000Z,North America,CA,FR,Phone,Connectivity,Subscription not applied,Jonly Doorbell Pro,iOS,Tier 1,Closed,778,1,1,5,0.48
9004997,JNL004997,CU32201,2025-05-02T09:26:00.000Z,North America,CA,EN,Chat,Inquiry,Doorbell not ringing,Jonly Secure Subscription,iOS,Tier 1,Closed,1119,0,1,2,-0.77
9004998,JNL004998,CU31478,2025-06-20T23:15:00.000Z,Europe,DE,FR,Email,Functionality,Laggy live view,Jonly Doorbell Pro,Android,Tier 1,Closed,844,1,1,3,-0.48
9004999,JNL004999,CU76858,2025-05-26T17:22:00.000Z,Europe,GB,EN,Chat,Shipping,Order not delivered,Jonly Secure Subscription,Other,Tier 1,Closed,270,0,1,4,0.37
9005000,JNL005000,CU82253,2025-05-27T18:48:00.000Z,North America,CA,EN,Phone,Inquiry,Device will not pair,Jonly Cam Indoor,iOS,Tier 1,Closed,1301,0,1,3,0.27
9005001,JNL005001,CU23003,2025-05-25T16:42:00.000Z,North America,US,EN,Phone,Functionality,Camera offline,Jonly Hub Plus,iOS,Tier 2,Closed,662,1,1,4,0.63
9005002,JNL005002,CU97098,2025-05-18T21:46:00.000Z,North America,US,DE,Community,Inquiry,Poor night vision,Jonly Floodlight Max,iOS,Tier 1,Closed,845,0,0,3,-0.43
9005003,JNL005003,CU70130,2025-07-08T15:52:00.000Z,North America,CA,EN,Chat,Account,No motion alerts,Jonly Floodlight Max,Android,Tier 2,Closed,456,0,1,2,-0.45
9005004,JNL005004,CU26925,2025-05-09T03:10:00.000Z,Europe,FR,EN,Email,Functionality,Device will not pair,Jonly Secure Subscription,Android,Tier 1,Closed,616,1,1,4,0.83
9005005,JNL005005,CU81777,2025-06-11T17:22:00.000Z,North America,US,EN,Chat,Billing,Video not loading,Jonly Hub Plus,iOS,Tier 1,Closed,1131,1,1,2,-0.26
9005006,JNL005006,CU45845,2025-07-30T17:16:00.000Z,Europe,GB,EN,Phone,Inquiry,Charged twice,Jonly Secure Subscription,Other,Tier 1,Closed,728,0,1,4,0.28
9005007,JNL005007,CU91775,2025-07-21T09:58:00.000Z,North America,US,EN,Email,Inquiry,Video not loading,Jonly Hub Mini,iOS,Tier 1,In Progress,522,0,1,5,1.0
9005008,JNL005008,CU82815,2025-07-08T15:30:00.000Z,North America,US,EN,Chat,Account,Doorbell not ringing,Jonly Floodlight Max,Android,Tier 1,Closed,1178,1,1,2,-0.58
9005009,JNL005009,CU36443,2025-05-25T01:49:00.000Z,APAC,AU,EN,Phone,Billing,No motion alerts,Jonly Floodlight Max,Android,Tier 1,Closed,1512,0,1,5,1.0
9005010,JNL005010,CU65245,2025-05-16T19:39:00.000Z,APAC,AU,DE,Web Form,Connectivity,Doorbell not ringing,Jonly Floodlight Max,iOS,Escalation,Closed,1064,1,0,3,-0.46
9005011,JNL005011,CU89997,2025-05-08T13:25:00.000Z,North America,CA,FR,Phone,Connectivity,Camera offline,Jonly Doorbell Pro,Web,Tier 1,Closed,1117,0,0,5,0.68
9005012,JNL005012,CU22373,2025-06-24T03:17:00.000Z,North America,CA,EN,Chat,Setup,Camera offline,Jonly Cam Indoor,Android,Tier 1,Escalated,1183,0,0,4,1.0
9005013,JNL005013,CU52830,2025-06-19T11:29:00.000Z,North America,CA,DE,Chat,Inquiry,No motion alerts,Jonly Cam Indoor,Web,Tier 2,Closed,1434,1,1,4,0.69
9005014,JNL005014,CU22997,2025-07-21T15:05:00.000Z,North America,US,EN,Email,Setup,False motion alerts,Jonly Cam Outdoor,Other,Tier 1,Closed,1028,0,1,3,-0.14
9005015,JNL005015,CU31854,2025-07-22T17:14:00.000Z,North America,US,EN,Phone,Billing,Camera offline,Jonly Floodlight Max,iOS,Escalation,Closed,1017,1,1,4,0.91
9005016,JNL005016,CU31832,2025-07-17T16:57:00.000Z,APAC,SG,EN,Email,Inquiry,Audio one-way only,Jonly Cam Indoor,Android,Tier 1,Closed,833,1,1,5,1.0
9005017,JNL005017,CU73194,2025-07-06T03:26:00.000Z,North America,US,EN,Chat,Connectivity,Subscription not applied,Jonly Cam Outdoor,Android,Tier 2,Escalated,1029,0,1,1,-0.7
9005018,JNL005018,CU97977,2025-06-14T21:54:00.000Z,North America,US,DE,Phone,Shipping,No motion alerts,Jonly Cam Indoor,Web,Tier 1,Closed,851,0,1,4,0.29
9005019,JNL005019,CU41442,2025-05-24T16:11:00.000Z,North America,US,EN,Community,Inquiry,Order not delivered,Jonly Doorbell Pro,iOS,Tier 1,Closed,682,0,1,4,0.18
9005020,JNL005020,CU15741,2025-06-27T09:33:00.000Z,North America,US,DE,Chat,Inquiry,False motion alerts,Jonly Hub Mini,Android,Tier 1,Closed,1274,0,0,3,0.03
9005021,JNL005021,CU69435,2025-05-27T10:01:00.000Z,North America,US,EN,Email,Account,Camera offline,Jonly Cam Outdoor,iOS,Tier 1,Closed,736,0,1,2,-0.53
9005022,JNL005022,CU96799,2025-07-23T18:53:00.000Z,North America,CA,EN,Chat,Account,Cannot login to app,Jonly Hub Plus,Android,Tier 1,Closed,1525,0,1,5,0.79
9005023,JNL005023,CU55901,2025-07-02T20:48:00.000Z,APAC,NZ,EN,Chat,Shipping,Device will not pair,Jonly Cam Indoor,iOS,Tier 1,Closed,899,1,1,4,0.41
9005024,JNL005024,CU90417,2025-05-16T07:27:00.000Z,North America,CA,EN,Phone,Account,Subscription not applied,Jonly Secure Subscription,Android,Escalation,Closed,599,0,0,5,1.0
9005025,JNL005025,CU76616,2025-06-06T05:08:00.000Z,North America,US,DE,Chat,Connectivity,Cannot login to app,Jonly Cam Outdoor,iOS,Tier 2,Closed,1230,1,1,2,-0.82
9005026,JNL005026,CU49529,2025-07-03T00:44:00.000Z,Europe,DE,DE,Web Form,Billing,No motion alerts,Jonly Floodlight Max,Android,Tier 1,In Progress,746,0,1,3,-0.27
9005027,JNL005027,CU97771,2025-05-28T15:42:00.000Z,Europe,FR,EN,Community,Connectivity,Wrong item received,Jonly Floodlight Max,iOS,Tier 1,Closed,498,0,1,4,0.85
9005028,JNL005028,CU71130,2025-05-28T20:56:00.000Z,Europe,FR,EN,Web Form,Billing,Doorbell not ringing,Jonly Hub Plus,Android,Tier 1,Closed,581,1,1,5,1.0
9005029,JNL005029,CU56750,2025-06-01T21:20:00.000Z,APAC,NZ,EN,Phone,Account,Wrong item received,Jonly Floodlight Max,Android,Tier 1,Closed,1450,1,1,5,1.0
9005030,JNL005030,CU98270,2025-05-27T05:24:00.000Z,APAC,NZ,EN,Phone,Connectivity,Subscription not applied,Jonly Cam Outdoor,Web,Tier 1,Escalated,1860,0,1,5,0.83
9005031,JNL005031,CU75839,2025-07-10T14:49:00.000Z,Europe,DE,EN,Email,Functionality,Poor night vision,Jonly Cam Indoor,Web,Tier 1,Closed,563,1,1,3,-0.11
9005032,JNL005032,CU58037,2025-06-22T09:17:00.000Z,North America,US,EN,Chat,Inquiry,Camera offline,Jonly Floodlight Max,iOS,Tier 2,In Progress,1133,0,1,5,0.99
9005033,JNL005033,CU50278,2025-05-03T11:59:00.000Z,North America,US,EN,Community,Connectivity,Charged twice,Jonly Floodlight Max,Android,Tier 1,Closed,716,1,1,4,0.43
9005034,JNL005034,CU31286,2025-05-29T07:02:00.000Z,North America,US,DE,Phone,Billing,Doorbell not ringing,Jonly Secure Subscription,iOS,Tier 1,Closed,1174,1,1,5,0.67
9005035,JNL005035,CU47880,2025-05-30T13:52:00.000Z,North America,CA,EN,Phone,Inquiry,Poor night vision,Jonly Doorbell Pro,iOS,Tier 2,Closed,548,1,1,1,-0.83
9005036,JNL005036,CU49600,2025-06-19T08:36:00.000Z,North America,CA,EN,Phone,Account,Camera offline,Jonly Hub Plus,Android,Escalation,Closed,1068,0,1,4,1.0
9005037,JNL005037,CU15670,2025-05-10T01:22:00.000Z,North America,US,EN,Phone,Billing,Device will not pair,Jonly Cam Outdoor,Android,Tier 2,Closed,1013,0,1,1,-0.9
9005038,JNL005038,CU72355,2025-06-16T06:41:00.000Z,North America,CA,FR,Chat,Account,Wrong item received,Jonly Secure Subscription,iOS,Tier 2,Closed,393,0,1,5,0.73
9005039,JNL005039,CU29526,2025-06-19T19:52:00.000Z,North America,CA,EN,Web Form,Billing,Video not loading,Jonly Secure Subscription,iOS,Tier 1,Closed,1351,1,1,4,0.18
9005040,JNL005040,CU63001,2025-05-30T16:52:00.000Z,North America,CA,EN,Chat,Billing,Charged twice,Jonly Hub Plus,Web,Escalation,Closed,598,0,1,3,0.25
9005041,JNL005041,CU26578,2025-07-07T16:05:00.000Z,North America,CA,EN,Chat,Functionality,Laggy live view,Jonly Hub Plus,Android,Tier 2,In Progress,1100,1,1,3,-0.04
9005042,JNL005042,CU38384,2025-05-24T02:19:00.000Z,North America,US,EN,Phone,Setup,Audio one-way only,Jonly Floodlight Max,iOS,Tier 1,Closed,1384,0,1,1,-0.95
9005043,JNL005043,CU75108,2025-07-24T00:40:00.000Z,Europe,DE,FR,Community,Functionality,Laggy live view,Jonly Cam Outdoor,Android,Tier 1,Closed,938,0,0,5,0.53
9005044,JNL005044,CU38320,2025-07-21T21:27:00.000Z,North America,CA,FR,Web Form,Connectivity,Audio one-way only,Jonly Doorbell Pro,Other,Tier 2,Closed,488,0,1,4,0.22
9005045,JNL005045,CU60436,2025-07-13T08:04:00.000Z,North America,CA,DE,Chat,Functionality,Audio one-way only,Jonly Doorbell Pro,iOS,Tier 1,Closed,543,0,1,3,-0.18
9005046,JNL005046,CU87345,2025-05-11T19:27:00.000Z,North America,US,EN,Email,Functionality,Two-factor issues,Jonly Cam Indoor,Android,Tier 1,Closed,626,0,1,3,-0.25
9005047,JNL005047,CU42719,2025-06-23T07:26:00.000Z,Europe,GB,EN,Email,Inquiry,Poor night vision,Jonly Cam Outdoor,Web,Tier 2,Closed,1080,0,1,5,1.0
9005048,JNL005048,CU11891,2025-06-17T18:18:00.000Z,North America,US,EN,Phone,Connectivity,Device will not pair,Jonly Floodlight Max,iOS,Tier 1,Closed,1158,0,1,3,-0.13
9005049,JNL005049,CU28320,2025-05-28T03:31:00.000Z,APAC,SG,DE,Chat,Connectivity,Charged twice,Jonly Doorbell Pro,Web,Tier 1,Closed,1206,1,1,5,1.0
9005050,JNL005050,CU74409,2025-06-23T15:08:00.000Z,North America,US,EN,Email,Functionality,Doorbell not ringing,Jonly Floodlight Max,Web,Tier 2,Closed,1393,1,1,4,0.21
9005051,JNL005051,CU57355,2025-06-02T18:03:00.000Z,North America,CA,EN,Phone,Billing,Two-factor issues,Jonly Cam Indoor,Android,Tier 1,Closed,551,0,1,4,-0.21
9005052,JNL005052,CU93436,2025-06-30T02:41:00.000Z,North America,CA,EN,Phone,Setup,Order not delivered,Jonly Cam Outdoor,Android,Tier 1,Closed,1632,0,1,4,1.0
9005053,JNL005053,CU47743,2025-06-18T10:02:00.000Z,North America,CA,EN,Email,Functionality,Cannot login to app,Jonly Hub Plus,Android,Tier 1,Closed,726,1,1,4,0.46
9005054,JNL005054,CU72384,2025-07-24T18:29:00.000Z,North America,US,FR,Community,Account,False motion alerts,Jonly Doorbell Pro,Android,Tier 1,In Progress,701,0,1,5,1.0
9005055,JNL005055,CU15950,2025-07-09T19:09:00.000Z,North America,US,EN,Phone,Shipping,Charged twice,Jonly Hub Mini,Android,Tier 2,Closed,717,0,1,3,0.38
9005056,JNL005056,CU66963,2025-07-01T20:05:00.000Z,North America,US,EN,Phone,Functionality,Cannot login to app,Jonly Cam Outdoor,iOS,Escalation,Closed,774,0,1,4,0.85
9005057,JNL005057,CU27714,2025-07-03T00:35:00.000Z,North America,CA,EN,Chat,Functionality,Laggy live view,Jonly Secure Subscription,Android,Tier 1,Closed,1162,2,1,3,-0.26
9005058,JNL005058,CU66129,2025-06-09T11:46:00.000Z,Europe,FR,DE,Community,Connectivity,Video not loading,Jonly Hub Plus,Android,Tier 1,Closed,717,0,1,4,0.73
9005059,JNL005059,CU86302,2025-07-12T16:08:00.000Z,North America,CA,EN,Community,Functionality,Camera offline,Jonly Floodlight Max,iOS,Tier 1,Closed,1051,0,1,4,0.48
9005060,JNL005060,CU22127,2025-07-20T14:02:00.000Z,North America,US,EN,Chat,Functionality,Doorbell not ringing,Jonly Hub Mini,iOS,Escalation,Closed,658,0,1,2,-0.93
9005061,JNL005061,CU22730,2025-05-18T01:56:00.000Z,Europe,NL,EN,Phone,Connectivity,Cannot login to app,Jonly Cam Outdoor,Web,Escalation,Escalated,1410,0,0,4,0.26
9005062,JNL005062,CU74029,2025-07-09T00:04:00.000Z,North America,CA,EN,Phone,Connectivity,Audio one-way only,Jonly Secure Subscription,Other,Escalation,Closed,1948,1,1,5,0.71
9005063,JNL005063,CU24108,2025-05-21T04:33:00.000Z,North America,CA,EN,Chat,Account,Wrong item received,Jonly Cam Outdoor,iOS,Tier 2,Escalated,512,0,1,4,0.76
9005064,JNL005064,CU25814,2025-05-15T23:57:00.000Z,North America,US,EN,Phone,Inquiry,Device will not pair,Jonly Hub Plus,Android,Tier 1,Closed,1360,0,1,5,1.0
9005065,JNL005065,CU61763,2025-05-12T21:07:00.000Z,North America,US,FR,Chat,Shipping,Audio one-way only,Jonly Floodlight Max,Other,Escalation,Closed,1284,0,1,5,0.46
9005066,JNL005066,CU46508,2025-05-26T15:09:00.000Z,Europe,GB,EN,Chat,Functionality,Doorbell not ringing,Jonly Hub Mini,iOS,Escalation,Closed,534,1,1,3,0.28
9005067,JNL005067,CU18007,2025-06-22T20:09:00.000Z,North America,CA,EN,Web Form,Setup,False motion alerts,Jonly Cam Indoor,iOS,Tier 1,Closed,950,1,1,4,0.54
9005068,JNL005068,CU77336,2025-05-25T03:25:00.000Z,North America,CA,EN,Chat,Billing,Doorbell not ringing,Jonly Hub Mini,iOS,Tier 1,Closed,1122,2,1,3,1.0
9005069,JNL005069,CU83654,2025-07-05T13:03:00.000Z,North America,US,EN,Chat,Connectivity,Camera offline,Jonly Cam Outdoor,Android,Tier 1,Closed,1261,2,1,5,0.9
9005070,JNL005070,CU42849,2025-07-25T21:55:00.000Z,North America,CA,DE,Phone,Connectivity,Camera offline,Jonly Cam Indoor,iOS,Tier 2,Closed,1425,0,1,4,0.64
9005071,JNL005071,CU91064,2025-07-18T18:33:00.000Z,APAC,AU,FR,Web Form,Inquiry,Poor night vision,Jonly Floodlight Max,iOS,Tier 1,Closed,1142,3,1,4,0.53
9005072,JNL005072,CU93538,2025-07-18T07:56:00.000Z,North America,US,DE,Web Form,Shipping,Video not loading,Jonly Floodlight Max,Android,Tier 2,Closed,450,1,1,4,0.15
9005073,JNL005073,CU19355,2025-07-29T13:59:00.000Z,North America,CA,FR,Phone,Connectivity,Audio one-way only,Jonly Cam Outdoor,Android,Tier 1,Escalated,707,1,1,5,0.29
9005074,JNL005074,CU88963,2025-06-23T15:45:00.000Z,Europe,NL,EN,Web Form,Functionality,No motion alerts,Jonly Cam Indoor,Android,Tier 1,Closed,911,0,1,4,0.23
9005075,JNL005075,CU20499,2025-06-18T16:16:00.000Z,North America,US,EN,Email,Inquiry,Two-factor issues,Jonly Hub Mini,Android,Tier 2,Closed,691,0,1,4,0.6
9005076,JNL005076,CU74881,2025-07-16T21:43:00.000Z,Europe,DE,EN,Phone,Inquiry,Audio one-way only,Jonly Doorbell Pro,iOS,Tier 1,Closed,982,0,1,3,-0.18
9005077,JNL005077,CU43551,2025-05-22T16:18:00.000Z,North America,CA,EN,Phone,Connectivity,Charged twice,Jonly Hub Mini,iOS,Tier 1,Closed,180,0,1,5,1.0
9005078,JNL005078,CU65997,2025-07-27T13:06:00.000Z,North America,CA,EN,Phone,Account,Wrong item received,Jonly Secure Subscription,Android,Tier 2,Escalated,1288,0,1,2,0.11
9005079,JNL005079,CU80147,2025-05-07T17:24:00.000Z,North America,US,EN,Phone,Functionality,Device will not pair,Jonly Secure Subscription,iOS,Tier 2,Closed,986,0,1,3,0.01
9005080,JNL005080,CU53686,2025-07-01T04:41:00.000Z,Europe,GB,EN,Chat,Account,Cannot login to app,Jonly Secure Subscription,Android,Tier 1,Closed,1204,0,1,4,0.42
9005081,JNL005081,CU74147,2025-07-28T17:50:00.000Z,Europe,GB,DE,Community,Setup,Order not delivered,Jonly Secure Subscription,Web,Tier 2,Closed,893,0,1,5,0.79
9005082,JNL005082,CU53628,2025-06-26T02:52:00.000Z,North America,US,DE,Community,Setup,Audio one-way only,Jonly Secure Subscription,Web,Tier 1,Closed,1003,0,1,5,1.0
9005083,JNL005083,CU61279,2025-07-01T23:34:00.000Z,APAC,NZ,NL,Phone,Billing,Video not loading,Jonly Secure Subscription,iOS,Tier 1,Closed,1599,1,0,4,0.22
9005084,JNL005084,CU32318,2025-06-17T20:41:00.000Z,Europe,FR,EN,Web Form,Inquiry,Charged twice,Jonly Cam Indoor,iOS,Tier 1,Closed,404,0,1,4,-0.02
9005085,JNL005085,CU16259,2025-06-13T09:23:00.000Z,Europe,GB,NL,Phone,Billing,Doorbell not ringing,Jonly Doorbell Pro,iOS,Tier 1,Closed,999,0,1,4,0.39
9005086,JNL005086,CU28327,2025-06-08T21:53:00.000Z,North America,CA,FR,Email,Account,Poor night vision,Jonly Cam Outdoor,iOS,Tier 1,In Progress,692,0,1,5,1.0
9005087,JNL005087,CU61954,2025-07-14T17:49:00.000Z,Europe,GB,EN,Phone,Shipping,Video not loading,Jonly Cam Indoor,Other,Tier 2,Closed,1715,1,1,5,0.92
9005088,JNL005088,CU33792,2025-05-29T15:30:00.000Z,Europe,FR,EN,Phone,Setup,Subscription not applied,Jonly Doorbell Pro,Android,Tier 2,Closed,1439,2,1,3,-0.82
9005089,JNL005089,CU22558,2025-05-10T03:34:00.000Z,North America,CA,EN,Phone,Inquiry,Cannot login to app,Jonly Secure Subscription,Android,Tier 2,Closed,1150,1,1,2,-0.38
9005090,JNL005090,CU49359,2025-06-01T19:31:00.000Z,Europe,NL,FR,Phone,Shipping,Cannot login to app,Jonly Hub Plus,iOS,Escalation,Closed,1044,0,1,3,-0.83
9005091,JNL005091,CU38200,2025-06-20T14:21:00.000Z,Europe,DE,NL,Phone,Functionality,Video not loading,Jonly Cam Outdoor,iOS,Tier 1,Escalated,1585,0,1,4,-0.63
9005092,JNL005092,CU59849,2025-06-23T13:28:00.000Z,North America,CA,EN,Phone,Account,Two-factor issues,Jonly Floodlight Max,Android,Tier 1,Closed,1132,0,1,5,1.0
9005093,JNL005093,CU11691,2025-06-27T21:26:00.000Z,North America,US,EN,Chat,Setup,Order not delivered,Jonly Hub Mini,Android,Tier 1,Closed,998,1,0,4,-0.04
9005094,JNL005094,CU55920,2025-06-08T22:20:00.000Z,North America,US,EN,Chat,Inquiry,Subscription not applied,Jonly Cam Outdoor,Web,Tier 1,In Progress,1138,0,1,4,0.27
9005095,JNL005095,CU65565,2025-06-05T15:59:00.000Z,APAC,AU,FR,Phone,Shipping,Device will not pair,Jonly Cam Outdoor,Web,Tier 1,Closed,854,0,1,4,0.81
9005096,JNL005096,CU92776,2025-05-17T06:40:00.000Z,North America,CA,EN,Phone,Functionality,Wrong item received,Jonly Floodlight Max,Android,Tier 2,Escalated,1461,0,1,4,0.54
9005097,JNL005097,CU89589,2025-07-11T13:02:00.000Z,North America,US,EN,Phone,Inquiry,Subscription not applied,Jonly Cam Indoor,iOS,Tier 1,Closed,271,1,0,5,0.77
9005098,JNL005098,CU90248,2025-05-09T11:13:00.000Z,Europe,DE,FR,Phone,Inquiry,Audio one-way only,Jonly Hub Mini,Other,Tier 2,Closed,352,1,1,2,-0.32
9005099,JNL005099,CU47079,2025-06-03T22:57:00.000Z,North America,US,FR,Phone,Connectivity,Poor night vision,Jonly Floodlight Max,iOS,Tier 1,Closed,1319,0,1,2,-0.42
9005100,JNL005100,CU10754,2025-05-10T03:10:00.000Z,North America,CA,EN,Phone,Account,Poor night vision,Jonly Cam Indoor,iOS,Tier 2,Escalated,1291,0,1,5,0.78
9005101,JNL005101,CU85339,2025-07-01T19:10:00.000Z,North America,US,DE,Web Form,Functionality,Wrong item received,Jonly Cam Outdoor,Android,Tier 1,Closed,818,0,1,3,-0.24
9005102,JNL005102,CU90740,2025-05-03T11:07:00.000Z,North America,US,EN,Chat,Account,No motion alerts,Jonly Hub Plus,Android,Tier 1,Closed,1109,0,1,5,0.39
9005103,JNL005103,CU48384,2025-06-07T09:20:00.000Z,North America,US,EN,Email,Functionality,Audio one-way only,Jonly Secure Subscription,iOS,Tier 1,In Progress,1019,0,1,4,1.0
9005104,JNL005104,CU71038,2025-07-15T11:18:00.000Z,North America,US,EN,Web Form,Functionality,Laggy live view,Jonly Doorbell Pro,Android,Tier 1,Closed,1099,1,1,3,0.02
9005105,JNL005105,CU59603,2025-06-15T04:09:00.000Z,North America,US,EN,Phone,Billing,No motion alerts,Jonly Floodlight Max,Web,Tier 1,Closed,838,1,1,4,0.25
9005106,JNL005106,CU28061,2025-05-31T19:42:00.000Z,North America,CA,EN,Web Form,Connectivity,No motion alerts,Jonly Hub Mini,iOS,Tier 1,Closed,744,1,1,2,-0.84
9005107,JNL005107,CU27364,2025-07-30T06:34:00.000Z,Europe,DE,EN,Email,Billing,Video not loading,Jonly Hub Plus,Android,Tier 1,Closed,775,0,0,2,-0.04
9005108,JNL005108,CU28666,2025-05-23T01:58:00.000Z,APAC,AU,EN,Email,Shipping,No motion alerts,Jonly Doorbell Pro,Web,Tier 1,Closed,773,0,1,5,0.78
9005109,JNL005109,CU53739,2025-06-13T21:48:00.000Z,North America,CA,EN,Email,Setup,Doorbell not ringing,Jonly Secure Subscription,iOS,Tier 1,Closed,518,2,1,3,0.74
9005110,JNL005110,CU50598,2025-05-12T01:49:00.000Z,Europe,FR,EN,Phone,Functionality,Video not loading,Jonly Secure Subscription,iOS,Tier 2,Closed,1727,0,0,3,0.05
9005111,JNL005111,CU53732,2025-06-16T20:14:00.000Z,APAC,SG,EN,Phone,Setup,Cannot login to app,Jonly Hub Plus,Other,Tier 1,Closed,447,0,1,4,0.68
9005112,JNL005112,CU61281,2025-05-17T23:29:00.000Z,North America,CA,FR,Chat,Functionality,Two-factor issues,Jonly Floodlight Max,Web,Tier 1,Escalated,1021,0,1,5,1.0
9005113,JNL005113,CU39802,2025-05-28T22:54:00.000Z,Europe,DE,EN,Web Form,Functionality,Laggy live view,Jonly Cam Outdoor,Android,Tier 1,Closed,707,0,0,5,1.0
9005114,JNL005114,CU23661,2025-07-23T07:39:00.000Z,North America,CA,EN,Phone,Billing,Wrong item received,Jonly Hub Plus,Android,Tier 2,Closed,516,0,0,4,0.62
9005115,JNL005115,CU59686,2025-06-02T10:01:00.000Z,Europe,DE,EN,Phone,Account,Subscription not applied,Jonly Hub Plus,Web,Tier 1,Closed,1306,0,1,5,1.0
9005116,JNL005116,CU49704,2025-07-11T03:54:00.000Z,Europe,DE,EN,Chat,Inquiry,Audio one-way only,Jonly Hub Plus,Android,Escalation,Closed,274,0,1,4,-0.03
9005117,JNL005117,CU74380,2025-07-25T13:06:00.000Z,Europe,NL,EN,Chat,Account,Camera offline,Jonly Secure Subscription,Android,Tier 1,Escalated,930,0,1,4,0.74
9005118,JNL005118,CU71151,2025-06-11T17:13:00.000Z,APAC,NZ,DE,Phone,Functionality,Two-factor issues,Jonly Cam Indoor,Other,Tier 2,Closed,1359,1,1,5,1.0
9005119,JNL005119,CU69186,2025-06-23T14:49:00.000Z,North America,US,EN,Community,Inquiry,Poor night vision,Jonly Doorbell Pro,Android,Tier 1,Closed,594,0,0,4,0.1
9005120,JNL005120,CU52110,2025-07-19T00:31:00.000Z,North America,CA,EN,Email,Connectivity,Charged twice,Jonly Doorbell Pro,Other,Tier 1,Closed,479,1,1,3,-0.16
9005121,JNL005121,CU79921,2025-07-19T11:26:00.000Z,Europe,GB,EN,Web Form,Connectivity,Doorbell not ringing,Jonly Cam Indoor,Android,Tier 2,Closed,1044,2,1,3,0.32
9005122,JNL005122,CU90297,2025-05-02T10:21:00.000Z,Europe,DE,FR,Phone,Inquiry,No motion alerts,Jonly Hub Mini,iOS,Tier 1,Escalated,1210,0,1,3,0.1
9005123,JNL005123,CU62624,2025-06-08T08:02:00.000Z,Europe,GB,EN,Chat,Connectivity,False motion alerts,Jonly Floodlight Max,iOS,Tier 2,Closed,335,1,1,4,0.78
9005124,JNL005124,CU33350,2025-06-16T12:42:00.000Z,North America,US,EN,Chat,Shipping,Laggy live view,Jonly Hub Mini,Android,Tier 1,Closed,1173,0,1,3,0.46
9005125,JNL005125,CU53697,2025-05-25T11:46:00.000Z,North America,CA,EN,Chat,Connectivity,Cannot login to app,Jonly Doorbell Pro,iOS,Tier 1,In Progress,539,0,0,3,0.02
9005126,JNL005126,CU69801,2025-07-06T12:15:00.000Z,Europe,NL,FR,Phone,Functionality,Audio one-way only,Jonly Doorbell Pro,Android,Tier 1,Closed,1191,0,1,2,-1.0
9005127,JNL005127,CU54752,2025-05-10T06:17:00.000Z,Europe,FR,EN,Phone,Connectivity,Doorbell not ringing,Jonly Floodlight Max,Android,Tier 2,Closed,1014,0,1,4,0.93
9005128,JNL005128,CU77684,2025-06-03T17:58:00.000Z,APAC,SG,EN,Email,Inquiry,Order not delivered,Jonly Hub Plus,Android,Tier 1,Closed,1015,0,1,3,-0.44
9005129,JNL005129,CU14813,2025-06-09T10:02:00.000Z,Europe,FR,FR,Phone,Setup,Subscription not applied,Jonly Floodlight Max,iOS,Tier 1,Closed,778,0,1,5,1.0
9005130,JNL005130,CU35081,2025-05-18T12:21:00.000Z,North America,US,EN,Phone,Inquiry,Camera offline,Jonly Hub Mini,iOS,Tier 2,Closed,1493,0,1,4,-0.05
9005131,JNL005131,CU32750,2025-07-06T06:37:00.000Z,Europe,DE,EN,Phone,Inquiry,Two-factor issues,Jonly Hub Plus,Android,Tier 1,Closed,1265,0,1,4,0.0
9005132,JNL005132,CU48805,2025-06-29T20:16:00.000Z,North America,US,EN,Phone,Inquiry,Order not delivered,Jonly Secure Subscription,iOS,Tier 1,Closed,1306,0,1,5,1.0
9005133,JNL005133,CU58658,2025-05-29T16:18:00.000Z,APAC,NZ,FR,Email,Functionality,Device will not pair,Jonly Secure Subscription,iOS,Tier 1,Closed,1163,0,1,2,-0.09
9005134,JNL005134,CU94689,2025-06-22T02:41:00.000Z,APAC,SG,EN,Phone,Setup,Audio one-way only,Jonly Secure Subscription,Web,Tier 2,Closed,1703,0,1,2,0.46
9005135,JNL005135,CU22257,2025-06-03T20:28:00.000Z,APAC,NZ,EN,Phone,Connectivity,Order not delivered,Jonly Doorbell Pro,Web,Tier 1,Closed,1514,0,1,3,0.4
9005136,JNL005136,CU22128,2025-07-06T20:41:00.000Z,North America,US,EN,Phone,Functionality,False motion alerts,Jonly Floodlight Max,Android,Tier 1,Closed,1100,0,1,4,0.66
9005137,JNL005137,CU97674,2025-05-30T06:52:00.000Z,Europe,NL,EN,Phone,Functionality,Cannot login to app,Jonly Doorbell Pro,iOS,Tier 1,Closed,1241,0,1,4,0.37
9005138,JNL005138,CU55893,2025-06-10T19:38:00.000Z,APAC,SG,EN,Phone,Inquiry,Doorbell not ringing,Jonly Cam Indoor,iOS,Tier 1,Closed,1161,0,1,4,0.4
9005139,JNL005139,CU51356,2025-05-15T07:33:00.000Z,North America,CA,DE,Web Form,Setup,Audio one-way only,Jonly Cam Indoor,iOS,Tier 1,Closed,478,1,1,4,0.93
9005140,JNL005140,CU90385,2025-05-14T18:10:00.000Z,APAC,AU,EN,Phone,Inquiry,Audio one-way only,Jonly Hub Plus,Android,Tier 1,Closed,584,0,1,3,0.49
9005141,JNL005141,CU79965,2025-06-28T12:29:00.000Z,APAC,AU,EN,Phone,Functionality,Poor night vision,Jonly Cam Outdoor,Android,Tier 1,Closed,1437,0,1,4,1.0
9005142,JNL005142,CU98970,2025-05-19T13:41:00.000Z,North America,CA,EN,Email,Billing,Doorbell not ringing,Jonly Floodlight Max,Android,Tier 1,Closed,904,0,1,3,-0.41
9005143,JNL005143,CU51041,2025-05-15T20:48:00.000Z,Europe,GB,EN,Phone,Billing,Laggy live view,Jonly Cam Indoor,Other,Tier 1,Closed,2058,0,1,5,1.0
9005144,JNL005144,CU53057,2025-05-30T13:32:00.000Z,North America,US,EN,Chat,Setup,Cannot login to app,Jonly Secure Subscription,Android,Tier 2,Escalated,1475,1,1,5,0.51
9005145,JNL005145,CU49695,2025-06-30T22:58:00.000Z,Europe,NL,EN,Chat,Functionality,Poor night vision,Jonly Cam Outdoor,Web,Tier 1,Closed,652,2,1,3,-0.54
9005146,JNL005146,CU98123,2025-07-31T01:07:00.000Z,Europe,DE,EN,Phone,Shipping,Camera offline,Jonly Cam Outdoor,iOS,Tier 1,Closed,798,0,1,3,0.29
9005147,JNL005147,CU72175,2025-06-18T11:46:00.000Z,Europe,NL,DE,Community,Account,Video not loading,Jonly Floodlight Max,Other,Escalation,In Progress,478,1,1,4,0.08
9005148,JNL005148,CU30909,2025-06-22T05:06:00.000Z,APAC,AU,NL,Community,Account,Video not loading,Jonly Cam Indoor,iOS,Tier 2,Closed,764,0,1,4,0.38
9005149,JNL005149,CU21547,2025-06-14T16:34:00.000Z,North America,CA,EN,Web Form,Setup,No motion alerts,Jonly Hub Mini,Android,Tier 2,Closed,757,0,0,2,-0.36
9005150,JNL005150,CU71907,2025-06-20T15:37:00.000Z,Europe,DE,DE,Web Form,Billing,Subscription not applied,Jonly Floodlight Max,Other,Escalation,Closed,798,0,1,2,-0.18
9005151,JNL005151,CU60127,2025-07-18T23:26:00.000Z,North America,US,NL,Chat,Connectivity,False motion alerts,Jonly Hub Mini,iOS,Tier 2,Closed,395,0,1,3,-0.34
9005152,JNL005152,CU65941,2025-07-21T15:33:00.000Z,Europe,DE,EN,Chat,Account,Subscription not applied,Jonly Hub Plus,iOS,Tier 2,Closed,769,0,1,3,0.65
9005153,JNL005153,CU52167,2025-05-14T00:06:00.000Z,North America,US,EN,Community,Billing,Order not delivered,Jonly Hub Mini,iOS,Tier 2,Closed,180,0,1,5,0.33
9005154,JNL005154,CU99553,2025-07-04T06:38:00.000Z,Europe,GB,EN,Chat,Connectivity,Poor night vision,Jonly Floodlight Max,Android,Tier 1,Escalated,907,0,1,4,0.68
9005155,JNL005155,CU66485,2025-05-26T09:20:00.000Z,Europe,NL,EN,Chat,Connectivity,Camera offline,Jonly Secure Subscription,Android,Tier 1,Escalated,1420,0,0,5,1.0
9005156,JNL005156,CU99674,2025-06-16T15:03:00.000Z,North America,CA,NL,Phone,Connectivity,Cannot login to app,Jonly Secure Subscription,Other,Tier 1,Closed,589,1,1,5,1.0
9005157,JNL005157,CU56476,2025-05-14T23:12:00.000Z,APAC,SG,EN,Phone,Functionality,Subscription not applied,Jonly Cam Indoor,Web,Escalation,In Progress,1273,1,1,5,0.23
9005158,JNL005158,CU78623,2025-07-31T21:52:00.000Z,North America,US,EN,Chat,Functionality,Camera offline,Jonly Hub Mini,Web,Tier 1,Closed,729,1,1,2,-0.02
9005159,JNL005159,CU82696,2025-06-18T19:16:00.000Z,North America,CA,EN,Chat,Billing,Cannot login to app,Jonly Floodlight Max,Android,Tier 1,Closed,370,0,1,3,0.22
9005160,JNL005160,CU72241,2025-06-06T10:06:00.000Z,APAC,AU,DE,Community,Setup,Two-factor issues,Jonly Floodlight Max,Android,Tier 2,Closed,350,1,1,5,1.0
9005161,JNL005161,CU34003,2025-05-11T17:06:00.000Z,APAC,SG,EN,Phone,Inquiry,Order not delivered,Jonly Cam Indoor,Android,Tier 1,Escalated,912,1,1,5,0.8
9005162,JNL005162,CU14557,2025-07-21T21:19:00.000Z,North America,CA,DE,Chat,Account,Audio one-way only,Jonly Hub Plus,Web,Tier 1,Closed,768,1,1,5,0.81
9005163,JNL005163,CU37033,2025-07-04T19:16:00.000Z,North America,CA,EN,Email,Connectivity,No motion alerts,Jonly Doorbell Pro,iOS,Tier 1,Closed,818,0,1,1,-0.97
9005164,JNL005164,CU66578,2025-06-08T05:18:00.000Z,Europe,DE,FR,Email,Connectivity,False motion alerts,Jonly Doorbell Pro,Web,Tier 2,Closed,750,0,0,5,1.0
9005165,JNL005165,CU80304,2025-07-17T07:18:00.000Z,APAC,SG,EN,Email,Functionality,Cannot login to app,Jonly Hub Plus,Android,Tier 1,Escalated,1137,2,1,3,0.79
9005166,JNL005166,CU32821,2025-07-21T20:58:00.000Z,North America,US,EN,Web Form,Account,Charged twice,Jonly Hub Mini,Web,Tier 1,Closed,1080,0,0,1,-0.76
9005167,JNL005167,CU13391,2025-05-31T18:13:00.000Z,North America,US,NL,Chat,Connectivity,Laggy live view,Jonly Hub Mini,iOS,Escalation,Closed,906,0,1,1,-1.0
9005168,JNL005168,CU67679,2025-05-05T01:28:00.000Z,North America,US,DE,Phone,Inquiry,Doorbell not ringing,Jonly Floodlight Max,Android,Tier 1,Closed,1603,1,1,3,0.66
9005169,JNL005169,CU82634,2025-07-14T23:11:00.000Z,North America,US,FR,Phone,Setup,Charged twice,Jonly Doorbell Pro,Android,Escalation,Closed,1960,0,1,1,-1.0
9005170,JNL005170,CU55663,2025-07-15T05:11:00.000Z,Europe,FR,DE,Chat,Inquiry,Poor night vision,Jonly Hub Mini,Android,Tier 1,Closed,375,0,1,5,0.67
9005171,JNL005171,CU67349,2025-07-22T04:29:00.000Z,APAC,NZ,EN,Phone,Inquiry,False motion alerts,Jonly Floodlight Max,Android,Tier 2,In Progress,668,0,1,4,-0.36
9005172,JNL005172,CU91444,2025-05-05T18:46:00.000Z,North America,US,EN,Phone,Billing,Two-factor issues,Jonly Secure Subscription,Android,Tier 1,Closed,1344,1,1,4,0.77
9005173,JNL005173,CU68798,2025-05-31T13:48:00.000Z,North America,US,EN,Phone,Shipping,Video not loading,Jonly Hub Plus,iOS,Tier 1,Closed,2158,0,1,2,-0.11
9005174,JNL005174,CU41577,2025-07-09T20:29:00.000Z,North America,CA,EN,Chat,Billing,Camera offline,Jonly Hub Plus,Web,Tier 1,Closed,961,1,1,4,0.72
9005175,JNL005175,CU18407,2025-05-17T06:19:00.000Z,North America,US,EN,Web Form,Functionality,No motion alerts,Jonly Cam Outdoor,iOS,Tier 2,Closed,615,1,1,4,0.25
9005176,JNL005176,CU93263,2025-06-30T09:03:00.000Z,Europe,NL,EN,Phone,Connectivity,Video not loading,Jonly Cam Outdoor,Web,Tier 2,Closed,844,0,0,5,1.0
9005177,JNL005177,CU15110,2025-05-30T09:33:00.000Z,Europe,DE,EN,Phone,Account,No motion alerts,Jonly Cam Outdoor,Android,Tier 1,Closed,1033,1,1,4,0.93
9005178,JNL005178,CU82264,2025-05-22T05:12:00.000Z,North America,US,EN,Phone,Setup,Order not delivered,Jonly Doorbell Pro,iOS,Tier 1,Closed,2148,0,1,3,0.29
9005179,JNL005179,CU32702,2025-05-20T20:31:00.000Z,Europe,FR,EN,Email,Functionality,False motion alerts,Jonly Hub Mini,iOS,Tier 1,Closed,976,1,1,5,0.93
9005180,JNL005180,CU14452,2025-05-06T00:01:00.000Z,North America,CA,EN,Phone,Functionality,Camera offline,Jonly Floodlight Max,iOS,Tier 1,Closed,1150,1,1,3,-0.28
9005181,JNL005181,CU51395,2025-06-13T10:04:00.000Z,APAC,SG,EN,Chat,Billing,Laggy live view,Jonly Cam Indoor,Android,Tier 1,Closed,565,1,1,5,1.0
9005182,JNL005182,CU21318,2025-07-31T13:11:00.000Z,Europe,NL,EN,Phone,Account,Charged twice,Jonly Floodlight Max,iOS,Tier 1,Closed,951,1,1,1,-0.71
9005183,JNL005183,CU53148,2025-06-08T03:25:00.000Z,Europe,DE,DE,Phone,Setup,Doorbell not ringing,Jonly Doorbell Pro,iOS,Tier 1,Closed,1209,1,1,3,1.0
9005184,JNL005184,CU89068,2025-06-02T16:46:00.000Z,North America,CA,EN,Phone,Billing,Subscription not applied,Jonly Cam Outdoor,Android,Tier 1,Closed,1336,0,1,3,0.04
9005185,JNL005185,CU64334,2025-07-21T00:10:00.000Z,North America,CA,EN,Phone,Functionality,Wrong item received,Jonly Cam Outdoor,iOS,Tier 1,Closed,1399,0,1,4,0.93
9005186,JNL005186,CU84671,2025-07-01T06:28:00.000Z,Europe,DE,EN,Phone,Functionality,Subscription not applied,Jonly Cam Indoor,Android,Tier 2,Closed,836,0,1,3,-0.48
9005187,JNL005187,CU83220,2025-06-21T01:02:00.000Z,North America,US,EN,Phone,Inquiry,Charged twice,Jonly Hub Mini,Android,Tier 1,Closed,984,0,1,1,-1.0
9005188,JNL005188,CU31894,2025-05-25T00:38:00.000Z,Europe,DE,EN,Web Form,Connectivity,Two-factor issues,Jonly Cam Outdoor,Android,Tier 1,Closed,713,0,1,3,0.18
9005189,JNL005189,CU11639,2025-07-29T23:32:00.000Z,North America,US,EN,Chat,Inquiry,Two-factor issues,Jonly Cam Indoor,Android,Tier 1,Closed,486,1,1,3,0.07
9005190,JNL005190,CU46735,2025-07-06T08:57:00.000Z,North America,US,DE,Chat,Functionality,Doorbell not ringing,Jonly Cam Indoor,iOS,Tier 1,Closed,1002,1,1,5,0.93
9005191,JNL005191,CU70586,2025-06-13T10:46:00.000Z,Europe,GB,EN,Phone,Inquiry,Two-factor issues,Jonly Hub Plus,Web,Tier 2,Closed,1538,1,1,5,0.57
9005192,JNL005192,CU27294,2025-07-18T12:46:00.000Z,Europe,NL,DE,Email,Account,Two-factor issues,Jonly Cam Indoor,Android,Tier 1,Closed,695,1,1,4,0.53
9005193,JNL005193,CU19425,2025-06-20T03:36:00.000Z,APAC,NZ,EN,Phone,Connectivity,Camera offline,Jonly Secure Subscription,iOS,Escalation,Closed,1190,1,0,4,0.37
9005194,JNL005194,CU70406,2025-05-28T06:46:00.000Z,North America,CA,EN,Phone,Connectivity,Device will not pair,Jonly Secure Subscription,iOS,Tier 2,In Progress,780,0,1,4,0.39
9005195,JNL005195,CU94897,2025-05-29T11:56:00.000Z,North America,US,EN,Chat,Inquiry,Video not loading,Jonly Doorbell Pro,iOS,Tier 1,Closed,1315,0,1,4,0.84
9005196,JNL005196,CU60689,2025-05-17T12:14:00.000Z,North America,US,EN,Phone,Inquiry,Audio one-way only,Jonly Cam Indoor,Android,Tier 1,Closed,1036,1,1,5,1.0
9005197,JNL005197,CU52887,2025-05-22T14:05:00.000Z,North America,US,EN,Chat,Billing,Charged twice,Jonly Hub Plus,Android,Tier 1,Closed,788,0,0,2,-0.39
9005198,JNL005198,CU39845,2025-07-25T06:22:00.000Z,North America,CA,EN,Phone,Connectivity,No motion alerts,Jonly Doorbell Pro,iOS,Tier 1,Escalated,1302,0,1,5,0.39
9005199,JNL005199,CU33974,2025-05-22T13:35:00.000Z,APAC,AU,EN,Web Form,Account,Doorbell not ringing,Jonly Cam Indoor,iOS,Tier 1,Closed,813,0,1,3,-0.13
9005200,JNL005200,CU45365,2025-05-02T15:57:00.000Z,APAC,NZ,EN,Web Form,Inquiry,Charged twice,Jonly Cam Outdoor,Android,Tier 2,Closed,844,1,1,5,0.87
9005201,JNL005201,CU33843,2025-07-18T02:05:00.000Z,North America,CA,EN,Phone,Account,Order not delivered,Jonly Cam Outdoor,Android,Tier 1,Closed,684,1,1,2,-0.3
9005202,JNL005202,CU39622,2025-05-22T00:32:00.000Z,North America,CA,EN,Email,Inquiry,Poor night vision,Jonly Hub Plus,iOS,Tier 1,Closed,716,1,0,4,0.82
9005203,JNL005203,CU81900,2025-07-16T22:53:00.000Z,Europe,NL,DE,Phone,Inquiry,Doorbell not ringing,Jonly Floodlight Max,Android,Tier 1,Escalated,1717,0,1,3,0.17
9005204,JNL005204,CU44377,2025-07-30T10:37:00.000Z,APAC,AU,EN,Chat,Functionality,Poor night vision,Jonly Cam Indoor,Web,Tier 1,Closed,523,0,1,5,1.0
9005205,JNL005205,CU50804,2025-06-01T07:04:00.000Z,North America,CA,EN,Chat,Shipping,Order not delivered,Jonly Hub Plus,Android,Tier 1,Closed,501,0,0,5,0.78
9005206,JNL005206,CU18009,2025-06-05T03:32:00.000Z,Europe,GB,DE,Community,Account,Two-factor issues,Jonly Floodlight Max,Web,Tier 2,Closed,319,0,1,3,0.34
9005207,JNL005207,CU76760,2025-05-28T16:46:00.000Z,Europe,FR,EN,Email,Connectivity,Doorbell not ringing,Jonly Cam Indoor,iOS,Tier 1,Closed,1086,0,1,4,0.54
9005208,JNL005208,CU47401,2025-06-18T04:43:00.000Z,APAC,NZ,FR,Chat,Connectivity,Order not delivered,Jonly Hub Mini,iOS,Escalation,Closed,925,0,1,4,0.04
9005209,JNL005209,CU72382,2025-06-17T06:43:00.000Z,North America,CA,EN,Community,Functionality,Camera offline,Jonly Secure Subscription,Android,Tier 1,Closed,761,1,1,5,0.66
9005210,JNL005210,CU68126,2025-06-24T21:18:00.000Z,North America,CA,EN,Email,Billing,Subscription not applied,Jonly Cam Outdoor,iOS,Tier 1,Closed,1552,0,1,5,1.0
9005211,JNL005211,CU10413,2025-05-15T08:14:00.000Z,Europe,NL,EN,Web Form,Connectivity,Order not delivered,Jonly Cam Indoor,Web,Tier 1,Closed,797,1,1,3,0.4
9005212,JNL005212,CU98430,2025-07-26T12:28:00.000Z,North America,CA,DE,Phone,Functionality,Poor night vision,Jonly Hub Mini,iOS,Tier 1,Closed,1832,2,1,3,0.68
9005213,JNL005213,CU37320,2025-05-09T04:51:00.000Z,North America,US,EN,Email,Shipping,Cannot login to app,Jonly Secure Subscription,iOS,Tier 2,Closed,992,0,1,1,-0.84
9005214,JNL005214,CU95861,2025-05-28T12:48:00.000Z,Europe,NL,EN,Email,Inquiry,No motion alerts,Jonly Secure Subscription,iOS,Tier 1,Closed,911,0,1,3,0.2
9005215,JNL005215,CU30665,2025-06-17T14:22:00.000Z,North America,CA,EN,Phone,Inquiry,Poor night vision,Jonly Secure Subscription,iOS,Tier 1,Closed,496,0,1,3,-0.21
9005216,JNL005216,CU66604,2025-07-29T19:25:00.000Z,North America,US,DE,Phone,Account,Audio one-way only,Jonly Secure Subscription,Android,Tier 1,Closed,435,0,1,5,0.85
9005217,JNL005217,CU47813,2025-07-02T10:01:00.000Z,North America,US,EN,Phone,Account,Camera offline,Jonly Floodlight Max,Web,Tier 2,Closed,917,0,1,5,0.83
9005218,JNL005218,CU59285,2025-05-27T09:22:00.000Z,North America,CA,EN,Web Form,Inquiry,Audio one-way only,Jonly Hub Plus,Android,Tier 2,Closed,1339,0,1,5,0.79
9005219,JNL005219,CU76244,2025-05-09T20:52:00.000Z,APAC,SG,FR,Phone,Account,Video not loading,Jonly Doorbell Pro,Android,Escalation,Closed,1341,1,1,4,-0.19
9005220,JNL005220,CU60681,2025-06-26T11:30:00.000Z,North America,US,EN,Phone,Setup,Cannot login to app,Jonly Secure Subscription,iOS,Tier 1,Closed,1500,2,1,3,0.0
9005221,JNL005221,CU96805,2025-06-12T15:59:00.000Z,North America,CA,EN,Email,Account,Wrong item received,Jonly Hub Plus,Android,Escalation,Closed,960,1,1,5,1.0
9005222,JNL005222,CU15170,2025-06-09T07:02:00.000Z,North America,CA,EN,Phone,Inquiry,Poor night vision,Jonly Secure Subscription,Android,Tier 1,Closed,1026,0,1,5,0.77
9005223,JNL005223,CU18237,2025-07-29T07:28:00.000Z,North America,US,EN,Phone,Functionality,Camera offline,Jonly Floodlight Max,iOS,Tier 1,Closed,2148,1,0,4,0.1
9005224,JNL005224,CU26583,2025-07-09T08:53:00.000Z,North America,US,FR,Web Form,Inquiry,No motion alerts,Jonly Secure Subscription,iOS,Tier 1,Closed,180,0,0,4,0.25
9005225,JNL005225,CU30322,2025-06-09T17:06:00.000Z,North America,CA,EN,Phone,Connectivity,Order not delivered,Jonly Cam Indoor,Android,Tier 1,Closed,514,0,1,3,-0.3
9005226,JNL005226,CU87890,2025-05-16T23:35:00.000Z,North America,US,EN,Phone,Account,Order not delivered,Jonly Doorbell Pro,iOS,Tier 1,Closed,691,1,1,4,0.64
9005227,JNL005227,CU96696,2025-07-27T04:18:00.000Z,Europe,NL,EN,Phone,Connectivity,Laggy live view,Jonly Hub Plus,iOS,Tier 1,Closed,1545,0,1,5,1.0
9005228,JNL005228,CU28983,2025-05-14T08:48:00.000Z,APAC,AU,EN,Email,Setup,No motion alerts,Jonly Hub Plus,Android,Tier 1,Closed,726,0,0,3,-0.09
9005229,JNL005229,CU14673,2025-06-03T15:01:00.000Z,North America,US,EN,Phone,Connectivity,Video not loading,Jonly Cam Outdoor,Web,Tier 1,Closed,991,1,1,4,0.73
9005230,JNL005230,CU71875,2025-06-30T15:49:00.000Z,APAC,NZ,EN,Phone,Inquiry,Doorbell not ringing,Jonly Cam Outdoor,iOS,Tier 1,Closed,748,3,0,3,-0.22
9005231,JNL005231,CU88781,2025-07-26T01:03:00.000Z,APAC,SG,EN,Phone,Functionality,Laggy live view,Jonly Hub Plus,iOS,Tier 1,Closed,1526,0,1,3,-0.02
9005232,JNL005232,CU76032,2025-07-25T21:23:00.000Z,Europe,FR,FR,Phone,Account,Wrong item received,Jonly Cam Outdoor,iOS,Tier 1,Closed,1189,1,1,3,-0.06
9005233,JNL005233,CU69809,2025-07-31T08:23:00.000Z,North America,US,EN,Phone,Shipping,Charged twice,Jonly Floodlight Max,Android,Tier 2,Closed,218,0,1,4,0.56
9005234,JNL005234,CU19794,2025-06-20T07:47:00.000Z,Europe,FR,DE,Phone,Functionality,False motion alerts,Jonly Hub Plus,iOS,Tier 2,Closed,1062,0,0,5,0.44
9005235,JNL005235,CU77840,2025-07-22T01:20:00.000Z,North America,US,EN,Phone,Connectivity,Audio one-way only,Jonly Floodlight Max,Android,Tier 1,In Progress,835,1,1,4,-0.21
9005236,JNL005236,CU16743,2025-07-27T08:05:00.000Z,North America,CA,EN,Chat,Shipping,No motion alerts,Jonly Cam Indoor,Android,Tier 2,Closed,993,1,1,4,0.34
9005237,JNL005237,CU44811,2025-06-08T05:59:00.000Z,North America,CA,EN,Community,Connectivity,Audio one-way only,Jonly Hub Plus,Android,Tier 1,Closed,559,2,1,3,0.23
9005238,JNL005238,CU29332,2025-06-26T02:22:00.000Z,Europe,DE,EN,Phone,Account,Two-factor issues,Jonly Cam Indoor,iOS,Tier 2,Closed,1401,1,1,4,0.48
9005239,JNL005239,CU12469,2025-05-14T14:43:00.000Z,Europe,DE,EN,Phone,Account,Order not delivered,Jonly Doorbell Pro,Android,Tier 1,Closed,1004,1,1,4,0.02
9005240,JNL005240,CU70747,2025-05-02T09:34:00.000Z,APAC,NZ,EN,Chat,Inquiry,No motion alerts,Jonly Doorbell Pro,iOS,Tier 1,Escalated,774,0,1,5,1.0
9005241,JNL005241,CU49801,2025-07-15T05:04:00.000Z,APAC,SG,EN,Email,Functionality,Subscription not applied,Jonly Hub Mini,iOS,Tier 1,Closed,1120,0,1,3,0.28
9005242,JNL005242,CU82752,2025-07-25T08:00:00.000Z,North America,CA,EN,Chat,Functionality,Cannot login to app,Jonly Doorbell Pro,iOS,Tier 1,Closed,1338,0,1,4,0.03
9005243,JNL005243,CU65683,2025-07-09T09:13:00.000Z,Europe,NL,EN,Email,Inquiry,Camera offline,Jonly Cam Indoor,Android,Tier 2,Closed,1001,1,1,3,0.79
9005244,JNL005244,CU56113,2025-07-11T20:46:00.000Z,Europe,GB,EN,Phone,Inquiry,Audio one-way only,Jonly Doorbell Pro,iOS,Tier 2,Escalated,1022,0,1,3,0.28
9005245,JNL005245,CU36026,2025-06-15T20:18:00.000Z,North America,CA,EN,Phone,Functionality,Doorbell not ringing,Jonly Cam Outdoor,Android,Tier 1,Closed,867,0,1,3,-0.02
9005246,JNL005246,CU79958,2025-07-15T15:40:00.000Z,North America,CA,EN,Chat,Functionality,Doorbell not ringing,Jonly Secure Subscription,Web,Tier 2,Closed,1317,0,1,5,1.0
9005247,JNL005247,CU62641,2025-06-08T20:11:00.000Z,APAC,AU,EN,Web Form,Functionality,Doorbell not ringing,Jonly Cam Outdoor,Android,Tier 1,Closed,1225,0,1,4,0.64
9005248,JNL005248,CU11747,2025-06-23T00:15:00.000Z,APAC,NZ,NL,Email,Inquiry,Order not delivered,Jonly Doorbell Pro,Other,Escalation,Closed,830,0,1,3,0.19
9005249,JNL005249,CU81317,2025-07-21T16:51:00.000Z,Europe,GB,EN,Phone,Inquiry,Audio one-way only,Jonly Floodlight Max,Android,Tier 1,In Progress,1030,0,1,4,0.08
9005250,JNL005250,CU96650,2025-06-23T06:06:00.000Z,North America,US,EN,Community,Billing,Poor night vision,Jonly Cam Outdoor,iOS,Tier 1,Closed,1175,0,0,2,-0.3
9005251,JNL005251,CU33504,2025-06-22T15:12:00.000Z,North America,CA,EN,Phone,Setup,Order not delivered,Jonly Floodlight Max,Android,Tier 1,Escalated,1659,0,1,5,1.0
9005252,JNL005252,CU83948,2025-06-15T18:56:00.000Z,North America,US,EN,Chat,Functionality,Device will not pair,Jonly Cam Outdoor,Android,Tier 1,Closed,1297,0,1,5,1.0
9005253,JNL005253,CU93248,2025-06-20T19:24:00.000Z,North America,CA,DE,Phone,Inquiry,Poor night vision,Jonly Secure Subscription,Android,Tier 1,Closed,333,0,1,3,-0.15
9005254,JNL005254,CU71463,2025-05-16T15:16:00.000Z,North America,US,EN,Phone,Functionality,Camera offline,Jonly Cam Outdoor,Android,Tier 1,Closed,942,0,1,5,1.0
9005255,JNL005255,CU87381,2025-06-26T07:23:00.000Z,North America,CA,EN,Chat,Account,Device will not pair,Jonly Secure Subscription,Android,Tier 2,Closed,1040,0,0,5,0.86
9005256,JNL005256,CU44175,2025-05-30T03:36:00.000Z,Europe,NL,EN,Chat,Connectivity,Video not loading,Jonly Hub Plus,Android,Tier 1,Closed,810,0,1,3,-0.45
9005257,JNL005257,CU10717,2025-07-03T22:50:00.000Z,Europe,GB,DE,Chat,Inquiry,No motion alerts,Jonly Hub Plus,Android,Tier 1,Escalated,732,0,1,5,1.0
9005258,JNL005258,CU37785,2025-06-28T21:30:00.000Z,North America,US,DE,Phone,Connectivity,No motion alerts,Jonly Secure Subscription,Web,Tier 1,Closed,1670,0,1,5,0.68
9005259,JNL005259,CU82807,2025-05-24T22:07:00.000Z,North America,US,FR,Email,Connectivity,Two-factor issues,Jonly Hub Mini,iOS,Tier 1,Closed,823,1,1,3,0.27
9005260,JNL005260,CU58265,2025-06-12T09:17:00.000Z,North America,CA,EN,Phone,Functionality,Device will not pair,Jonly Secure Subscription,iOS,Tier 1,In Progress,1322,0,1,3,0.12
9005261,JNL005261,CU85141,2025-06-19T02:18:00.000Z,North America,US,EN,Phone,Functionality,Video not loading,Jonly Floodlight Max,iOS,Escalation,Closed,1411,0,1,4,0.7
9005262,JNL005262,CU22014,2025-05-15T14:05:00.000Z,North America,CA,NL,Phone,Billing,No motion alerts,Jonly Secure Subscription,iOS,Tier 1,Closed,1142,0,1,5,1.0
9005263,JNL005263,CU42717,2025-05-07T23:23:00.000Z,North America,CA,DE,Chat,Inquiry,Audio one-way only,Jonly Cam Outdoor,Android,Tier 1,Closed,1554,0,1,2,-0.64
9005264,JNL005264,CU26821,2025-07-28T06:31:00.000Z,Europe,DE,EN,Phone,Connectivity,Doorbell not ringing,Jonly Hub Plus,iOS,Tier 1,Closed,1700,1,1,4,0.08
9005265,JNL005265,CU57951,2025-06-29T00:08:00.000Z,North America,US,EN,Phone,Billing,Charged twice,Jonly Secure Subscription,iOS,Tier 1,Closed,180,0,1,1,-1.0
9005266,JNL005266,CU49840,2025-06-10T16:42:00.000Z,Europe,NL,EN,Email,Connectivity,Cannot login to app,Jonly Doorbell Pro,Android,Tier 1,Closed,785,1,1,4,0.22
9005267,JNL005267,CU21889,2025-06-17T06:46:00.000Z,Europe,GB,EN,Phone,Functionality,Audio one-way only,Jonly Cam Indoor,iOS,Tier 1,Closed,863,2,1,1,-0.61
9005268,JNL005268,CU98437,2025-07-28T15:24:00.000Z,Europe,FR,EN,Phone,Functionality,Video not loading,Jonly Hub Mini,Android,Tier 2,Closed,1036,0,1,4,0.35
9005269,JNL005269,CU86573,2025-05-08T21:39:00.000Z,North America,CA,DE,Phone,Billing,Poor night vision,Jonly Floodlight Max,iOS,Tier 1,Closed,1041,0,1,5,0.52
9005270,JNL005270,CU25855,2025-06-08T12:20:00.000Z,Europe,GB,FR,Community,Account,Wrong item received,Jonly Hub Plus,Android,Tier 1,Closed,1100,0,1,5,1.0
9005271,JNL005271,CU15636,2025-07-22T02:30:00.000Z,North America,CA,NL,Phone,Connectivity,Camera offline,Jonly Hub Mini,Web,Tier 1,Closed,1293,1,1,2,-0.41
9005272,JNL005272,CU37728,2025-05-06T12:54:00.000Z,Europe,DE,EN,Phone,Setup,Two-factor issues,Jonly Secure Subscription,Android,Tier 2,Closed,305,1,1,2,-0.47
9005273,JNL005273,CU29634,2025-07-22T23:41:00.000Z,Europe,GB,DE,Email,Inquiry,Charged twice,Jonly Cam Indoor,iOS,Tier 2,Closed,1173,0,1,2,0.02
9005274,JNL005274,CU98861,2025-05-11T23:32:00.000Z,North America,US,EN,Email,Inquiry,Camera offline,Jonly Doorbell Pro,Android,Tier 1,Closed,402,0,1,5,1.0
9005275,JNL005275,CU28541,2025-07-09T20:42:00.000Z,North America,US,DE,Phone,Billing,Charged twice,Jonly Cam Indoor,Android,Tier 1,Closed,1166,0,1,5,1.0
9005276,JNL005276,CU46235,2025-05-27T12:06:00.000Z,North America,CA,EN,Web Form,Inquiry,Video not loading,Jonly Secure Subscription,iOS,Tier 1,Closed,1376,0,1,5,1.0
9005277,JNL005277,CU18518,2025-07-19T18:11:00.000Z,North America,US,EN,Phone,Connectivity,Charged twice,Jonly Hub Plus,Android,Tier 1,Closed,1439,0,1,3,-0.21
9005278,JNL005278,CU39026,2025-05-07T03:12:00.000Z,North America,CA,EN,Phone,Connectivity,Doorbell not ringing,Jonly Secure Subscription,iOS,Tier 1,Closed,1092,0,1,5,1.0
9005279,JNL005279,CU98948,2025-07-27T11:57:00.000Z,Europe,NL,EN,Phone,Functionality,Subscription not applied,Jonly Secure Subscription,iOS,Tier 1,Escalated,298,1,1,4,0.29
9005280,JNL005280,CU67178,2025-06-10T03:51:00.000Z,North America,US,EN,Chat,Setup,Subscription not applied,Jonly Cam Indoor,Android,Tier 2,Closed,1150,0,1,1,-0.19
9005281,JNL005281,CU81787,2025-06-17T09:04:00.000Z,APAC,NZ,FR,Phone,Inquiry,Order not delivered,Jonly Cam Indoor,Web,Tier 1,Closed,716,0,1,4,0.74
9005282,JNL005282,CU17771,2025-05-24T19:55:00.000Z,Europe,DE,EN,Web Form,Connectivity,Charged twice,Jonly Floodlight Max,iOS,Tier 1,Closed,264,2,1,2,-0.9
9005283,JNL005283,CU87265,2025-06-29T17:44:00.000Z,North America,US,EN,Email,Inquiry,Video not loading,Jonly Secure Subscription,iOS,Tier 2,Closed,682,0,1,4,0.56
9005284,JNL005284,CU21189,2025-07-09T03:59:00.000Z,APAC,NZ,EN,Phone,Connectivity,Device will not pair,Jonly Floodlight Max,iOS,Tier 1,Closed,1344,0,0,3,0.57
9005285,JNL005285,CU39102,2025-05-29T08:53:00.000Z,North America,US,EN,Chat,Shipping,Charged twice,Jonly Floodlight Max,Android,Tier 2,Escalated,1536,0,1,1,-1.0
9005286,JNL005286,CU51207,2025-07-21T15:38:00.000Z,Europe,DE,NL,Web Form,Setup,Two-factor issues,Jonly Floodlight Max,iOS,Tier 1,Closed,1027,1,0,5,1.0
9005287,JNL005287,CU39420,2025-06-14T05:37:00.000Z,North America,US,EN,Email,Connectivity,Wrong item received,Jonly Secure Subscription,Web,Tier 1,Closed,646,0,1,4,0.42
9005288,JNL005288,CU81233,2025-06-01T15:58:00.000Z,North America,CA,NL,Email,Connectivity,Subscription not applied,Jonly Cam Indoor,Web,Tier 1,Closed,180,0,1,3,-0.1
9005289,JNL005289,CU91622,2025-07-31T17:48:00.000Z,North America,CA,EN,Phone,Setup,Charged twice,Jonly Hub Plus,iOS,Tier 1,Closed,1163,3,1,4,0.44
9005290,JNL005290,CU41394,2025-06-24T22:51:00.000Z,North America,CA,EN,Phone,Setup,Cannot login to app,Jonly Secure Subscription,Android,Tier 1,Closed,1185,0,0,1,-0.9
9005291,JNL005291,CU20500,2025-07-27T13:23:00.000Z,North America,US,EN,Phone,Functionality,Subscription not applied,Jonly Hub Mini,iOS,Tier 1,Escalated,1775,1,1,4,1.0
9005292,JNL005292,CU46235,2025-05-22T07:48:00.000Z,North America,US,EN,Community,Connectivity,Subscription not applied,Jonly Floodlight Max,Android,Tier 1,Closed,425,1,1,4,0.31
9005293,JNL005293,CU42523,2025-05-11T22:41:00.000Z,Europe,FR,EN,Email,Functionality,False motion alerts,Jonly Hub Mini,iOS,Escalation,Closed,284,0,1,5,0.75
9005294,JNL005294,CU28043,2025-06-22T14:24:00.000Z,Europe,NL,FR,Email,Connectivity,Doorbell not ringing,Jonly Cam Outdoor,Web,Tier 1,Closed,1141,3,1,3,-0.11
9005295,JNL005295,CU51676,2025-06-24T20:27:00.000Z,North America,US,EN,Community,Setup,Doorbell not ringing,Jonly Cam Outdoor,iOS,Tier 1,Escalated,507,1,1,5,1.0
9005296,JNL005296,CU53671,2025-05-24T09:10:00.000Z,Europe,FR,NL,Chat,Inquiry,Order not delivered,Jonly Hub Plus,Web,Tier 1,Closed,872,0,1,5,1.0
9005297,JNL005297,CU67406,2025-05-10T00:19:00.000Z,Europe,FR,EN,Chat,Inquiry,Subscription not applied,Jonly Doorbell Pro,Android,Tier 1,Closed,726,0,1,5,0.91
9005298,JNL005298,CU31298,2025-06-10T16:12:00.000Z,North America,CA,FR,Web Form,Setup,Laggy live view,Jonly Hub Plus,iOS,Tier 1,Closed,555,2,1,3,-0.78
9005299,JNL005299,CU47019,2025-07-11T09:50:00.000Z,North America,US,EN,Chat,Billing,Order not delivered,Jonly Secure Subscription,Android,Tier 2,Closed,558,0,1,5,0.83
9005300,JNL005300,CU93950,2025-05-10T15:24:00.000Z,North America,CA,EN,Phone,Billing,Two-factor issues,Jonly Secure Subscription,iOS,Tier 1,Closed,1688,0,1,2,-0.15
9005301,JNL005301,CU38271,2025-07-27T08:39:00.000Z,APAC,NZ,EN,Phone,Setup,Video not loading,Jonly Hub Mini,Android,Tier 1,Closed,882,1,1,5,1.0
9005302,JNL005302,CU73930,2025-05-28T20:34:00.000Z,APAC,AU,EN,Phone,Functionality,Poor night vision,Jonly Hub Mini,Android,Tier 1,Closed,1018,0,1,4,1.0
9005303,JNL005303,CU54075,2025-07-13T04:37:00.000Z,North America,CA,EN,Chat,Setup,Doorbell not ringing,Jonly Hub Mini,Android,Escalation,Closed,684,2,1,2,-0.29
9005304,JNL005304,CU94543,2025-07-06T13:54:00.000Z,Europe,DE,FR,Phone,Connectivity,Poor night vision,Jonly Hub Plus,Android,Escalation,Closed,1293,1,1,2,-0.58
9005305,JNL005305,CU48677,2025-07-22T07:05:00.000Z,North America,US,EN,Email,Billing,Wrong item received,Jonly Cam Outdoor,iOS,Tier 1,Closed,778,0,1,4,0.67
9005306,JNL005306,CU15598,2025-05-12T00:55:00.000Z,Europe,GB,DE,Email,Setup,Poor night vision,Jonly Cam Outdoor,Android,Tier 1,Closed,763,1,1,4,0.65
9005307,JNL005307,CU35372,2025-07-08T00:53:00.000Z,Europe,GB,EN,Phone,Account,Doorbell not ringing,Jonly Hub Mini,Web,Tier 1,Closed,1557,0,1,3,-0.22
9005308,JNL005308,CU67032,2025-07-17T18:35:00.000Z,North America,CA,EN,Phone,Setup,Audio one-way only,Jonly Cam Indoor,Other,Tier 1,Closed,521,0,1,5,0.68
9005309,JNL005309,CU80690,2025-07-08T22:21:00.000Z,Europe,GB,EN,Email,Functionality,Cannot login to app,Jonly Hub Mini,iOS,Tier 1,In Progress,739,2,1,2,0.24
9005310,JNL005310,CU83568,2025-07-08T10:16:00.000Z,APAC,AU,DE,Chat,Inquiry,Camera offline,Jonly Hub Plus,iOS,Tier 1,Closed,951,1,1,4,0.58
9005311,JNL005311,CU94639,2025-05-19T03:24:00.000Z,North America,CA,EN,Email,Connectivity,Laggy live view,Jonly Doorbell Pro,Android,Tier 1,Closed,917,0,1,1,-0.95
9005312,JNL005312,CU15406,2025-07-25T15:57:00.000Z,APAC,NZ,EN,Phone,Inquiry,False motion alerts,Jonly Secure Subscription,iOS,Tier 1,Closed,1091,1,1,5,1.0
9005313,JNL005313,CU62504,2025-06-30T15:28:00.000Z,Europe,NL,EN,Chat,Billing,Subscription not applied,Jonly Cam Outdoor,Android,Tier 1,In Progress,635,0,1,4,0.18
9005314,JNL005314,CU18144,2025-05-13T13:04:00.000Z,North America,CA,DE,Web Form,Inquiry,Laggy live view,Jonly Cam Indoor,Android,Tier 1,Closed,436,1,1,5,0.66
9005315,JNL005315,CU89491,2025-05-17T05:45:00.000Z,APAC,NZ,EN,Chat,Connectivity,Wrong item received,Jonly Cam Indoor,Android,Tier 1,Closed,1368,0,1,1,-1.0
9005316,JNL005316,CU51949,2025-05-24T07:19:00.000Z,APAC,NZ,EN,Phone,Account,Cannot login to app,Jonly Doorbell Pro,Other,Escalation,Escalated,1753,0,1,5,0.68
9005317,JNL005317,CU28925,2025-05-28T18:04:00.000Z,Europe,FR,EN,Phone,Functionality,No motion alerts,Jonly Cam Indoor,iOS,Escalation,Closed,752,0,1,2,-0.23
9005318,JNL005318,CU37038,2025-06-03T00:21:00.000Z,North America,US,DE,Chat,Functionality,Cannot login to app,Jonly Secure Subscription,Android,Tier 1,Escalated,927,0,1,3,-0.08
9005319,JNL005319,CU95861,2025-06-22T16:53:00.000Z,North America,CA,EN,Email,Functionality,Device will not pair,Jonly Hub Mini,Android,Tier 1,Closed,846,1,1,4,0.12
9005320,JNL005320,CU60883,2025-06-01T19:01:00.000Z,Europe,GB,EN,Web Form,Inquiry,Subscription not applied,Jonly Cam Outdoor,iOS,Tier 1,Closed,599,0,1,4,0.26
9005321,JNL005321,CU55323,2025-07-06T04:07:00.000Z,North America,US,FR,Chat,Connectivity,Wrong item received,Jonly Cam Outdoor,Android,Tier 2,In Progress,1501,1,1,2,-0.86
9005322,JNL005322,CU90996,2025-06-08T04:37:00.000Z,Europe,DE,EN,Chat,Billing,No motion alerts,Jonly Secure Subscription,iOS,Tier 1,Closed,720,2,1,1,-1.0
9005323,JNL005323,CU40446,2025-07-12T16:08:00.000Z,Europe,NL,FR,Chat,Inquiry,Doorbell not ringing,Jonly Cam Outdoor,Web,Tier 1,Closed,423,0,1,3,-0.12
9005324,JNL005324,CU68916,2025-05-19T20:40:00.000Z,North America,US,EN,Chat,Connectivity,Camera offline,Jonly Cam Outdoor,iOS,Tier 1,Closed,588,1,1,5,0.88
9005325,JNL005325,CU60617,2025-07-11T23:32:00.000Z,North America,US,EN,Phone,Connectivity,Audio one-way only,Jonly Cam Indoor,iOS,Tier 1,Closed,723,0,1,4,0.37
9005326,JNL005326,CU52838,2025-05-01T21:44:00.000Z,APAC,NZ,EN,Phone,Setup,Charged twice,Jonly Hub Plus,Android,Tier 1,Escalated,1471,2,0,3,-0.17
9005327,JNL005327,CU58667,2025-06-27T01:33:00.000Z,North America,CA,EN,Chat,Setup,Doorbell not ringing,Jonly Hub Mini,iOS,Tier 1,Closed,1005,0,1,2,-0.26
9005328,JNL005328,CU41624,2025-05-09T19:44:00.000Z,Europe,NL,EN,Phone,Account,Doorbell not ringing,Jonly Secure Subscription,iOS,Escalation,Closed,1284,0,1,5,0.86
9005329,JNL005329,CU37620,2025-05-03T03:32:00.000Z,North America,US,EN,Phone,Functionality,Doorbell not ringing,Jonly Cam Indoor,Android,Tier 1,Closed,2030,0,1,4,0.48
9005330,JNL005330,CU66642,2025-05-28T17:22:00.000Z,North America,CA,FR,Email,Account,Cannot login to app,Jonly Hub Mini,Android,Tier 2,Closed,993,0,0,4,1.0
9005331,JNL005331,CU66594,2025-07-15T08:17:00.000Z,North America,US,EN,Phone,Billing,No motion alerts,Jonly Secure Subscription,Android,Tier 2,Escalated,1119,0,1,4,-0.03
9005332,JNL005332,CU86529,2025-05-08T17:07:00.000Z,Europe,GB,EN,Chat,Inquiry,Wrong item received,Jonly Cam Indoor,iOS,Tier 2,In Progress,356,1,1,5,1.0
9005333,JNL005333,CU44396,2025-05-23T22:07:00.000Z,North America,US,EN,Phone,Connectivity,No motion alerts,Jonly Doorbell Pro,Web,Tier 1,Closed,994,1,1,5,0.94
9005334,JNL005334,CU43473,2025-05-21T17:59:00.000Z,North America,US,EN,Phone,Connectivity,Doorbell not ringing,Jonly Floodlight Max,iOS,Tier 1,Closed,1469,1,1,5,0.94
9005335,JNL005335,CU44190,2025-05-20T09:32:00.000Z,Europe,DE,EN,Phone,Shipping,Wrong item received,Jonly Hub Mini,Android,Tier 1,Closed,1226,1,1,3,-0.29
9005336,JNL005336,CU33641,2025-06-03T10:07:00.000Z,North America,CA,EN,Chat,Connectivity,Cannot login to app,Jonly Secure Subscription,Android,Tier 1,Closed,938,0,1,2,-0.36
9005337,JNL005337,CU88517,2025-05-09T12:55:00.000Z,Europe,DE,EN,Email,Inquiry,Wrong item received,Jonly Doorbell Pro,iOS,Tier 1,Closed,265,1,1,4,1.0
9005338,JNL005338,CU38118,2025-07-29T04:11:00.000Z,Europe,GB,EN,Phone,Functionality,No motion alerts,Jonly Hub Plus,iOS,Tier 1,Closed,1190,0,1,4,0.26
9005339,JNL005339,CU22330,2025-06-11T13:35:00.000Z,APAC,SG,EN,Email,Inquiry,False motion alerts,Jonly Secure Subscription,Android,Tier 2,Closed,1011,0,1,5,1.0
9005340,JNL005340,CU39678,2025-07-02T10:23:00.000Z,North America,US,FR,Chat,Billing,Two-factor issues,Jonly Doorbell Pro,Web,Tier 1,In Progress,1064,1,1,5,0.88
9005341,JNL005341,CU36846,2025-05-03T10:13:00.000Z,Europe,GB,FR,Web Form,Functionality,Two-factor issues,Jonly Floodlight Max,iOS,Tier 1,Closed,180,1,1,1,-0.9
9005342,JNL005342,CU26447,2025-07-24T09:59:00.000Z,North America,CA,EN,Phone,Inquiry,Cannot login to app,Jonly Hub Plus,Android,Tier 1,Closed,672,0,1,3,0.75
9005343,JNL005343,CU38989,2025-05-07T22:27:00.000Z,North America,US,EN,Phone,Inquiry,Video not loading,Jonly Cam Outdoor,iOS,Tier 1,Closed,1138,0,1,3,-0.06
9005344,JNL005344,CU50585,2025-07-10T07:51:00.000Z,Europe,DE,DE,Phone,Inquiry,No motion alerts,Jonly Floodlight Max,iOS,Tier 1,Closed,784,0,1,4,0.32
9005345,JNL005345,CU79164,2025-06-20T03:50:00.000Z,APAC,NZ,EN,Web Form,Functionality,Cannot login to app,Jonly Cam Outdoor,Web,Tier 1,Escalated,371,0,1,3,0.65
9005346,JNL005346,CU19111,2025-07-05T23:57:00.000Z,Europe,DE,EN,Phone,Inquiry,Subscription not applied,Jonly Hub Plus,iOS,Tier 2,Closed,1381,0,1,4,0.36
9005347,JNL005347,CU66133,2025-06-11T10:01:00.000Z,APAC,AU,FR,Phone,Shipping,Subscription not applied,Jonly Secure Subscription,iOS,Tier 1,Closed,1642,0,1,2,-0.75
9005348,JNL005348,CU72588,2025-06-06T16:37:00.000Z,North America,US,EN,Phone,Setup,Poor night vision,Jonly Cam Indoor,iOS,Tier 2,Closed,1417,1,1,4,0.67
9005349,JNL005349,CU43473,2025-06-29T07:03:00.000Z,North America,CA,DE,Phone,Account,Doorbell not ringing,Jonly Hub Plus,Web,Tier 2,Closed,1460,0,1,3,0.57
9005350,JNL005350,CU90232,2025-07-31T04:31:00.000Z,APAC,AU,NL,Web Form,Inquiry,Cannot login to app,Jonly Cam Indoor,Web,Tier 1,Closed,872,0,1,4,0.45
9005351,JNL005351,CU64218,2025-05-07T08:50:00.000Z,North America,US,EN,Email,Billing,Audio one-way only,Jonly Doorbell Pro,iOS,Tier 2,Closed,1054,1,1,3,0.2
9005352,JNL005352,CU64795,2025-06-11T21:47:00.000Z,APAC,NZ,EN,Phone,Billing,No motion alerts,Jonly Hub Mini,iOS,Tier 1,Closed,1313,0,1,3,0.03
9005353,JNL005353,CU20972,2025-06-04T04:32:00.000Z,Europe,NL,DE,Chat,Functionality,Poor night vision,Jonly Floodlight Max,Web,Tier 1,In Progress,1250,0,1,3,-0.03
9005354,JNL005354,CU59440,2025-07-05T10:33:00.000Z,Europe,DE,EN,Chat,Inquiry,Doorbell not ringing,Jonly Secure Subscription,Android,Tier 1,Closed,981,0,1,1,-0.14
9005355,JNL005355,CU62860,2025-05-13T16:14:00.000Z,APAC,SG,EN,Chat,Functionality,Two-factor issues,Jonly Secure Subscription,Other,Tier 1,Closed,1059,0,1,5,1.0
9005356,JNL005356,CU28647,2025-05-04T14:32:00.000Z,North America,CA,EN,Chat,Connectivity,Two-factor issues,Jonly Hub Plus,Android,Tier 1,Closed,629,0,1,5,1.0
9005357,JNL005357,CU55160,2025-06-05T03:21:00.000Z,North America,CA,EN,Web Form,Inquiry,False motion alerts,Jonly Hub Mini,Android,Tier 2,In Progress,1293,0,1,4,0.89
9005358,JNL005358,CU42141,2025-06-14T05:49:00.000Z,APAC,AU,EN,Email,Inquiry,Laggy live view,Jonly Hub Plus,Web,Tier 1,In Progress,874,0,1,5,0.85
9005359,JNL005359,CU82851,2025-07-13T08:32:00.000Z,North America,US,NL,Phone,Inquiry,Doorbell not ringing,Jonly Hub Plus,Android,Tier 1,Closed,951,0,1,3,-0.19
9005360,JNL005360,CU15968,2025-05-02T03:18:00.000Z,North America,US,EN,Phone,Inquiry,No motion alerts,Jonly Secure Subscription,Web,Tier 2,Closed,674,1,1,4,0.31
9005361,JNL005361,CU29913,2025-05-17T10:21:00.000Z,Europe,GB,FR,Phone,Setup,Wrong item received,Jonly Cam Outdoor,Android,Tier 1,Closed,1120,0,1,4,0.15
9005362,JNL005362,CU50205,2025-05-15T11:14:00.000Z,North America,CA,EN,Phone,Functionality,Audio one-way only,Jonly Secure Subscription,Web,Tier 2,Closed,333,0,1,5,0.78
9005363,JNL005363,CU72321,2025-05-19T21:59:00.000Z,North America,CA,EN,Web Form,Billing,Camera offline,Jonly Cam Indoor,iOS,Tier 1,Closed,1095,1,1,5,0.88
9005364,JNL005364,CU37912,2025-07-07T21:39:00.000Z,APAC,AU,EN,Web Form,Billing,Laggy live view,Jonly Hub Mini,Web,Tier 1,Escalated,983,1,0,3,-0.12
9005365,JNL005365,CU33899,2025-05-01T13:47:00.000Z,APAC,NZ,EN,Email,Functionality,Subscription not applied,Jonly Hub Mini,Android,Escalation,Closed,221,0,1,5,-0.01
9005366,JNL005366,CU57366,2025-05-05T10:41:00.000Z,Europe,DE,EN,Phone,Inquiry,Doorbell not ringing,Jonly Secure Subscription,iOS,Tier 1,In Progress,622,0,1,5,0.45
9005367,JNL005367,CU59399,2025-06-16T18:51:00.000Z,North America,US,EN,Web Form,Connectivity,False motion alerts,Jonly Cam Outdoor,Android,Tier 1,Closed,330,1,1,3,-0.71
9005368,JNL005368,CU16147,2025-07-13T15:16:00.000Z,North America,CA,EN,Web Form,Connectivity,Wrong item received,Jonly Doorbell Pro,Android,Tier 1,Escalated,955,0,0,4,0.94
9005369,JNL005369,CU39982,2025-07-08T08:56:00.000Z,North America,CA,FR,Phone,Account,Video not loading,Jonly Floodlight Max,iOS,Tier 1,Closed,307,0,1,5,1.0
9005370,JNL005370,CU84612,2025-07-29T13:47:00.000Z,North America,CA,FR,Phone,Account,Camera offline,Jonly Floodlight Max,iOS,Tier 2,Closed,1133,0,1,5,0.57
9005371,JNL005371,CU71490,2025-05-26T21:44:00.000Z,North America,CA,DE,Phone,Inquiry,False motion alerts,Jonly Cam Outdoor,Android,Tier 1,Closed,1609,0,1,3,0.19
9005372,JNL005372,CU21120,2025-07-09T00:18:00.000Z,Europe,GB,EN,Chat,Setup,Doorbell not ringing,Jonly Cam Indoor,Android,Tier 1,Escalated,691,1,1,5,0.82
9005373,JNL005373,CU95656,2025-06-08T06:22:00.000Z,Europe,NL,EN,Phone,Connectivity,Laggy live view,Jonly Cam Indoor,Android,Escalation,Escalated,1165,0,1,2,-0.03
9005374,JNL005374,CU85205,2025-06-24T10:16:00.000Z,North America,CA,EN,Community,Functionality,Subscription not applied,Jonly Cam Indoor,Other,Tier 2,Closed,795,0,1,5,0.73
9005375,JNL005375,CU68888,2025-05-28T17:52:00.000Z,North America,US,EN,Email,Functionality,Poor night vision,Jonly Hub Mini,iOS,Tier 1,Closed,180,1,1,4,0.66
9005376,JNL005376,CU60542,2025-05-26T13:11:00.000Z,Europe,FR,DE,Phone,Functionality,Charged twice,Jonly Doorbell Pro,Android,Tier 2,Closed,886,0,1,2,-0.01
9005377,JNL005377,CU62360,2025-07-08T16:26:00.000Z,North America,US,DE,Email,Inquiry,Two-factor issues,Jonly Doorbell Pro,Android,Tier 1,In Progress,702,0,1,5,1.0
9005378,JNL005378,CU82647,2025-07-09T01:31:00.000Z,Europe,FR,DE,Phone,Shipping,Device will not pair,Jonly Hub Plus,Android,Tier 1,Closed,1238,0,1,3,0.17
9005379,JNL005379,CU57443,2025-07-18T22:12:00.000Z,North America,US,FR,Phone,Account,Charged twice,Jonly Cam Outdoor,Android,Tier 1,Closed,854,0,1,4,0.58
9005380,JNL005380,CU57009,2025-06-25T17:26:00.000Z,North America,US,FR,Chat,Inquiry,False motion alerts,Jonly Floodlight Max,Other,Tier 2,In Progress,1770,0,1,4,0.51
9005381,JNL005381,CU63286,2025-05-26T15:43:00.000Z,North America,US,EN,Email,Setup,Doorbell not ringing,Jonly Floodlight Max,Web,Tier 1,Closed,1163,2,1,4,1.0
9005382,JNL005382,CU74462,2025-05-27T14:47:00.000Z,Europe,FR,EN,Phone,Setup,Two-factor issues,Jonly Hub Mini,Android,Tier 2,Closed,1618,0,1,1,-1.0
9005383,JNL005383,CU90925,2025-06-23T12:50:00.000Z,North America,CA,DE,Chat,Connectivity,Cannot login to app,Jonly Cam Indoor,Other,Tier 1,Closed,1576,0,1,3,-0.17
9005384,JNL005384,CU92874,2025-05-25T17:32:00.000Z,North America,US,FR,Web Form,Setup,Order not delivered,Jonly Hub Mini,Android,Tier 1,Escalated,584,0,1,3,-0.38
9005385,JNL005385,CU20365,2025-05-16T20:15:00.000Z,APAC,NZ,EN,Chat,Billing,Poor night vision,Jonly Secure Subscription,iOS,Tier 2,Closed,1250,0,1,4,0.81
9005386,JNL005386,CU42112,2025-07-09T02:18:00.000Z,Europe,FR,EN,Phone,Connectivity,Video not loading,Jonly Doorbell Pro,Android,Tier 1,Closed,1484,0,1,1,-0.58
9005387,JNL005387,CU22817,2025-07-27T18:06:00.000Z,North America,CA,EN,Phone,Shipping,False motion alerts,Jonly Cam Indoor,Android,Tier 1,Closed,512,1,1,5,0.9
9005388,JNL005388,CU54009,2025-06-30T10:27:00.000Z,North America,CA,EN,Phone,Account,Wrong item received,Jonly Secure Subscription,iOS,Tier 1,Closed,1072,0,1,1,-1.0
9005389,JNL005389,CU96151,2025-05-03T09:29:00.000Z,North America,US,EN,Phone,Setup,Laggy live view,Jonly Secure Subscription,Android,Escalation,In Progress,1047,0,1,5,1.0
9005390,JNL005390,CU77815,2025-07-03T00:12:00.000Z,North America,CA,EN,Phone,Functionality,Two-factor issues,Jonly Cam Indoor,Android,Escalation,Closed,1519,1,1,2,0.02
9005391,JNL005391,CU59154,2025-06-28T09:18:00.000Z,North America,US,EN,Phone,Account,Order not delivered,Jonly Hub Plus,iOS,Tier 1,Closed,530,0,1,5,0.48
9005392,JNL005392,CU31400,2025-07-26T11:49:00.000Z,APAC,NZ,EN,Phone,Functionality,False motion alerts,Jonly Cam Outdoor,iOS,Escalation,Closed,783,0,1,3,0.29
9005393,JNL005393,CU34473,2025-06-13T00:09:00.000Z,Europe,NL,DE,Chat,Functionality,Device will not pair,Jonly Hub Plus,Android,Tier 1,Closed,872,1,1,5,1.0
9005394,JNL005394,CU37567,2025-06-04T21:04:00.000Z,North America,US,EN,Chat,Connectivity,Two-factor issues,Jonly Cam Outdoor,Android,Tier 1,Escalated,673,3,1,4,0.39
9005395,JNL005395,CU91256,2025-05-28T00:56:00.000Z,Europe,DE,EN,Phone,Setup,Subscription not applied,Jonly Hub Mini,Web,Tier 1,Closed,1206,1,1,4,0.97
9005396,JNL005396,CU98214,2025-07-02T08:53:00.000Z,North America,US,DE,Chat,Inquiry,Camera offline,Jonly Cam Outdoor,iOS,Tier 1,In Progress,875,1,1,4,1.0
9005397,JNL005397,CU51919,2025-07-08T18:52:00.000Z,North America,CA,DE,Phone,Inquiry,Audio one-way only,Jonly Cam Outdoor,Android,Escalation,In Progress,1285,1,1,4,0.3
9005398,JNL005398,CU17345,2025-06-30T13:47:00.000Z,APAC,AU,EN,Chat,Setup,Video not loading,Jonly Cam Outdoor,iOS,Tier 1,Closed,408,0,1,5,1.0
9005399,JNL005399,CU10206,2025-06-26T09:51:00.000Z,Europe,DE,DE,Web Form,Setup,Audio one-way only,Jonly Secure Subscription,Android,Tier 1,Closed,563,0,1,5,0.62
9005400,JNL005400,CU24224,2025-07-27T12:46:00.000Z,North America,US,FR,Chat,Functionality,Two-factor issues,Jonly Floodlight Max,iOS,Tier 1,Closed,1021,0,1,4,0.34
9005401,JNL005401,CU95864,2025-07-28T23:48:00.000Z,North America,US,DE,Community,Inquiry,Camera offline,Jonly Doorbell Pro,Android,Tier 1,Closed,946,0,1,3,-0.15
9005402,JNL005402,CU63949,2025-06-24T14:07:00.000Z,Europe,DE,EN,Web Form,Functionality,Device will not pair,Jonly Doorbell Pro,Web,Tier 1,Closed,456,3,1,2,-0.43
9005403,JNL005403,CU42403,2025-05-23T17:36:00.000Z,North America,US,EN,Phone,Account,Two-factor issues,Jonly Cam Indoor,iOS,Tier 2,Escalated,1387,0,0,5,1.0
9005404,JNL005404,CU66701,2025-07-25T09:51:00.000Z,Europe,GB,EN,Phone,Functionality,Audio one-way only,Jonly Hub Mini,Web,Escalation,In Progress,1042,0,1,1,-1.0
9005405,JNL005405,CU20594,2025-07-20T12:44:00.000Z,North America,US,EN,Phone,Inquiry,Doorbell not ringing,Jonly Cam Indoor,iOS,Escalation,Closed,996,0,1,3,-0.1
9005406,JNL005406,CU46626,2025-06-29T02:04:00.000Z,North America,CA,FR,Phone,Billing,Device will not pair,Jonly Doorbell Pro,Android,Tier 1,Closed,685,1,1,3,-0.32
9005407,JNL005407,CU89177,2025-07-01T09:07:00.000Z,Europe,DE,NL,Web Form,Connectivity,Subscription not applied,Jonly Floodlight Max,Android,Tier 2,Closed,542,2,1,3,0.01
9005408,JNL005408,CU74236,2025-06-26T08:32:00.000Z,North America,US,EN,Phone,Functionality,Charged twice,Jonly Cam Indoor,iOS,Tier 2,Closed,1774,0,1,5,1.0
9005409,JNL005409,CU19127,2025-05-07T10:48:00.000Z,North America,CA,FR,Email,Inquiry,Video not loading,Jonly Secure Subscription,Android,Tier 1,Closed,342,0,1,5,0.74
9005410,JNL005410,CU73823,2025-07-27T12:19:00.000Z,North America,CA,EN,Phone,Functionality,Camera offline,Jonly Secure Subscription,iOS,Tier 2,Escalated,1456,0,1,2,-0.82
9005411,JNL005411,CU20163,2025-06-29T11:43:00.000Z,North America,US,EN,Community,Functionality,Laggy live view,Jonly Secure Subscription,iOS,Tier 1,In Progress,779,0,1,5,0.65
9005412,JNL005412,CU54885,2025-05-25T01:20:00.000Z,APAC,AU,FR,Email,Inquiry,Video not loading,Jonly Floodlight Max,Android,Tier 1,Closed,779,1,1,4,1.0
9005413,JNL005413,CU73583,2025-06-02T16:20:00.000Z,North America,CA,DE,Phone,Functionality,Poor night vision,Jonly Cam Outdoor,Android,Escalation,Closed,971,0,1,4,-0.06
9005414,JNL005414,CU90344,2025-06-23T21:40:00.000Z,North America,CA,EN,Email,Connectivity,Doorbell not ringing,Jonly Hub Plus,Android,Tier 2,Closed,1244,0,1,5,1.0
9005415,JNL005415,CU46993,2025-05-04T03:46:00.000Z,Europe,NL,EN,Email,Setup,Poor night vision,Jonly Hub Plus,Web,Tier 1,Closed,816,1,1,5,1.0
9005416,JNL005416,CU48634,2025-06-02T16:59:00.000Z,North America,CA,EN,Chat,Functionality,Device will not pair,Jonly Secure Subscription,iOS,Tier 1,Closed,674,0,0,4,0.35
9005417,JNL005417,CU54036,2025-06-21T08:03:00.000Z,Europe,NL,FR,Chat,Inquiry,Laggy live view,Jonly Floodlight Max,Web,Tier 1,Closed,963,0,1,2,-0.76
9005418,JNL005418,CU32930,2025-05-31T15:11:00.000Z,North America,CA,DE,Phone,Billing,No motion alerts,Jonly Hub Plus,Other,Escalation,Closed,1491,0,1,5,0.84
9005419,JNL005419,CU27065,2025-07-20T13:41:00.000Z,North America,CA,FR,Web Form,Functionality,Doorbell not ringing,Jonly Cam Outdoor,Other,Tier 1,Escalated,581,0,1,5,0.91
9005420,JNL005420,CU73805,2025-05-08T00:49:00.000Z,Europe,NL,EN,Phone,Connectivity,Laggy live view,Jonly Hub Mini,Android,Tier 1,Closed,949,0,1,4,0.09
9005421,JNL005421,CU90804,2025-06-25T09:42:00.000Z,APAC,AU,EN,Chat,Billing,No motion alerts,Jonly Cam Outdoor,Android,Tier 1,Closed,839,2,1,1,-1.0
9005422,JNL005422,CU84473,2025-06-21T05:30:00.000Z,North America,US,FR,Phone,Inquiry,Camera offline,Jonly Secure Subscription,iOS,Tier 1,In Progress,356,0,1,4,0.41
9005423,JNL005423,CU23703,2025-07-18T19:40:00.000Z,North America,CA,FR,Community,Account,Cannot login to app,Jonly Floodlight Max,iOS,Tier 2,Closed,701,1,1,5,0.39
9005424,JNL005424,CU53659,2025-06-15T09:43:00.000Z,North America,CA,FR,Phone,Inquiry,Video not loading,Jonly Floodlight Max,Android,Tier 1,Closed,1052,0,1,5,1.0
9005425,JNL005425,CU12158,2025-07-30T20:21:00.000Z,North America,US,EN,Chat,Billing,False motion alerts,Jonly Hub Mini,iOS,Tier 1,Escalated,1000,1,1,4,0.34
9005426,JNL005426,CU43931,2025-07-31T09:47:00.000Z,Europe,GB,EN,Web Form,Account,Doorbell not ringing,Jonly Secure Subscription,Other,Tier 1,Closed,806,0,0,5,1.0
9005427,JNL005427,CU38364,2025-07-04T15:06:00.000Z,North America,US,EN,Chat,Functionality,Camera offline,Jonly Secure Subscription,Android,Tier 1,Closed,1448,2,1,5,0.95
9005428,JNL005428,CU94908,2025-06-08T13:30:00.000Z,Europe,DE,EN,Chat,Functionality,Device will not pair,Jonly Hub Mini,Android,Tier 1,Escalated,1058,0,1,5,1.0
9005429,JNL005429,CU89801,2025-07-28T20:23:00.000Z,North America,CA,EN,Phone,Connectivity,Audio one-way only,Jonly Cam Indoor,Web,Tier 1,Closed,1580,0,0,3,-0.3
9005430,JNL005430,CU28744,2025-06-07T05:34:00.000Z,Europe,GB,EN,Email,Inquiry,Order not delivered,Jonly Secure Subscription,Android,Tier 2,Closed,678,0,0,4,0.61
9005431,JNL005431,CU90732,2025-05-05T06:11:00.000Z,APAC,AU,EN,Phone,Inquiry,Wrong item received,Jonly Doorbell Pro,Android,Tier 2,Closed,630,0,1,5,1.0
9005432,JNL005432,CU94808,2025-05-02T00:31:00.000Z,North America,CA,EN,Chat,Functionality,Laggy live view,Jonly Floodlight Max,iOS,Tier 2,In Progress,950,1,1,4,-0.23
9005433,JNL005433,CU85132,2025-05-27T07:03:00.000Z,North America,CA,FR,Phone,Connectivity,Device will not pair,Jonly Doorbell Pro,iOS,Tier 2,Closed,1350,0,1,3,0.08
9005434,JNL005434,CU24574,2025-05-23T21:24:00.000Z,Europe,NL,EN,Chat,Functionality,False motion alerts,Jonly Floodlight Max,iOS,Tier 1,Closed,1733,0,1,5,1.0
9005435,JNL005435,CU85598,2025-06-18T22:29:00.000Z,Europe,GB,EN,Email,Functionality,Two-factor issues,Jonly Doorbell Pro,iOS,Tier 1,Closed,1093,1,0,3,-0.4
9005436,JNL005436,CU55192,2025-05-03T22:16:00.000Z,APAC,NZ,FR,Phone,Functionality,False motion alerts,Jonly Cam Indoor,Web,Tier 1,Escalated,1307,0,1,4,0.76
9005437,JNL005437,CU37711,2025-05-23T17:15:00.000Z,North America,US,EN,Chat,Shipping,Order not delivered,Jonly Hub Plus,Android,Tier 2,Closed,701,1,1,5,1.0
9005438,JNL005438,CU80801,2025-06-09T06:29:00.000Z,North America,CA,DE,Community,Connectivity,Poor night vision,Jonly Hub Plus,iOS,Tier 1,Escalated,922,0,1,4,0.41
9005439,JNL005439,CU21975,2025-07-05T19:21:00.000Z,North America,US,FR,Phone,Connectivity,Video not loading,Jonly Doorbell Pro,Android,Tier 1,In Progress,1266,0,1,2,-0.52
9005440,JNL005440,CU49091,2025-06-28T09:51:00.000Z,Europe,DE,EN,Phone,Functionality,Doorbell not ringing,Jonly Cam Outdoor,iOS,Tier 1,Closed,1419,0,1,4,0.26
9005441,JNL005441,CU70905,2025-07-30T10:26:00.000Z,North America,US,EN,Community,Connectivity,Wrong item received,Jonly Doorbell Pro,iOS,Tier 1,In Progress,665,3,1,4,-0.0
9005442,JNL005442,CU90024,2025-05-26T12:12:00.000Z,APAC,SG,EN,Chat,Functionality,Camera offline,Jonly Hub Plus,Web,Tier 1,Closed,180,3,1,4,0.77
9005443,JNL005443,CU90236,2025-07-07T03:53:00.000Z,North America,US,FR,Phone,Account,False motion alerts,Jonly Secure Subscription,Android,Tier 1,Closed,1596,0,1,3,0.11
9005444,JNL005444,CU59771,2025-07-28T16:56:00.000Z,North America,US,FR,Phone,Connectivity,Two-factor issues,Jonly Floodlight Max,Android,Tier 1,In Progress,840,0,1,3,0.48
9005445,JNL005445,CU14240,2025-05-12T04:12:00.000Z,Europe,FR,EN,Chat,Functionality,Device will not pair,Jonly Doorbell Pro,Web,Tier 1,Closed,932,0,1,4,0.79
9005446,JNL005446,CU49849,2025-06-25T08:32:00.000Z,Europe,NL,EN,Community,Billing,Order not delivered,Jonly Doorbell Pro,iOS,Tier 1,Closed,563,0,1,4,0.44
9005447,JNL005447,CU35683,2025-07-25T21:59:00.000Z,North America,US,EN,Phone,Inquiry,Charged twice,Jonly Hub Mini,iOS,Escalation,Closed,1048,0,1,4,0.88
9005448,JNL005448,CU11606,2025-06-29T16:32:00.000Z,Europe,FR,EN,Community,Functionality,Wrong item received,Jonly Doorbell Pro,iOS,Escalation,Closed,623,0,1,4,0.46
9005449,JNL005449,CU98403,2025-05-12T21:52:00.000Z,Europe,NL,EN,Web Form,Inquiry,Charged twice,Jonly Floodlight Max,Android,Tier 2,Closed,856,0,1,4,-0.08
9005450,JNL005450,CU79550,2025-06-27T14:15:00.000Z,North America,CA,EN,Chat,Setup,Subscription not applied,Jonly Cam Indoor,Android,Tier 2,In Progress,476,3,1,5,0.62
9005451,JNL005451,CU56620,2025-06-23T19:49:00.000Z,APAC,NZ,EN,Phone,Connectivity,Order not delivered,Jonly Doorbell Pro,iOS,Tier 1,Closed,820,0,1,1,-0.39
9005452,JNL005452,CU53171,2025-05-06T11:32:00.000Z,North America,US,EN,Phone,Connectivity,Wrong item received,Jonly Floodlight Max,Android,Tier 1,Closed,1549,1,0,5,1.0
9005453,JNL005453,CU96802,2025-07-23T10:27:00.000Z,APAC,AU,NL,Email,Functionality,Subscription not applied,Jonly Cam Outdoor,Android,Tier 1,Closed,849,1,1,4,0.37
9005454,JNL005454,CU68766,2025-05-31T20:06:00.000Z,North America,US,DE,Chat,Billing,No motion alerts,Jonly Hub Mini,Android,Tier 1,Closed,941,1,1,4,1.0
9005455,JNL005455,CU18420,2025-07-31T12:08:00.000Z,Europe,GB,EN,Community,Connectivity,No motion alerts,Jonly Secure Subscription,Android,Tier 2,Closed,694,0,1,4,0.87
9005456,JNL005456,CU53968,2025-05-21T07:03:00.000Z,Europe,DE,DE,Chat,Inquiry,Charged twice,Jonly Doorbell Pro,iOS,Tier 1,Closed,832,1,0,3,-0.94
9005457,JNL005457,CU69981,2025-07-05T03:35:00.000Z,North America,CA,EN,Phone,Functionality,Subscription not applied,Jonly Hub Mini,Web,Tier 1,In Progress,1623,0,1,4,0.38
9005458,JNL005458,CU94338,2025-05-19T14:32:00.000Z,North America,CA,EN,Community,Billing,Subscription not applied,Jonly Hub Plus,Android,Tier 1,Closed,1141,1,1,1,-0.48
9005459,JNL005459,CU70247,2025-05-31T01:14:00.000Z,Europe,GB,FR,Phone,Functionality,Wrong item received,Jonly Cam Outdoor,Android,Tier 1,Closed,271,1,1,4,0.27
9005460,JNL005460,CU70478,2025-07-09T00:06:00.000Z,North America,CA,EN,Phone,Inquiry,False motion alerts,Jonly Cam Outdoor,Android,Tier 1,Closed,982,0,1,3,-0.26
9005461,JNL005461,CU42724,2025-06-29T10:08:00.000Z,Europe,GB,EN,Phone,Inquiry,Cannot login to app,Jonly Floodlight Max,Android,Tier 1,Closed,1523,0,1,4,1.0
9005462,JNL005462,CU50018,2025-07-22T18:13:00.000Z,North America,CA,FR,Phone,Billing,False motion alerts,Jonly Cam Indoor,Android,Tier 2,Closed,1532,1,1,3,-0.21
9005463,JNL005463,CU78788,2025-06-04T21:51:00.000Z,APAC,AU,EN,Email,Shipping,Order not delivered,Jonly Secure Subscription,iOS,Tier 1,Escalated,758,0,1,2,0.2
9005464,JNL005464,CU51785,2025-06-29T14:16:00.000Z,North America,US,EN,Chat,Inquiry,False motion alerts,Jonly Doorbell Pro,iOS,Tier 1,Escalated,1017,0,1,5,1.0
9005465,JNL005465,CU20466,2025-06-05T07:00:00.000Z,North America,US,EN,Chat,Connectivity,Charged twice,Jonly Hub Plus,iOS,Tier 1,Closed,657,0,1,2,-0.94
9005466,JNL005466,CU20309,2025-05-07T02:26:00.000Z,APAC,AU,DE,Community,Inquiry,Poor night vision,Jonly Hub Mini,Web,Tier 1,Closed,180,0,1,5,1.0
9005467,JNL005467,CU13322,2025-06-26T21:33:00.000Z,North America,CA,EN,Email,Inquiry,Charged twice,Jonly Cam Outdoor,iOS,Tier 1,Escalated,211,0,1,4,0.13
9005468,JNL005468,CU57365,2025-06-23T04:09:00.000Z,North America,CA,EN,Phone,Billing,Subscription not applied,Jonly Secure Subscription,iOS,Tier 1,Closed,1311,0,1,3,-0.18
9005469,JNL005469,CU33348,2025-07-17T23:51:00.000Z,Europe,FR,EN,Chat,Inquiry,Laggy live view,Jonly Cam Indoor,Android,Tier 2,Escalated,1002,0,1,3,-0.08
9005470,JNL005470,CU15508,2025-05-29T07:59:00.000Z,North America,US,NL,Chat,Inquiry,Wrong item received,Jonly Hub Plus,Web,Tier 2,Closed,727,2,1,2,-0.37
9005471,JNL005471,CU75993,2025-05-03T12:48:00.000Z,Europe,FR,EN,Phone,Billing,Audio one-way only,Jonly Secure Subscription,iOS,Tier 1,Closed,1219,2,1,1,-0.62
9005472,JNL005472,CU85524,2025-05-29T20:36:00.000Z,APAC,SG,EN,Phone,Inquiry,Audio one-way only,Jonly Cam Outdoor,Android,Tier 1,In Progress,1455,0,0,4,0.35
9005473,JNL005473,CU13243,2025-07-06T05:15:00.000Z,North America,US,EN,Web Form,Billing,Laggy live view,Jonly Secure Subscription,Android,Tier 1,Escalated,831,1,1,5,0.83
9005474,JNL005474,CU27044,2025-07-04T01:37:00.000Z,North America,US,DE,Chat,Connectivity,Camera offline,Jonly Secure Subscription,iOS,Tier 1,Closed,777,0,1,5,1.0
9005475,JNL005475,CU28916,2025-05-23T21:53:00.000Z,Europe,NL,EN,Email,Setup,Camera offline,Jonly Secure Subscription,iOS,Tier 1,Closed,225,1,1,5,0.43
9005476,JNL005476,CU50088,2025-06-30T20:11:00.000Z,North America,US,EN,Chat,Connectivity,Two-factor issues,Jonly Floodlight Max,iOS,Tier 1,Closed,1043,0,1,3,0.15
9005477,JNL005477,CU92657,2025-07-04T05:02:00.000Z,Europe,NL,EN,Chat,Setup,Video not loading,Jonly Hub Mini,Android,Tier 2,Closed,1031,0,1,2,0.07
9005478,JNL005478,CU65123,2025-05-29T12:14:00.000Z,Europe,DE,EN,Phone,Inquiry,Charged twice,Jonly Cam Indoor,iOS,Tier 1,Escalated,1534,0,1,4,1.0
9005479,JNL005479,CU67119,2025-05-06T09:46:00.000Z,Europe,FR,EN,Phone,Functionality,Order not delivered,Jonly Secure Subscription,Android,Tier 2,Closed,1185,0,1,4,0.83
9005480,JNL005480,CU98452,2025-05-21T12:56:00.000Z,APAC,NZ,EN,Phone,Functionality,Poor night vision,Jonly Cam Outdoor,iOS,Tier 1,Closed,699,0,1,3,0.34
9005481,JNL005481,CU28151,2025-06-23T15:52:00.000Z,Europe,GB,EN,Email,Connectivity,Audio one-way only,Jonly Hub Mini,iOS,Tier 1,Closed,554,1,1,2,-1.0
9005482,JNL005482,CU88095,2025-07-21T03:12:00.000Z,Europe,GB,EN,Phone,Setup,Device will not pair,Jonly Secure Subscription,iOS,Tier 1,Closed,1000,2,0,4,1.0
9005483,JNL005483,CU53687,2025-06-04T00:13:00.000Z,Europe,FR,EN,Web Form,Setup,Camera offline,Jonly Floodlight Max,iOS,Tier 1,Closed,1023,0,1,5,1.0
9005484,JNL005484,CU36991,2025-06-10T23:42:00.000Z,Europe,GB,DE,Web Form,Account,Video not loading,Jonly Cam Indoor,Android,Tier 2,Closed,828,0,1,3,-0.09
9005485,JNL005485,CU10645,2025-05-06T05:58:00.000Z,Europe,NL,EN,Phone,Inquiry,Cannot login to app,Jonly Cam Indoor,iOS,Tier 2,In Progress,1197,2,1,5,0.53
9005486,JNL005486,CU34127,2025-06-15T22:28:00.000Z,Europe,GB,EN,Community,Setup,Order not delivered,Jonly Cam Outdoor,iOS,Tier 2,Closed,575,0,1,3,-0.31
9005487,JNL005487,CU85420,2025-07-19T18:36:00.000Z,North America,US,EN,Community,Billing,Doorbell not ringing,Jonly Cam Outdoor,Android,Tier 1,Closed,1063,1,1,3,0.58
9005488,JNL005488,CU71558,2025-06-28T11:53:00.000Z,North America,US,EN,Web Form,Connectivity,Subscription not applied,Jonly Hub Plus,Android,Tier 1,Escalated,586,0,1,4,0.74
9005489,JNL005489,CU37504,2025-07-09T05:42:00.000Z,North America,US,EN,Web Form,Functionality,Camera offline,Jonly Cam Outdoor,Android,Tier 1,Closed,450,0,1,5,0.63
9005490,JNL005490,CU40329,2025-06-04T18:41:00.000Z,North America,US,EN,Chat,Connectivity,Device will not pair,Jonly Cam Indoor,Web,Tier 2,Closed,378,0,1,4,0.82
9005491,JNL005491,CU44593,2025-07-21T05:11:00.000Z,North America,US,DE,Community,Setup,Doorbell not ringing,Jonly Hub Mini,Android,Tier 1,Closed,600,2,1,3,0.15
9005492,JNL005492,CU55517,2025-05-09T22:40:00.000Z,North America,US,EN,Phone,Inquiry,Camera offline,Jonly Floodlight Max,Web,Tier 1,Escalated,1084,1,1,4,0.25
9005493,JNL005493,CU62346,2025-06-03T13:46:00.000Z,North America,CA,FR,Web Form,Connectivity,Laggy live view,Jonly Cam Indoor,Android,Tier 2,Closed,1160,0,1,1,-1.0
9005494,JNL005494,CU50753,2025-05-14T05:28:00.000Z,APAC,AU,FR,Chat,Inquiry,Camera offline,Jonly Cam Indoor,Android,Tier 1,Closed,1100,1,0,5,1.0
9005495,JNL005495,CU20091,2025-07-10T08:26:00.000Z,Europe,GB,DE,Chat,Functionality,Device will not pair,Jonly Hub Mini,iOS,Tier 1,Closed,991,1,1,4,0.28
9005496,JNL005496,CU76319,2025-05-01T12:54:00.000Z,North America,CA,EN,Email,Inquiry,False motion alerts,Jonly Hub Mini,iOS,Tier 2,Closed,652,1,1,5,1.0
9005497,JNL005497,CU69688,2025-05-05T10:16:00.000Z,North America,US,EN,Email,Billing,Subscription not applied,Jonly Cam Outdoor,Android,Tier 2,In Progress,1082,2,1,3,0.1
9005498,JNL005498,CU34319,2025-07-25T10:37:00.000Z,North America,CA,DE,Web Form,Shipping,Camera offline,Jonly Hub Plus,Other,Tier 2,In Progress,986,0,1,4,1.0
9005499,JNL005499,CU53762,2025-07-01T22:26:00.000Z,APAC,SG,EN,Phone,Functionality,Order not delivered,Jonly Doorbell Pro,Android,Tier 1,Closed,1772,0,0,5,1.0
9005500,JNL005500,CU15093,2025-06-12T22:13:00.000Z,Europe,GB,EN,Phone,Billing,Order not delivered,Jonly Hub Mini,Android,Tier 1,Closed,1167,0,1,5,1.0
