feedback_id,feedback_date,source,product_area,rating_score,sentiment_score,nps_score,linked_case_id,verbatim_text
FB00001,2025-07-23,Post-Contact Survey,Setup & Onboarding,4,0.57,9.0,,Support was helpful and resolved my issue quickly.
FB00002,2025-05-13,Retailer Review,Camera Hardware,3,-0.8,,CSE003955,"Mixed experience, some things worked and some did not."
FB00003,2025-05-05,App Review,Camera Hardware,5,1.0,,CSE003211,Support was helpful and resolved my issue quickly.
FB00004,2025-06-05,Retailer Review,Account & Billing,3,-0.38,,,"Mixed experience, some things worked and some did not."
FB00005,2025-05-09,Community,Account & Billing,4,-0.07,10.0,CSE003720,"Very happy with the Account & Billing, everything works as expected."
FB00006,2025-07-03,Community,Account & Billing,5,0.44,5.0,CSE001155,"Very happy with the Account & Billing, everything works as expected."
FB00007,2025-06-02,Social,Mobile App,1,-0.34,10.0,,The Mobile App is confusing and should be improved.
FB00008,2025-05-22,App Review,Camera Hardware,4,0.67,,,The Camera Hardware feels smooth and reliable now.
FB00009,2025-07-28,App Review,Camera Hardware,5,0.86,,,The Camera Hardware feels smooth and reliable now.
FB00010,2025-07-24,Community,Setup & Onboarding,2,-1.0,9.0,,"Issue not fully resolved, experience was frustrating."
FB00011,2025-05-26,Post-Contact Survey,Subscription,4,0.26,7.0,CSE000303,The Subscription feels smooth and reliable now.
FB00012,2025-07-19,App Review,Account & Billing,3,0.17,,CSE002293,The Account & Billing is okay but could be better.
FB00013,2025-07-10,Social,Mobile App,4,0.82,9.0,CSE001296,The Mobile App feels smooth and reliable now.
FB00014,2025-06-09,App Review,Account & Billing,3,-0.09,,,The Account & Billing is okay but could be better.
FB00015,2025-05-24,Retailer Review,Mobile App,3,0.32,,,"Mixed experience, some things worked and some did not."
FB00016,2025-06-03,Social,Account & Billing,5,1.0,5.0,CSE002136,Support was helpful and resolved my issue quickly.
FB00017,2025-05-13,App Review,Account & Billing,4,0.76,,CSE003763,The Account & Billing feels smooth and reliable now.
FB00018,2025-05-22,Post-Contact Survey,Account & Billing,2,-0.19,5.0,,"Still having problems with the Account & Billing, not satisfied."
FB00019,2025-06-27,Retailer Review,Account & Billing,5,0.85,,,Support was helpful and resolved my issue quickly.
FB00020,2025-07-09,Post-Contact Survey,Account & Billing,1,-0.89,9.0,,The Account & Billing is confusing and should be improved.
FB00021,2025-07-18,Post-Contact Survey,Account & Billing,4,-0.01,7.0,,The Account & Billing feels smooth and reliable now.
FB00022,2025-07-02,Post-Contact Survey,Subscription,5,0.72,5.0,CSE003554,Support was helpful and resolved my issue quickly.
FB00023,2025-06-30,Retailer Review,Account & Billing,3,0.03,,CSE001333,The Account & Billing is okay but could be better.
FB00024,2025-07-05,App Review,Subscription,3,-0.07,,CSE002325,The Subscription is okay but could be better.
FB00025,2025-06-22,Post-Contact Survey,Mobile App,4,0.43,9.0,CSE003964,"Very happy with the Mobile App, everything works as expected."
FB00026,2025-05-21,Retailer Review,Account & Billing,5,0.62,,,Support was helpful and resolved my issue quickly.
FB00027,2025-05-29,Community,Camera Hardware,5,1.0,7.0,CSE001311,The Camera Hardware feels smooth and reliable now.
FB00028,2025-06-26,Social,Subscription,1,-0.78,7.0,,"Issue not fully resolved, experience was frustrating."
FB00029,2025-06-29,Retailer Review,Mobile App,3,-0.07,,CSE002258,"Mixed experience, some things worked and some did not."
FB00030,2025-05-28,Post-Contact Survey,Setup & Onboarding,5,1.0,9.0,,The Setup & Onboarding feels smooth and reliable now.
FB00031,2025-05-27,App Review,Camera Hardware,4,0.25,,CSE003778,The Camera Hardware feels smooth and reliable now.
FB00032,2025-06-12,Social,Setup & Onboarding,3,-0.08,5.0,CSE003275,"Mixed experience, some things worked and some did not."
FB00033,2025-07-22,App Review,Subscription,2,-0.42,,CSE002443,"Issue not fully resolved, experience was frustrating."
FB00034,2025-06-04,Social,Subscription,5,1.0,0.0,CSE000992,Support was helpful and resolved my issue quickly.
FB00035,2025-05-19,Post-Contact Survey,Mobile App,4,0.7,7.0,CSE003365,"Very happy with the Mobile App, everything works as expected."
FB00036,2025-06-05,Post-Contact Survey,Setup & Onboarding,3,0.24,3.0,CSE002690,"Mixed experience, some things worked and some did not."
FB00037,2025-06-11,App Review,Account & Billing,4,0.89,,CSE000368,The Account & Billing feels smooth and reliable now.
FB00038,2025-06-04,Social,Mobile App,5,0.44,9.0,,"Very happy with the Mobile App, everything works as expected."
FB00039,2025-05-18,Community,Setup & Onboarding,2,-0.87,9.0,,"Still having problems with the Setup & Onboarding, not satisfied."
FB00040,2025-07-10,Community,Subscription,3,0.24,5.0,,"Mixed experience, some things worked and some did not."
FB00041,2025-05-09,App Review,Camera Hardware,3,-0.1,,,"Mixed experience, some things worked and some did not."
FB00042,2025-07-28,Community,Subscription,3,0.31,7.0,CSE000965,The Subscription is okay but could be better.
FB00043,2025-05-12,Community,Account & Billing,3,0.43,5.0,,"Mixed experience, some things worked and some did not."
FB00044,2025-07-01,Post-Contact Survey,Mobile App,1,-1.0,7.0,CSE001846,"Issue not fully resolved, experience was frustrating."
FB00045,2025-06-24,Social,Setup & Onboarding,2,0.21,10.0,,The Setup & Onboarding is confusing and should be improved.
FB00046,2025-05-17,Community,Setup & Onboarding,4,0.09,7.0,,Support was helpful and resolved my issue quickly.
FB00047,2025-05-05,Community,Account & Billing,5,1.0,7.0,CSE002510,"Very happy with the Account & Billing, everything works as expected."
FB00048,2025-05-15,Post-Contact Survey,Account & Billing,5,1.0,10.0,CSE002582,Support was helpful and resolved my issue quickly.
FB00049,2025-05-29,App Review,Mobile App,3,0.21,,,The Mobile App is okay but could be better.
FB00050,2025-07-25,Post-Contact Survey,Setup & Onboarding,3,0.58,9.0,CSE001111,The Setup & Onboarding is okay but could be better.
FB00051,2025-07-23,Post-Contact Survey,Mobile App,5,1.0,3.0,,Support was helpful and resolved my issue quickly.
FB00052,2025-06-18,Social,Setup & Onboarding,4,1.0,9.0,,Support was helpful and resolved my issue quickly.
FB00053,2025-05-02,Retailer Review,Mobile App,5,0.98,,CSE000255,"Very happy with the Mobile App, everything works as expected."
FB00054,2025-07-07,App Review,Subscription,5,1.0,,,The Subscription feels smooth and reliable now.
FB00055,2025-06-19,App Review,Account & Billing,4,0.48,,CSE003347,The Account & Billing feels smooth and reliable now.
FB00056,2025-05-08,App Review,Subscription,5,1.0,,,The Subscription feels smooth and reliable now.
FB00057,2025-05-29,App Review,Camera Hardware,3,0.34,,,The Camera Hardware is okay but could be better.
FB00058,2025-05-25,App Review,Subscription,5,1.0,,CSE002601,"Very happy with the Subscription, everything works as expected."
FB00059,2025-06-27,Community,Subscription,3,-0.18,3.0,,The Subscription is okay but could be better.
FB00060,2025-06-19,Community,Setup & Onboarding,4,1.0,9.0,CSE001517,"Very happy with the Setup & Onboarding, everything works as expected."
FB00061,2025-05-07,Post-Contact Survey,Mobile App,4,0.62,9.0,CSE000089,"Very happy with the Mobile App, everything works as expected."
FB00062,2025-07-17,Retailer Review,Setup & Onboarding,5,0.74,,,"Very happy with the Setup & Onboarding, everything works as expected."
FB00063,2025-05-12,Social,Camera Hardware,4,1.0,9.0,,Support was helpful and resolved my issue quickly.
FB00064,2025-06-15,Post-Contact Survey,Subscription,4,0.15,9.0,CSE003280,"Very happy with the Subscription, everything works as expected."
FB00065,2025-07-07,Post-Contact Survey,Camera Hardware,5,0.69,0.0,,"Very happy with the Camera Hardware, everything works as expected."
FB00066,2025-07-10,Post-Contact Survey,Account & Billing,2,-0.22,7.0,CSE002542,"Still having problems with the Account & Billing, not satisfied."
FB00067,2025-06-04,App Review,Subscription,1,-0.64,,,"Still having problems with the Subscription, not satisfied."
FB00068,2025-07-11,Community,Subscription,3,0.37,3.0,CSE002650,"Mixed experience, some things worked and some did not."
FB00069,2025-05-23,Post-Contact Survey,Subscription,2,-0.39,5.0,CSE000739,"Still having problems with the Subscription, not satisfied."
FB00070,2025-05-03,Community,Account & Billing,3,-0.33,9.0,CSE000162,The Account & Billing is okay but could be better.
FB00071,2025-07-26,Community,Mobile App,1,-1.0,5.0,,"Issue not fully resolved, experience was frustrating."
FB00072,2025-05-02,Community,Account & Billing,4,1.0,9.0,CSE001469,The Account & Billing feels smooth and reliable now.
FB00073,2025-05-18,Retailer Review,Camera Hardware,1,-0.76,,CSE003696,The Camera Hardware is confusing and should be improved.
FB00074,2025-06-22,Retailer Review,Mobile App,2,0.11,,CSE002756,"Still having problems with the Mobile App, not satisfied."
FB00075,2025-07-27,Post-Contact Survey,Mobile App,5,0.88,9.0,,"Very happy with the Mobile App, everything works as expected."
FB00076,2025-05-13,Community,Account & Billing,4,0.65,0.0,,"Very happy with the Account & Billing, everything works as expected."
FB00077,2025-06-22,Retailer Review,Camera Hardware,4,0.1,,,Support was helpful and resolved my issue quickly.
FB00078,2025-06-10,Community,Camera Hardware,4,0.5,10.0,CSE000481,The Camera Hardware feels smooth and reliable now.
FB00079,2025-06-13,Retailer Review,Account & Billing,4,-0.82,,,The Account & Billing feels smooth and reliable now.
FB00080,2025-06-01,Social,Account & Billing,4,0.52,9.0,CSE001932,The Account & Billing feels smooth and reliable now.
FB00081,2025-05-22,App Review,Setup & Onboarding,3,-0.06,,CSE002332,"Mixed experience, some things worked and some did not."
FB00082,2025-05-09,App Review,Mobile App,3,-0.61,,,"Mixed experience, some things worked and some did not."
FB00083,2025-07-12,Community,Account & Billing,3,0.3,9.0,,"Mixed experience, some things worked and some did not."
FB00084,2025-06-02,App Review,Camera Hardware,5,0.76,,CSE002830,"Very happy with the Camera Hardware, everything works as expected."
FB00085,2025-05-29,Post-Contact Survey,Setup & Onboarding,4,0.43,5.0,CSE000324,Support was helpful and resolved my issue quickly.
FB00086,2025-06-19,Post-Contact Survey,Account & Billing,1,-0.94,0.0,,The Account & Billing is confusing and should be improved.
FB00087,2025-07-22,Community,Account & Billing,5,0.48,5.0,CSE000984,Support was helpful and resolved my issue quickly.
FB00088,2025-07-28,Social,Mobile App,4,-0.17,10.0,CSE001180,The Mobile App feels smooth and reliable now.
FB00089,2025-07-14,Retailer Review,Camera Hardware,1,-1.0,,CSE003879,The Camera Hardware is confusing and should be improved.
FB00090,2025-06-07,Retailer Review,Camera Hardware,4,0.58,,,"Very happy with the Camera Hardware, everything works as expected."
FB00091,2025-05-01,App Review,Mobile App,4,0.57,,,Support was helpful and resolved my issue quickly.
FB00092,2025-06-10,Retailer Review,Subscription,5,0.89,,,The Subscription feels smooth and reliable now.
FB00093,2025-07-06,Post-Contact Survey,Subscription,5,1.0,5.0,CSE002436,"Very happy with the Subscription, everything works as expected."
FB00094,2025-06-13,App Review,Setup & Onboarding,4,0.15,,,"Very happy with the Setup & Onboarding, everything works as expected."
FB00095,2025-07-07,App Review,Mobile App,5,1.0,,CSE002611,Support was helpful and resolved my issue quickly.
FB00096,2025-05-29,App Review,Account & Billing,5,1.0,,CSE003586,The Account & Billing feels smooth and reliable now.
FB00097,2025-07-05,Retailer Review,Subscription,5,0.75,,CSE001698,"Very happy with the Subscription, everything works as expected."
FB00098,2025-06-10,Community,Mobile App,4,0.32,5.0,CSE002875,The Mobile App feels smooth and reliable now.
FB00099,2025-05-07,Retailer Review,Account & Billing,5,0.75,,CSE002713,The Account & Billing feels smooth and reliable now.
FB00100,2025-07-03,Social,Camera Hardware,3,-0.13,7.0,CSE001825,The Camera Hardware is okay but could be better.
FB00101,2025-07-08,Social,Camera Hardware,5,1.0,3.0,CSE000646,Support was helpful and resolved my issue quickly.
FB00102,2025-06-08,Community,Account & Billing,3,-0.54,3.0,CSE001996,The Account & Billing is okay but could be better.
FB00103,2025-06-30,App Review,Subscription,4,0.37,,,Support was helpful and resolved my issue quickly.
FB00104,2025-05-27,Retailer Review,Mobile App,2,-1.0,,CSE003432,"Issue not fully resolved, experience was frustrating."
FB00105,2025-06-04,Social,Setup & Onboarding,3,0.39,7.0,CSE003370,"Mixed experience, some things worked and some did not."
FB00106,2025-05-06,App Review,Camera Hardware,3,-0.88,,CSE003945,The Camera Hardware is okay but could be better.
FB00107,2025-06-05,Community,Mobile App,3,-0.71,0.0,,The Mobile App is okay but could be better.
FB00108,2025-05-11,Community,Subscription,4,1.0,10.0,,Support was helpful and resolved my issue quickly.
FB00109,2025-07-17,App Review,Setup & Onboarding,3,0.5,,,"Mixed experience, some things worked and some did not."
FB00110,2025-07-25,Retailer Review,Camera Hardware,2,-0.71,,CSE000875,"Still having problems with the Camera Hardware, not satisfied."
FB00111,2025-07-13,Post-Contact Survey,Setup & Onboarding,2,-0.78,3.0,,"Still having problems with the Setup & Onboarding, not satisfied."
FB00112,2025-05-06,Community,Subscription,5,1.0,7.0,,The Subscription feels smooth and reliable now.
FB00113,2025-06-20,Social,Account & Billing,4,0.39,5.0,CSE000401,"Very happy with the Account & Billing, everything works as expected."
FB00114,2025-05-27,App Review,Account & Billing,2,-1.0,,CSE002660,"Still having problems with the Account & Billing, not satisfied."
FB00115,2025-06-14,Community,Setup & Onboarding,4,0.53,9.0,,Support was helpful and resolved my issue quickly.
FB00116,2025-05-20,Community,Camera Hardware,3,-0.15,0.0,,The Camera Hardware is okay but could be better.
FB00117,2025-07-16,Retailer Review,Mobile App,5,1.0,,CSE003498,Support was helpful and resolved my issue quickly.
FB00118,2025-06-29,Social,Setup & Onboarding,4,0.7,7.0,,"Very happy with the Setup & Onboarding, everything works as expected."
FB00119,2025-07-28,Post-Contact Survey,Camera Hardware,4,0.57,9.0,CSE001856,"Very happy with the Camera Hardware, everything works as expected."
FB00120,2025-07-18,Retailer Review,Camera Hardware,3,0.26,,,The Camera Hardware is okay but could be better.
FB00121,2025-05-24,Post-Contact Survey,Camera Hardware,4,0.04,5.0,,The Camera Hardware feels smooth and reliable now.
FB00122,2025-05-01,Post-Contact Survey,Mobile App,1,-0.88,3.0,,"Still having problems with the Mobile App, not satisfied."
FB00123,2025-05-22,Social,Camera Hardware,4,0.45,0.0,,Support was helpful and resolved my issue quickly.
FB00124,2025-05-26,Community,Setup & Onboarding,5,1.0,3.0,,"Very happy with the Setup & Onboarding, everything works as expected."
FB00125,2025-06-01,Social,Setup & Onboarding,5,0.64,9.0,CSE002790,Support was helpful and resolved my issue quickly.
FB00126,2025-06-06,Community,Subscription,4,1.0,7.0,CSE003877,Support was helpful and resolved my issue quickly.
FB00127,2025-07-11,Retailer Review,Mobile App,3,0.26,,,The Mobile App is okay but could be better.
FB00128,2025-07-23,App Review,Mobile App,5,1.0,,,The Mobile App feels smooth and reliable now.
FB00129,2025-05-22,Social,Subscription,5,1.0,9.0,,Support was helpful and resolved my issue quickly.
FB00130,2025-07-05,Social,Camera Hardware,4,0.83,3.0,,Support was helpful and resolved my issue quickly.
FB00131,2025-05-26,Retailer Review,Camera Hardware,3,-0.96,,,"Mixed experience, some things worked and some did not."
FB00132,2025-05-02,Community,Setup & Onboarding,5,0.75,9.0,,"Very happy with the Setup & Onboarding, everything works as expected."
FB00133,2025-06-01,Social,Mobile App,5,0.21,5.0,CSE002405,Support was helpful and resolved my issue quickly.
FB00134,2025-05-22,Post-Contact Survey,Mobile App,4,0.36,7.0,CSE000619,Support was helpful and resolved my issue quickly.
FB00135,2025-06-22,Social,Mobile App,5,1.0,7.0,CSE003235,Support was helpful and resolved my issue quickly.
FB00136,2025-05-25,App Review,Account & Billing,2,-0.62,,,"Issue not fully resolved, experience was frustrating."
FB00137,2025-05-08,App Review,Account & Billing,3,0.02,,,The Account & Billing is okay but could be better.
FB00138,2025-07-07,App Review,Account & Billing,5,1.0,,CSE000672,"Very happy with the Account & Billing, everything works as expected."
FB00139,2025-07-06,Retailer Review,Account & Billing,3,0.19,,,"Mixed experience, some things worked and some did not."
FB00140,2025-07-30,App Review,Account & Billing,5,0.7,,CSE002247,"Very happy with the Account & Billing, everything works as expected."
FB00141,2025-06-07,App Review,Camera Hardware,1,-1.0,,CSE001959,The Camera Hardware is confusing and should be improved.
FB00142,2025-07-16,Retailer Review,Mobile App,4,0.21,,CSE000198,Support was helpful and resolved my issue quickly.
FB00143,2025-07-03,Retailer Review,Subscription,5,-0.17,,CSE002143,The Subscription feels smooth and reliable now.
FB00144,2025-07-21,Community,Camera Hardware,2,-0.57,7.0,CSE001652,"Issue not fully resolved, experience was frustrating."
FB00145,2025-07-14,Social,Subscription,5,0.82,5.0,CSE000446,"Very happy with the Subscription, everything works as expected."
FB00146,2025-06-05,App Review,Subscription,5,1.0,,CSE001971,Support was helpful and resolved my issue quickly.
FB00147,2025-06-01,Retailer Review,Camera Hardware,5,1.0,,CSE003269,Support was helpful and resolved my issue quickly.
FB00148,2025-07-14,App Review,Account & Billing,4,1.0,,CSE000476,The Account & Billing feels smooth and reliable now.
FB00149,2025-06-20,Post-Contact Survey,Mobile App,3,0.66,10.0,CSE000155,"Mixed experience, some things worked and some did not."
FB00150,2025-05-27,Retailer Review,Mobile App,2,-1.0,,CSE002815,"Still having problems with the Mobile App, not satisfied."
FB00151,2025-05-30,Community,Subscription,5,1.0,7.0,,The Subscription feels smooth and reliable now.
FB00152,2025-07-04,Post-Contact Survey,Setup & Onboarding,4,0.31,10.0,CSE003302,The Setup & Onboarding feels smooth and reliable now.
FB00153,2025-07-25,App Review,Setup & Onboarding,4,0.28,,CSE003309,"Very happy with the Setup & Onboarding, everything works as expected."
FB00154,2025-07-18,Retailer Review,Account & Billing,4,0.97,,CSE000906,"Very happy with the Account & Billing, everything works as expected."
FB00155,2025-05-23,Post-Contact Survey,Subscription,5,0.6,9.0,CSE000402,Support was helpful and resolved my issue quickly.
FB00156,2025-06-07,Retailer Review,Account & Billing,5,1.0,,CSE001188,Support was helpful and resolved my issue quickly.
FB00157,2025-06-04,Community,Subscription,3,-0.15,10.0,,The Subscription is okay but could be better.
FB00158,2025-06-19,App Review,Subscription,2,-0.1,,CSE001509,"Still having problems with the Subscription, not satisfied."
FB00159,2025-05-19,Post-Contact Survey,Mobile App,3,0.68,3.0,,"Mixed experience, some things worked and some did not."
FB00160,2025-05-25,Social,Account & Billing,3,-0.18,0.0,CSE000683,"Mixed experience, some things worked and some did not."
FB00161,2025-06-01,Post-Contact Survey,Camera Hardware,2,-0.44,10.0,CSE000472,"Still having problems with the Camera Hardware, not satisfied."
FB00162,2025-05-02,Post-Contact Survey,Mobile App,5,0.99,9.0,,The Mobile App feels smooth and reliable now.
FB00163,2025-07-23,App Review,Subscription,1,-0.67,,CSE002154,"Issue not fully resolved, experience was frustrating."
FB00164,2025-07-19,Community,Subscription,3,0.01,0.0,,The Subscription is okay but could be better.
FB00165,2025-06-24,Post-Contact Survey,Camera Hardware,2,-0.54,9.0,CSE001631,"Issue not fully resolved, experience was frustrating."
FB00166,2025-06-27,Retailer Review,Camera Hardware,1,-0.92,,CSE000173,"Still having problems with the Camera Hardware, not satisfied."
FB00167,2025-05-30,Retailer Review,Mobile App,3,0.19,,,The Mobile App is okay but could be better.
FB00168,2025-07-12,Social,Subscription,2,-0.48,10.0,CSE001549,"Issue not fully resolved, experience was frustrating."
FB00169,2025-07-23,Community,Account & Billing,4,0.05,5.0,CSE000620,"Very happy with the Account & Billing, everything works as expected."
FB00170,2025-05-28,Social,Subscription,2,-1.0,9.0,,"Issue not fully resolved, experience was frustrating."
FB00171,2025-06-04,Post-Contact Survey,Subscription,1,-1.0,5.0,CSE001663,The Subscription is confusing and should be improved.
FB00172,2025-05-22,Retailer Review,Setup & Onboarding,5,0.78,,,The Setup & Onboarding feels smooth and reliable now.
FB00173,2025-07-01,Social,Camera Hardware,5,1.0,7.0,CSE003757,Support was helpful and resolved my issue quickly.
FB00174,2025-07-18,Post-Contact Survey,Account & Billing,5,1.0,10.0,,Support was helpful and resolved my issue quickly.
FB00175,2025-05-11,Social,Setup & Onboarding,4,0.51,0.0,,"Very happy with the Setup & Onboarding, everything works as expected."
FB00176,2025-06-18,Community,Mobile App,5,0.64,10.0,CSE003815,"Very happy with the Mobile App, everything works as expected."
FB00177,2025-05-01,Retailer Review,Mobile App,1,-0.56,,CSE002891,The Mobile App is confusing and should be improved.
FB00178,2025-05-25,Community,Mobile App,5,0.97,0.0,,Support was helpful and resolved my issue quickly.
FB00179,2025-06-28,Community,Mobile App,2,-0.45,9.0,CSE000608,"Issue not fully resolved, experience was frustrating."
FB00180,2025-06-14,Retailer Review,Camera Hardware,5,1.0,,,"Very happy with the Camera Hardware, everything works as expected."
FB00181,2025-07-17,Community,Setup & Onboarding,3,-0.48,10.0,,"Mixed experience, some things worked and some did not."
FB00182,2025-07-03,Social,Camera Hardware,2,-0.3,0.0,,"Issue not fully resolved, experience was frustrating."
FB00183,2025-05-15,Post-Contact Survey,Mobile App,4,0.1,0.0,CSE000347,The Mobile App feels smooth and reliable now.
FB00184,2025-06-28,Retailer Review,Setup & Onboarding,3,0.1,,,The Setup & Onboarding is okay but could be better.
FB00185,2025-05-17,Community,Account & Billing,4,0.24,7.0,CSE000535,"Very happy with the Account & Billing, everything works as expected."
FB00186,2025-06-04,Community,Account & Billing,3,0.72,5.0,CSE003109,"Mixed experience, some things worked and some did not."
FB00187,2025-05-08,App Review,Subscription,4,0.5,,CSE000659,"Very happy with the Subscription, everything works as expected."
FB00188,2025-07-01,Social,Mobile App,5,0.69,9.0,,Support was helpful and resolved my issue quickly.
FB00189,2025-07-23,App Review,Mobile App,4,0.7,,,The Mobile App feels smooth and reliable now.
FB00190,2025-06-01,Post-Contact Survey,Mobile App,1,-0.83,0.0,CSE002171,The Mobile App is confusing and should be improved.
FB00191,2025-07-28,Post-Contact Survey,Setup & Onboarding,4,0.79,10.0,CSE000372,The Setup & Onboarding feels smooth and reliable now.
FB00192,2025-05-17,Social,Setup & Onboarding,4,0.42,5.0,,The Setup & Onboarding feels smooth and reliable now.
FB00193,2025-05-16,Social,Subscription,5,0.69,9.0,,"Very happy with the Subscription, everything works as expected."
FB00194,2025-07-14,Retailer Review,Subscription,1,-0.95,,,"Still having problems with the Subscription, not satisfied."
FB00195,2025-05-11,Community,Mobile App,5,0.55,5.0,CSE003692,The Mobile App feels smooth and reliable now.
FB00196,2025-07-09,Post-Contact Survey,Account & Billing,1,-0.6,3.0,CSE003984,"Issue not fully resolved, experience was frustrating."
FB00197,2025-07-09,Social,Mobile App,4,0.51,0.0,,Support was helpful and resolved my issue quickly.
FB00198,2025-05-23,App Review,Account & Billing,5,0.63,,,"Very happy with the Account & Billing, everything works as expected."
FB00199,2025-06-03,App Review,Mobile App,5,1.0,,,"Very happy with the Mobile App, everything works as expected."
FB00200,2025-05-11,Community,Subscription,2,-0.37,3.0,,"Still having problems with the Subscription, not satisfied."
FB00201,2025-07-26,Retailer Review,Subscription,5,0.77,,,Support was helpful and resolved my issue quickly.
FB00202,2025-06-06,Retailer Review,Account & Billing,2,-0.71,,CSE001043,"Issue not fully resolved, experience was frustrating."
FB00203,2025-05-26,App Review,Account & Billing,4,0.27,,CSE003523,Support was helpful and resolved my issue quickly.
FB00204,2025-07-30,Social,Mobile App,3,0.68,5.0,,"Mixed experience, some things worked and some did not."
FB00205,2025-05-20,Post-Contact Survey,Subscription,5,0.91,7.0,,Support was helpful and resolved my issue quickly.
FB00206,2025-07-17,App Review,Camera Hardware,3,0.51,,,The Camera Hardware is okay but could be better.
FB00207,2025-05-26,Retailer Review,Setup & Onboarding,2,-0.42,,CSE003832,"Still having problems with the Setup & Onboarding, not satisfied."
FB00208,2025-06-23,Post-Contact Survey,Subscription,1,-0.59,5.0,CSE002988,"Issue not fully resolved, experience was frustrating."
FB00209,2025-05-31,Social,Camera Hardware,4,0.63,7.0,CSE000148,Support was helpful and resolved my issue quickly.
FB00210,2025-05-22,Post-Contact Survey,Account & Billing,2,-0.17,9.0,CSE002015,The Account & Billing is confusing and should be improved.
FB00211,2025-06-24,Community,Mobile App,3,0.41,5.0,,The Mobile App is okay but could be better.
FB00212,2025-07-06,Social,Account & Billing,4,0.02,3.0,,Support was helpful and resolved my issue quickly.
FB00213,2025-07-08,Community,Subscription,3,-0.83,0.0,CSE002506,"Mixed experience, some things worked and some did not."
FB00214,2025-06-08,App Review,Account & Billing,4,1.0,,CSE000193,"Very happy with the Account & Billing, everything works as expected."
FB00215,2025-06-12,Post-Contact Survey,Setup & Onboarding,5,1.0,3.0,CSE000621,"Very happy with the Setup & Onboarding, everything works as expected."
FB00216,2025-07-16,Retailer Review,Camera Hardware,5,0.49,,CSE002529,"Very happy with the Camera Hardware, everything works as expected."
FB00217,2025-07-15,Social,Camera Hardware,3,0.45,0.0,,The Camera Hardware is okay but could be better.
FB00218,2025-05-21,Retailer Review,Camera Hardware,3,0.01,,,"Mixed experience, some things worked and some did not."
FB00219,2025-05-04,Community,Subscription,3,0.25,3.0,CSE003209,"Mixed experience, some things worked and some did not."
FB00220,2025-07-03,App Review,Mobile App,4,0.09,,CSE000247,The Mobile App feels smooth and reliable now.
FB00221,2025-06-29,Post-Contact Survey,Subscription,5,0.05,0.0,,The Subscription feels smooth and reliable now.
FB00222,2025-06-05,Social,Setup & Onboarding,5,0.82,7.0,,Support was helpful and resolved my issue quickly.
FB00223,2025-05-27,Post-Contact Survey,Account & Billing,3,0.61,9.0,,"Mixed experience, some things worked and some did not."
FB00224,2025-07-19,Retailer Review,Subscription,3,-0.09,,,The Subscription is okay but could be better.
FB00225,2025-05-31,Community,Account & Billing,2,-0.02,9.0,,"Issue not fully resolved, experience was frustrating."
FB00226,2025-06-21,Social,Setup & Onboarding,2,-0.27,5.0,,The Setup & Onboarding is confusing and should be improved.
FB00227,2025-05-03,App Review,Mobile App,2,-0.82,,,The Mobile App is confusing and should be improved.
FB00228,2025-05-09,App Review,Account & Billing,1,-1.0,,,"Still having problems with the Account & Billing, not satisfied."
FB00229,2025-05-28,Community,Mobile App,2,-0.68,9.0,CSE003218,"Still having problems with the Mobile App, not satisfied."
FB00230,2025-07-13,Retailer Review,Account & Billing,4,0.09,,CSE001606,Support was helpful and resolved my issue quickly.
FB00231,2025-06-01,Retailer Review,Mobile App,4,0.79,,CSE000781,Support was helpful and resolved my issue quickly.
FB00232,2025-07-07,Social,Camera Hardware,3,-0.46,3.0,CSE002589,The Camera Hardware is okay but could be better.
FB00233,2025-07-29,Post-Contact Survey,Account & Billing,5,0.81,10.0,,"Very happy with the Account & Billing, everything works as expected."
FB00234,2025-05-03,Community,Subscription,4,0.52,0.0,CSE003691,"Very happy with the Subscription, everything works as expected."
FB00235,2025-07-01,Retailer Review,Account & Billing,3,-0.58,,,The Account & Billing is okay but could be better.
FB00236,2025-07-23,Community,Subscription,4,0.83,5.0,CSE003180,The Subscription feels smooth and reliable now.
FB00237,2025-05-11,Community,Setup & Onboarding,2,-0.64,10.0,,The Setup & Onboarding is confusing and should be improved.
FB00238,2025-05-09,Post-Contact Survey,Camera Hardware,1,-0.92,7.0,CSE002078,"Issue not fully resolved, experience was frustrating."
FB00239,2025-06-08,Community,Subscription,4,0.53,5.0,,"Very happy with the Subscription, everything works as expected."
FB00240,2025-06-23,Social,Subscription,3,0.23,7.0,CSE002319,"Mixed experience, some things worked and some did not."
FB00241,2025-06-28,Post-Contact Survey,Account & Billing,5,1.0,5.0,,"Very happy with the Account & Billing, everything works as expected."
FB00242,2025-07-06,App Review,Mobile App,4,0.56,,CSE000407,Support was helpful and resolved my issue quickly.
FB00243,2025-05-15,Retailer Review,Mobile App,4,0.8,,,The Mobile App feels smooth and reliable now.
FB00244,2025-05-26,Community,Setup & Onboarding,4,0.45,0.0,,Support was helpful and resolved my issue quickly.
FB00245,2025-07-07,Post-Contact Survey,Subscription,2,-0.8,10.0,CSE001709,"Still having problems with the Subscription, not satisfied."
FB00246,2025-06-01,Social,Camera Hardware,1,-1.0,9.0,CSE003540,"Issue not fully resolved, experience was frustrating."
FB00247,2025-06-22,App Review,Mobile App,3,0.44,,,The Mobile App is okay but could be better.
FB00248,2025-05-02,Community,Account & Billing,2,-0.21,3.0,CSE000498,"Issue not fully resolved, experience was frustrating."
FB00249,2025-06-24,Retailer Review,Mobile App,3,-0.6,,,"Mixed experience, some things worked and some did not."
FB00250,2025-05-24,Post-Contact Survey,Account & Billing,3,-0.27,9.0,CSE000041,The Account & Billing is okay but could be better.
FB00251,2025-05-29,Retailer Review,Camera Hardware,3,0.75,,,The Camera Hardware is okay but could be better.
FB00252,2025-07-25,Retailer Review,Camera Hardware,3,0.19,,CSE000587,The Camera Hardware is okay but could be better.
FB00253,2025-06-19,Post-Contact Survey,Mobile App,5,0.41,3.0,CSE002700,The Mobile App feels smooth and reliable now.
FB00254,2025-07-11,Post-Contact Survey,Camera Hardware,5,1.0,0.0,,"Very happy with the Camera Hardware, everything works as expected."
FB00255,2025-05-07,Community,Account & Billing,3,0.41,3.0,,"Mixed experience, some things worked and some did not."
FB00256,2025-07-26,App Review,Setup & Onboarding,3,-0.4,,CSE000101,The Setup & Onboarding is okay but could be better.
FB00257,2025-05-16,Community,Subscription,5,0.43,9.0,,"Very happy with the Subscription, everything works as expected."
FB00258,2025-06-05,Community,Mobile App,5,0.25,5.0,CSE001953,Support was helpful and resolved my issue quickly.
FB00259,2025-05-10,App Review,Mobile App,2,-0.62,,,"Issue not fully resolved, experience was frustrating."
FB00260,2025-05-16,Retailer Review,Account & Billing,4,0.65,,CSE003959,"Very happy with the Account & Billing, everything works as expected."
FB00261,2025-07-16,Social,Setup & Onboarding,5,1.0,10.0,CSE001939,Support was helpful and resolved my issue quickly.
FB00262,2025-06-04,Post-Contact Survey,Camera Hardware,4,0.29,7.0,CSE003598,The Camera Hardware feels smooth and reliable now.
FB00263,2025-06-16,Social,Mobile App,5,1.0,0.0,,"Very happy with the Mobile App, everything works as expected."
FB00264,2025-07-17,Social,Setup & Onboarding,3,0.16,0.0,CSE000331,The Setup & Onboarding is okay but could be better.
FB00265,2025-06-06,Social,Setup & Onboarding,2,-0.41,5.0,CSE001261,"Still having problems with the Setup & Onboarding, not satisfied."
FB00266,2025-06-20,Retailer Review,Mobile App,1,-1.0,,CSE000602,"Still having problems with the Mobile App, not satisfied."
FB00267,2025-06-02,App Review,Camera Hardware,4,0.33,,,Support was helpful and resolved my issue quickly.
FB00268,2025-05-24,Social,Mobile App,3,0.32,5.0,CSE000970,The Mobile App is okay but could be better.
FB00269,2025-07-03,Post-Contact Survey,Account & Billing,3,-0.28,0.0,CSE001720,The Account & Billing is okay but could be better.
FB00270,2025-05-23,Social,Mobile App,5,0.43,5.0,,The Mobile App feels smooth and reliable now.
FB00271,2025-06-30,Post-Contact Survey,Mobile App,3,-0.37,0.0,CSE000320,The Mobile App is okay but could be better.
FB00272,2025-06-12,Retailer Review,Subscription,4,0.12,,CSE001227,The Subscription feels smooth and reliable now.
FB00273,2025-07-30,App Review,Camera Hardware,2,-0.39,,CSE003795,"Still having problems with the Camera Hardware, not satisfied."
FB00274,2025-05-18,Retailer Review,Camera Hardware,4,0.35,,CSE001221,The Camera Hardware feels smooth and reliable now.
FB00275,2025-07-18,Community,Camera Hardware,3,-0.26,3.0,CSE001017,"Mixed experience, some things worked and some did not."
FB00276,2025-06-22,App Review,Camera Hardware,3,0.78,,,The Camera Hardware is okay but could be better.
FB00277,2025-07-30,Retailer Review,Mobile App,2,0.27,,CSE000035,"Issue not fully resolved, experience was frustrating."
FB00278,2025-06-18,Retailer Review,Camera Hardware,3,-0.22,,,"Mixed experience, some things worked and some did not."
FB00279,2025-05-01,App Review,Setup & Onboarding,1,-0.83,,CSE001523,"Issue not fully resolved, experience was frustrating."
FB00280,2025-05-03,Community,Setup & Onboarding,3,0.69,3.0,,The Setup & Onboarding is okay but could be better.
FB00281,2025-07-28,Retailer Review,Camera Hardware,4,0.3,,,"Very happy with the Camera Hardware, everything works as expected."
FB00282,2025-06-18,Social,Account & Billing,4,0.88,10.0,CSE002287,The Account & Billing feels smooth and reliable now.
FB00283,2025-05-14,Retailer Review,Account & Billing,3,-0.15,,,"Mixed experience, some things worked and some did not."
FB00284,2025-05-30,Community,Subscription,4,0.24,5.0,,"Very happy with the Subscription, everything works as expected."
FB00285,2025-06-10,Post-Contact Survey,Subscription,4,-0.25,9.0,,Support was helpful and resolved my issue quickly.
FB00286,2025-06-29,Post-Contact Survey,Mobile App,4,0.58,9.0,CSE003931,Support was helpful and resolved my issue quickly.
FB00287,2025-07-22,Social,Camera Hardware,5,1.0,10.0,CSE002144,"Very happy with the Camera Hardware, everything works as expected."
FB00288,2025-05-17,App Review,Account & Billing,5,1.0,,CSE002587,The Account & Billing feels smooth and reliable now.
FB00289,2025-07-26,Post-Contact Survey,Subscription,4,0.25,10.0,CSE003093,"Very happy with the Subscription, everything works as expected."
FB00290,2025-07-17,Post-Contact Survey,Account & Billing,3,-0.34,7.0,CSE003401,"Mixed experience, some things worked and some did not."
FB00291,2025-07-25,App Review,Setup & Onboarding,5,1.0,,,"Very happy with the Setup & Onboarding, everything works as expected."
FB00292,2025-05-19,Post-Contact Survey,Account & Billing,4,0.52,3.0,CSE000469,The Account & Billing feels smooth and reliable now.
FB00293,2025-07-24,App Review,Subscription,2,-0.66,,CSE002496,"Still having problems with the Subscription, not satisfied."
FB00294,2025-07-21,Retailer Review,Camera Hardware,5,0.97,,CSE003078,Support was helpful and resolved my issue quickly.
FB00295,2025-06-23,Community,Mobile App,3,0.09,10.0,CSE002039,The Mobile App is okay but could be better.
FB00296,2025-06-06,Retailer Review,Account & Billing,5,1.0,,CSE001661,Support was helpful and resolved my issue quickly.
FB00297,2025-06-27,Retailer Review,Account & Billing,4,0.05,,,"Very happy with the Account & Billing, everything works as expected."
FB00298,2025-07-15,Post-Contact Survey,Camera Hardware,5,1.0,0.0,CSE003620,The Camera Hardware feels smooth and reliable now.
FB00299,2025-06-18,Post-Contact Survey,Subscription,4,0.89,0.0,CSE001051,Support was helpful and resolved my issue quickly.
FB00300,2025-05-05,Community,Account & Billing,5,0.81,10.0,CSE002383,The Account & Billing feels smooth and reliable now.
FB00301,2025-07-06,App Review,Setup & Onboarding,2,-1.0,,CSE000418,The Setup & Onboarding is confusing and should be improved.
FB00302,2025-07-06,Social,Setup & Onboarding,5,1.0,7.0,CSE001161,The Setup & Onboarding feels smooth and reliable now.
FB00303,2025-05-27,App Review,Account & Billing,5,1.0,,,The Account & Billing feels smooth and reliable now.
FB00304,2025-06-17,Post-Contact Survey,Setup & Onboarding,3,0.07,0.0,CSE000289,"Mixed experience, some things worked and some did not."
FB00305,2025-05-04,Social,Setup & Onboarding,1,-0.2,9.0,CSE001393,"Still having problems with the Setup & Onboarding, not satisfied."
FB00306,2025-05-31,Social,Setup & Onboarding,1,-0.64,10.0,CSE001021,"Still having problems with the Setup & Onboarding, not satisfied."
FB00307,2025-05-06,Post-Contact Survey,Account & Billing,5,0.76,5.0,CSE003527,Support was helpful and resolved my issue quickly.
FB00308,2025-07-19,Social,Mobile App,5,1.0,7.0,CSE000551,The Mobile App feels smooth and reliable now.
FB00309,2025-05-23,App Review,Setup & Onboarding,4,1.0,,CSE000862,The Setup & Onboarding feels smooth and reliable now.
FB00310,2025-06-07,Social,Camera Hardware,3,0.75,5.0,CSE003915,"Mixed experience, some things worked and some did not."
FB00311,2025-06-18,App Review,Subscription,4,0.5,,,Support was helpful and resolved my issue quickly.
FB00312,2025-06-11,Post-Contact Survey,Camera Hardware,2,0.14,9.0,CSE001523,The Camera Hardware is confusing and should be improved.
FB00313,2025-07-17,Community,Subscription,4,0.59,9.0,,"Very happy with the Subscription, everything works as expected."
FB00314,2025-06-12,Community,Mobile App,3,0.1,5.0,CSE000494,"Mixed experience, some things worked and some did not."
FB00315,2025-07-09,App Review,Account & Billing,5,0.45,,CSE001917,"Very happy with the Account & Billing, everything works as expected."
FB00316,2025-06-02,Retailer Review,Setup & Onboarding,5,1.0,,CSE001225,Support was helpful and resolved my issue quickly.
FB00317,2025-06-29,Social,Setup & Onboarding,5,1.0,10.0,,The Setup & Onboarding feels smooth and reliable now.
FB00318,2025-07-05,Community,Account & Billing,1,-1.0,9.0,CSE001953,"Issue not fully resolved, experience was frustrating."
FB00319,2025-06-12,App Review,Subscription,3,-0.34,,,"Mixed experience, some things worked and some did not."
FB00320,2025-06-08,App Review,Account & Billing,1,-1.0,,CSE003926,"Still having problems with the Account & Billing, not satisfied."
FB00321,2025-05-27,Retailer Review,Account & Billing,3,-0.75,,CSE000585,"Mixed experience, some things worked and some did not."
FB00322,2025-07-03,Community,Camera Hardware,4,0.21,10.0,CSE002545,"Very happy with the Camera Hardware, everything works as expected."
FB00323,2025-05-21,Retailer Review,Camera Hardware,5,1.0,,CSE001932,Support was helpful and resolved my issue quickly.
FB00324,2025-05-26,Community,Camera Hardware,3,-0.11,10.0,,The Camera Hardware is okay but could be better.
FB00325,2025-05-12,Retailer Review,Account & Billing,4,0.82,,,"Very happy with the Account & Billing, everything works as expected."
FB00326,2025-06-25,Retailer Review,Camera Hardware,4,1.0,,,"Very happy with the Camera Hardware, everything works as expected."
FB00327,2025-06-23,Retailer Review,Account & Billing,3,-0.69,,,"Mixed experience, some things worked and some did not."
FB00328,2025-05-16,Retailer Review,Mobile App,2,-1.0,,CSE000169,"Still having problems with the Mobile App, not satisfied."
FB00329,2025-05-01,Community,Subscription,5,1.0,7.0,,Support was helpful and resolved my issue quickly.
FB00330,2025-07-13,Community,Camera Hardware,2,-0.75,3.0,,The Camera Hardware is confusing and should be improved.
FB00331,2025-07-22,Social,Camera Hardware,3,-0.52,3.0,CSE003690,The Camera Hardware is okay but could be better.
FB00332,2025-07-15,Community,Setup & Onboarding,3,-0.23,5.0,CSE002347,"Mixed experience, some things worked and some did not."
FB00333,2025-06-02,Community,Mobile App,5,0.01,10.0,CSE001778,Support was helpful and resolved my issue quickly.
FB00334,2025-05-16,Social,Account & Billing,4,0.8,5.0,,Support was helpful and resolved my issue quickly.
FB00335,2025-07-16,Post-Contact Survey,Camera Hardware,5,0.73,7.0,CSE001728,The Camera Hardware feels smooth and reliable now.
FB00336,2025-05-09,Retailer Review,Camera Hardware,3,0.32,,,"Mixed experience, some things worked and some did not."
FB00337,2025-05-27,Social,Subscription,5,0.83,5.0,CSE003823,The Subscription feels smooth and reliable now.
FB00338,2025-06-08,Community,Mobile App,5,0.58,3.0,CSE001295,"Very happy with the Mobile App, everything works as expected."
FB00339,2025-07-30,Post-Contact Survey,Camera Hardware,5,1.0,3.0,CSE000766,Support was helpful and resolved my issue quickly.
FB00340,2025-06-08,Retailer Review,Camera Hardware,1,-1.0,,CSE001593,"Issue not fully resolved, experience was frustrating."
FB00341,2025-06-25,Post-Contact Survey,Account & Billing,4,1.0,3.0,,Support was helpful and resolved my issue quickly.
FB00342,2025-06-29,Community,Account & Billing,4,-0.12,3.0,,"Very happy with the Account & Billing, everything works as expected."
FB00343,2025-05-17,Post-Contact Survey,Camera Hardware,4,0.11,5.0,CSE000837,The Camera Hardware feels smooth and reliable now.
FB00344,2025-06-07,Post-Contact Survey,Camera Hardware,4,0.53,7.0,,Support was helpful and resolved my issue quickly.
FB00345,2025-07-11,Retailer Review,Subscription,4,0.73,,CSE002594,"Very happy with the Subscription, everything works as expected."
FB00346,2025-07-14,App Review,Account & Billing,1,-1.0,,,"Issue not fully resolved, experience was frustrating."
FB00347,2025-05-19,App Review,Mobile App,3,-0.42,,CSE002614,The Mobile App is okay but could be better.
FB00348,2025-05-14,Retailer Review,Mobile App,5,1.0,,CSE001219,The Mobile App feels smooth and reliable now.
FB00349,2025-05-29,Post-Contact Survey,Subscription,3,-0.12,10.0,CSE003559,"Mixed experience, some things worked and some did not."
FB00350,2025-06-11,Post-Contact Survey,Account & Billing,3,0.05,10.0,,"Mixed experience, some things worked and some did not."
FB00351,2025-06-27,App Review,Camera Hardware,4,0.94,,CSE000221,The Camera Hardware feels smooth and reliable now.
FB00352,2025-06-11,Post-Contact Survey,Account & Billing,4,0.6,0.0,,The Account & Billing feels smooth and reliable now.
FB00353,2025-05-29,App Review,Mobile App,2,-0.41,,,The Mobile App is confusing and should be improved.
FB00354,2025-07-02,Social,Setup & Onboarding,2,-0.77,5.0,,"Issue not fully resolved, experience was frustrating."
FB00355,2025-05-11,Post-Contact Survey,Subscription,4,0.27,0.0,CSE002008,Support was helpful and resolved my issue quickly.
FB00356,2025-06-24,Community,Subscription,2,-0.93,9.0,,"Still having problems with the Subscription, not satisfied."
FB00357,2025-06-29,Post-Contact Survey,Subscription,1,-0.71,9.0,CSE000173,"Still having problems with the Subscription, not satisfied."
FB00358,2025-05-22,Post-Contact Survey,Subscription,5,1.0,7.0,CSE001433,"Very happy with the Subscription, everything works as expected."
FB00359,2025-07-16,Social,Account & Billing,5,1.0,7.0,CSE000030,"Very happy with the Account & Billing, everything works as expected."
FB00360,2025-05-17,Post-Contact Survey,Setup & Onboarding,4,0.04,7.0,CSE001753,The Setup & Onboarding feels smooth and reliable now.
FB00361,2025-07-03,App Review,Setup & Onboarding,5,0.91,,CSE002493,Support was helpful and resolved my issue quickly.
FB00362,2025-05-19,App Review,Setup & Onboarding,4,-0.41,,CSE000906,Support was helpful and resolved my issue quickly.
FB00363,2025-05-15,Community,Setup & Onboarding,3,0.25,0.0,CSE002492,The Setup & Onboarding is okay but could be better.
FB00364,2025-06-14,Community,Subscription,4,0.02,10.0,,"Very happy with the Subscription, everything works as expected."
FB00365,2025-07-20,Community,Setup & Onboarding,2,-0.52,5.0,,"Issue not fully resolved, experience was frustrating."
FB00366,2025-07-12,Community,Mobile App,2,-0.67,0.0,CSE003660,"Issue not fully resolved, experience was frustrating."
FB00367,2025-06-23,Post-Contact Survey,Subscription,5,1.0,9.0,CSE002139,"Very happy with the Subscription, everything works as expected."
FB00368,2025-05-28,Retailer Review,Camera Hardware,5,1.0,,CSE000329,"Very happy with the Camera Hardware, everything works as expected."
FB00369,2025-06-18,Retailer Review,Setup & Onboarding,1,-1.0,,,"Issue not fully resolved, experience was frustrating."
FB00370,2025-05-19,Post-Contact Survey,Subscription,3,-1.0,9.0,CSE000826,"Mixed experience, some things worked and some did not."
FB00371,2025-06-19,Community,Camera Hardware,4,1.0,10.0,,The Camera Hardware feels smooth and reliable now.
FB00372,2025-07-26,Post-Contact Survey,Account & Billing,1,-1.0,10.0,CSE002118,"Issue not fully resolved, experience was frustrating."
FB00373,2025-06-27,Social,Subscription,4,0.57,7.0,CSE001409,The Subscription feels smooth and reliable now.
FB00374,2025-05-02,Retailer Review,Mobile App,2,-0.64,,CSE001253,The Mobile App is confusing and should be improved.
FB00375,2025-06-27,Social,Mobile App,3,0.87,9.0,CSE001888,"Mixed experience, some things worked and some did not."
FB00376,2025-07-21,Retailer Review,Subscription,4,0.37,,,"Very happy with the Subscription, everything works as expected."
FB00377,2025-06-17,Community,Subscription,4,0.53,0.0,,Support was helpful and resolved my issue quickly.
FB00378,2025-06-14,Social,Mobile App,4,0.44,5.0,,Support was helpful and resolved my issue quickly.
FB00379,2025-05-31,Social,Setup & Onboarding,5,0.24,5.0,CSE000351,"Very happy with the Setup & Onboarding, everything works as expected."
FB00380,2025-05-21,Retailer Review,Mobile App,4,0.03,,CSE003385,"Very happy with the Mobile App, everything works as expected."
FB00381,2025-05-20,Community,Account & Billing,4,0.22,10.0,CSE003766,"Very happy with the Account & Billing, everything works as expected."
FB00382,2025-07-24,Retailer Review,Mobile App,2,0.01,,CSE000316,"Issue not fully resolved, experience was frustrating."
FB00383,2025-07-08,App Review,Account & Billing,5,1.0,,CSE003632,Support was helpful and resolved my issue quickly.
FB00384,2025-07-31,Community,Camera Hardware,1,-1.0,5.0,CSE000739,"Still having problems with the Camera Hardware, not satisfied."
FB00385,2025-07-18,Retailer Review,Subscription,5,0.43,,CSE000525,Support was helpful and resolved my issue quickly.
FB00386,2025-07-28,Post-Contact Survey,Account & Billing,1,-0.85,7.0,,"Issue not fully resolved, experience was frustrating."
FB00387,2025-06-09,Community,Subscription,3,-0.11,9.0,,The Subscription is okay but could be better.
FB00388,2025-07-16,Retailer Review,Mobile App,1,-0.17,,CSE001170,The Mobile App is confusing and should be improved.
FB00389,2025-06-23,Social,Subscription,4,1.0,9.0,CSE000825,The Subscription feels smooth and reliable now.
FB00390,2025-06-04,Community,Camera Hardware,3,-0.13,9.0,CSE001810,"Mixed experience, some things worked and some did not."
FB00391,2025-06-01,Social,Account & Billing,4,0.75,3.0,CSE001070,Support was helpful and resolved my issue quickly.
FB00392,2025-05-07,Retailer Review,Setup & Onboarding,1,-0.34,,CSE000487,The Setup & Onboarding is confusing and should be improved.
FB00393,2025-06-25,Social,Account & Billing,3,-0.36,7.0,,The Account & Billing is okay but could be better.
FB00394,2025-07-05,Retailer Review,Mobile App,2,-0.55,,CSE001699,"Still having problems with the Mobile App, not satisfied."
FB00395,2025-06-24,Retailer Review,Camera Hardware,4,-0.27,,CSE003604,The Camera Hardware feels smooth and reliable now.
FB00396,2025-05-03,Post-Contact Survey,Subscription,3,-0.38,3.0,,The Subscription is okay but could be better.
FB00397,2025-07-15,Community,Setup & Onboarding,2,0.24,5.0,,The Setup & Onboarding is confusing and should be improved.
FB00398,2025-07-30,Post-Contact Survey,Camera Hardware,3,0.15,10.0,CSE000204,The Camera Hardware is okay but could be better.
FB00399,2025-05-29,Post-Contact Survey,Subscription,4,1.0,5.0,CSE001117,"Very happy with the Subscription, everything works as expected."
FB00400,2025-06-28,Social,Camera Hardware,4,0.4,0.0,,The Camera Hardware feels smooth and reliable now.
FB00401,2025-07-02,App Review,Camera Hardware,3,0.67,,CSE002765,"Mixed experience, some things worked and some did not."
FB00402,2025-05-23,Post-Contact Survey,Subscription,4,1.0,9.0,CSE003408,"Very happy with the Subscription, everything works as expected."
FB00403,2025-06-30,App Review,Mobile App,3,-0.16,,CSE001260,"Mixed experience, some things worked and some did not."
FB00404,2025-05-24,App Review,Setup & Onboarding,3,-0.02,,CSE002575,"Mixed experience, some things worked and some did not."
FB00405,2025-06-06,Post-Contact Survey,Camera Hardware,3,0.81,0.0,CSE000702,The Camera Hardware is okay but could be better.
FB00406,2025-06-10,Community,Account & Billing,5,0.61,5.0,,The Account & Billing feels smooth and reliable now.
FB00407,2025-07-15,Community,Setup & Onboarding,2,-1.0,0.0,CSE001504,The Setup & Onboarding is confusing and should be improved.
FB00408,2025-07-23,Community,Setup & Onboarding,4,0.12,5.0,,"Very happy with the Setup & Onboarding, everything works as expected."
FB00409,2025-05-28,Retailer Review,Setup & Onboarding,4,0.46,,,"Very happy with the Setup & Onboarding, everything works as expected."
FB00410,2025-06-06,Retailer Review,Subscription,3,-0.17,,,The Subscription is okay but could be better.
FB00411,2025-06-05,Community,Subscription,4,0.28,0.0,CSE000846,Support was helpful and resolved my issue quickly.
FB00412,2025-07-29,App Review,Mobile App,3,0.26,,CSE002850,The Mobile App is okay but could be better.
FB00413,2025-07-22,Social,Camera Hardware,3,-0.14,10.0,CSE000542,The Camera Hardware is okay but could be better.
FB00414,2025-05-13,Post-Contact Survey,Setup & Onboarding,1,-1.0,0.0,,"Issue not fully resolved, experience was frustrating."
FB00415,2025-06-03,Retailer Review,Mobile App,2,-0.21,,,"Still having problems with the Mobile App, not satisfied."
FB00416,2025-05-03,Post-Contact Survey,Subscription,2,-0.86,9.0,,"Still having problems with the Subscription, not satisfied."
FB00417,2025-07-11,App Review,Account & Billing,3,-0.22,,,The Account & Billing is okay but could be better.
FB00418,2025-05-24,App Review,Camera Hardware,5,1.0,,CSE001469,Support was helpful and resolved my issue quickly.
FB00419,2025-06-02,Post-Contact Survey,Mobile App,4,0.37,7.0,CSE000052,"Very happy with the Mobile App, everything works as expected."
FB00420,2025-07-28,Social,Camera Hardware,3,0.69,7.0,CSE000668,"Mixed experience, some things worked and some did not."
FB00421,2025-05-08,App Review,Subscription,4,0.26,,,The Subscription feels smooth and reliable now.
FB00422,2025-06-24,App Review,Camera Hardware,4,0.28,,CSE001286,The Camera Hardware feels smooth and reliable now.
FB00423,2025-05-14,Community,Camera Hardware,4,0.03,0.0,,Support was helpful and resolved my issue quickly.
FB00424,2025-06-19,Post-Contact Survey,Camera Hardware,5,0.12,0.0,CSE001646,The Camera Hardware feels smooth and reliable now.
FB00425,2025-07-04,App Review,Subscription,4,0.96,,CSE001297,Support was helpful and resolved my issue quickly.
FB00426,2025-06-29,Retailer Review,Mobile App,4,0.22,,CSE000243,"Very happy with the Mobile App, everything works as expected."
FB00427,2025-05-28,Community,Setup & Onboarding,5,1.0,10.0,CSE002976,The Setup & Onboarding feels smooth and reliable now.
FB00428,2025-05-17,Retailer Review,Camera Hardware,4,0.3,,,Support was helpful and resolved my issue quickly.
FB00429,2025-05-10,Social,Camera Hardware,4,0.19,5.0,,The Camera Hardware feels smooth and reliable now.
FB00430,2025-05-04,Retailer Review,Setup & Onboarding,4,0.4,,,The Setup & Onboarding feels smooth and reliable now.
FB00431,2025-07-02,Community,Subscription,2,-0.16,7.0,CSE001410,The Subscription is confusing and should be improved.
FB00432,2025-06-07,Retailer Review,Camera Hardware,4,0.54,,CSE000070,Support was helpful and resolved my issue quickly.
FB00433,2025-05-03,Community,Subscription,4,0.39,5.0,CSE000239,The Subscription feels smooth and reliable now.
FB00434,2025-05-28,App Review,Mobile App,5,1.0,,,Support was helpful and resolved my issue quickly.
FB00435,2025-05-18,Retailer Review,Setup & Onboarding,3,0.21,,CSE002572,The Setup & Onboarding is okay but could be better.
FB00436,2025-05-26,App Review,Setup & Onboarding,4,0.65,,CSE000185,"Very happy with the Setup & Onboarding, everything works as expected."
FB00437,2025-06-12,App Review,Setup & Onboarding,4,0.17,,CSE002679,Support was helpful and resolved my issue quickly.
FB00438,2025-07-14,Social,Setup & Onboarding,3,0.52,3.0,CSE000256,"Mixed experience, some things worked and some did not."
FB00439,2025-06-21,App Review,Subscription,3,0.11,,,"Mixed experience, some things worked and some did not."
FB00440,2025-07-07,Community,Mobile App,5,1.0,7.0,CSE003777,"Very happy with the Mobile App, everything works as expected."
FB00441,2025-06-10,Retailer Review,Camera Hardware,4,0.97,,CSE000582,Support was helpful and resolved my issue quickly.
FB00442,2025-06-30,Post-Contact Survey,Account & Billing,4,0.01,7.0,CSE002659,Support was helpful and resolved my issue quickly.
FB00443,2025-06-03,Retailer Review,Setup & Onboarding,3,0.32,,,"Mixed experience, some things worked and some did not."
FB00444,2025-05-25,Community,Mobile App,3,-0.45,10.0,CSE001677,"Mixed experience, some things worked and some did not."
FB00445,2025-06-08,Community,Account & Billing,3,0.86,7.0,CSE003296,"Mixed experience, some things worked and some did not."
FB00446,2025-05-03,Post-Contact Survey,Subscription,5,0.97,10.0,,The Subscription feels smooth and reliable now.
FB00447,2025-07-11,Community,Mobile App,5,0.95,7.0,,Support was helpful and resolved my issue quickly.
FB00448,2025-06-27,Community,Setup & Onboarding,3,-0.11,3.0,,The Setup & Onboarding is okay but could be better.
FB00449,2025-05-20,Post-Contact Survey,Setup & Onboarding,4,-0.68,10.0,CSE000567,The Setup & Onboarding feels smooth and reliable now.
FB00450,2025-06-22,Post-Contact Survey,Mobile App,5,1.0,10.0,,The Mobile App feels smooth and reliable now.
FB00451,2025-06-13,Post-Contact Survey,Setup & Onboarding,5,1.0,0.0,,The Setup & Onboarding feels smooth and reliable now.
FB00452,2025-05-29,Community,Account & Billing,5,0.41,7.0,CSE001352,"Very happy with the Account & Billing, everything works as expected."
FB00453,2025-06-14,Social,Setup & Onboarding,4,0.89,10.0,,"Very happy with the Setup & Onboarding, everything works as expected."
FB00454,2025-05-04,Social,Subscription,5,0.76,7.0,CSE000091,"Very happy with the Subscription, everything works as expected."
FB00455,2025-05-22,Post-Contact Survey,Setup & Onboarding,4,0.86,5.0,,The Setup & Onboarding feels smooth and reliable now.
FB00456,2025-07-02,Social,Account & Billing,3,0.34,7.0,CSE002941,The Account & Billing is okay but could be better.
FB00457,2025-06-21,Retailer Review,Account & Billing,3,-0.14,,CSE003542,The Account & Billing is okay but could be better.
FB00458,2025-06-05,Post-Contact Survey,Camera Hardware,5,0.76,0.0,,Support was helpful and resolved my issue quickly.
FB00459,2025-05-16,Social,Subscription,3,0.12,5.0,,The Subscription is okay but could be better.
FB00460,2025-07-07,Social,Subscription,4,0.26,7.0,CSE003301,The Subscription feels smooth and reliable now.
FB00461,2025-07-20,App Review,Setup & Onboarding,4,-0.27,,,"Very happy with the Setup & Onboarding, everything works as expected."
FB00462,2025-06-16,Post-Contact Survey,Account & Billing,4,0.77,5.0,,"Very happy with the Account & Billing, everything works as expected."
FB00463,2025-05-04,Community,Account & Billing,3,-0.78,5.0,CSE001468,"Mixed experience, some things worked and some did not."
FB00464,2025-07-30,Social,Setup & Onboarding,5,0.63,3.0,,Support was helpful and resolved my issue quickly.
FB00465,2025-05-16,Social,Camera Hardware,4,0.89,3.0,CSE001458,"Very happy with the Camera Hardware, everything works as expected."
FB00466,2025-07-17,Post-Contact Survey,Setup & Onboarding,3,0.75,5.0,,"Mixed experience, some things worked and some did not."
FB00467,2025-05-11,Retailer Review,Subscription,3,-0.24,,CSE003291,"Mixed experience, some things worked and some did not."
FB00468,2025-07-25,Retailer Review,Camera Hardware,4,0.37,,,"Very happy with the Camera Hardware, everything works as expected."
FB00469,2025-06-18,App Review,Setup & Onboarding,5,0.95,,CSE003689,Support was helpful and resolved my issue quickly.
FB00470,2025-05-09,App Review,Setup & Onboarding,3,0.09,,CSE000144,"Mixed experience, some things worked and some did not."
FB00471,2025-07-15,App Review,Subscription,3,0.41,,,The Subscription is okay but could be better.
FB00472,2025-06-14,Retailer Review,Camera Hardware,5,1.0,,CSE002955,"Very happy with the Camera Hardware, everything works as expected."
FB00473,2025-05-24,Community,Subscription,2,-0.6,7.0,CSE002032,"Still having problems with the Subscription, not satisfied."
FB00474,2025-07-20,Community,Camera Hardware,3,0.24,0.0,CSE003031,The Camera Hardware is okay but could be better.
FB00475,2025-07-02,Community,Mobile App,3,-0.29,10.0,CSE002787,"Mixed experience, some things worked and some did not."
FB00476,2025-05-07,Community,Camera Hardware,1,-1.0,3.0,,"Still having problems with the Camera Hardware, not satisfied."
FB00477,2025-05-27,Post-Contact Survey,Mobile App,5,1.0,9.0,,The Mobile App feels smooth and reliable now.
FB00478,2025-07-16,Community,Subscription,2,-0.16,7.0,CSE003418,"Issue not fully resolved, experience was frustrating."
FB00479,2025-06-05,App Review,Mobile App,3,-0.13,,CSE002319,"Mixed experience, some things worked and some did not."
FB00480,2025-05-25,Retailer Review,Setup & Onboarding,4,0.26,,,"Very happy with the Setup & Onboarding, everything works as expected."
FB00481,2025-06-16,Post-Contact Survey,Camera Hardware,1,-1.0,7.0,CSE002950,The Camera Hardware is confusing and should be improved.
FB00482,2025-06-24,Retailer Review,Account & Billing,2,-0.15,,,"Issue not fully resolved, experience was frustrating."
FB00483,2025-05-17,Post-Contact Survey,Mobile App,4,0.49,3.0,CSE003556,"Very happy with the Mobile App, everything works as expected."
FB00484,2025-07-11,Post-Contact Survey,Subscription,2,-0.76,5.0,CSE003062,"Still having problems with the Subscription, not satisfied."
FB00485,2025-06-10,Social,Mobile App,4,0.41,7.0,CSE000210,The Mobile App feels smooth and reliable now.
FB00486,2025-05-16,App Review,Setup & Onboarding,2,-0.75,,CSE001412,"Issue not fully resolved, experience was frustrating."
FB00487,2025-07-12,Social,Mobile App,4,0.98,10.0,CSE001202,Support was helpful and resolved my issue quickly.
FB00488,2025-05-07,Community,Mobile App,1,-1.0,7.0,CSE001654,The Mobile App is confusing and should be improved.
FB00489,2025-06-12,Social,Setup & Onboarding,5,1.0,10.0,CSE000697,"Very happy with the Setup & Onboarding, everything works as expected."
FB00490,2025-06-03,Post-Contact Survey,Mobile App,4,0.45,3.0,,The Mobile App feels smooth and reliable now.
FB00491,2025-06-10,Community,Subscription,5,0.88,7.0,CSE000516,Support was helpful and resolved my issue quickly.
FB00492,2025-07-30,Retailer Review,Account & Billing,2,-0.76,,,The Account & Billing is confusing and should be improved.
FB00493,2025-07-17,Social,Setup & Onboarding,3,-0.16,3.0,CSE003878,"Mixed experience, some things worked and some did not."
FB00494,2025-05-03,Community,Camera Hardware,3,-0.06,7.0,,The Camera Hardware is okay but could be better.
FB00495,2025-06-25,App Review,Subscription,2,-0.65,,CSE003835,"Issue not fully resolved, experience was frustrating."
FB00496,2025-07-08,Retailer Review,Mobile App,1,-1.0,,CSE003401,"Still having problems with the Mobile App, not satisfied."
FB00497,2025-07-26,App Review,Setup & Onboarding,3,0.32,,CSE000260,The Setup & Onboarding is okay but could be better.
FB00498,2025-05-13,Community,Account & Billing,4,-0.5,0.0,CSE003858,The Account & Billing feels smooth and reliable now.
FB00499,2025-07-12,Social,Subscription,4,0.71,9.0,,The Subscription feels smooth and reliable now.
FB00500,2025-06-09,Post-Contact Survey,Subscription,2,-0.78,9.0,,"Issue not fully resolved, experience was frustrating."
FB00501,2025-06-16,App Review,Subscription,5,1.0,,CSE001168,"Very happy with the Subscription, everything works as expected."
FB00502,2025-07-31,Post-Contact Survey,Subscription,4,-0.06,0.0,CSE003358,The Subscription feels smooth and reliable now.
FB00503,2025-07-18,Social,Setup & Onboarding,4,0.07,9.0,CSE001058,The Setup & Onboarding feels smooth and reliable now.
FB00504,2025-07-18,Social,Account & Billing,4,0.65,7.0,CSE001303,Support was helpful and resolved my issue quickly.
FB00505,2025-07-14,App Review,Mobile App,3,-0.59,,CSE003206,"Mixed experience, some things worked and some did not."
FB00506,2025-07-18,Community,Camera Hardware,4,0.15,7.0,,"Very happy with the Camera Hardware, everything works as expected."
FB00507,2025-06-27,Post-Contact Survey,Account & Billing,4,0.47,3.0,,"Very happy with the Account & Billing, everything works as expected."
FB00508,2025-06-19,Post-Contact Survey,Camera Hardware,3,-0.42,7.0,,"Mixed experience, some things worked and some did not."
FB00509,2025-06-11,Social,Account & Billing,4,0.07,7.0,CSE003890,"Very happy with the Account & Billing, everything works as expected."
FB00510,2025-05-02,Retailer Review,Subscription,4,0.16,,CSE001687,The Subscription feels smooth and reliable now.
FB00511,2025-07-22,Retailer Review,Account & Billing,1,-1.0,,,"Still having problems with the Account & Billing, not satisfied."
FB00512,2025-06-01,Post-Contact Survey,Mobile App,3,-0.14,7.0,,"Mixed experience, some things worked and some did not."
FB00513,2025-07-26,Post-Contact Survey,Mobile App,4,-0.5,5.0,CSE003856,"Very happy with the Mobile App, everything works as expected."
FB00514,2025-05-26,App Review,Account & Billing,1,-1.0,,,The Account & Billing is confusing and should be improved.
FB00515,2025-07-21,Retailer Review,Account & Billing,3,-0.54,,CSE002868,"Mixed experience, some things worked and some did not."
FB00516,2025-06-08,Community,Mobile App,2,-1.0,9.0,CSE003012,"Still having problems with the Mobile App, not satisfied."
FB00517,2025-07-03,App Review,Account & Billing,2,-1.0,,CSE000992,"Issue not fully resolved, experience was frustrating."
FB00518,2025-06-12,Retailer Review,Mobile App,5,1.0,,CSE003106,Support was helpful and resolved my issue quickly.
FB00519,2025-05-25,Community,Camera Hardware,5,0.21,3.0,CSE001836,"Very happy with the Camera Hardware, everything works as expected."
FB00520,2025-05-18,Community,Subscription,5,1.0,5.0,,Support was helpful and resolved my issue quickly.
FB00521,2025-06-07,Social,Subscription,3,-0.18,0.0,,The Subscription is okay but could be better.
FB00522,2025-06-03,Retailer Review,Subscription,4,0.5,,,"Very happy with the Subscription, everything works as expected."
FB00523,2025-07-09,Social,Account & Billing,3,-0.11,5.0,CSE000268,"Mixed experience, some things worked and some did not."
FB00524,2025-06-13,App Review,Camera Hardware,1,-0.56,,,"Issue not fully resolved, experience was frustrating."
FB00525,2025-06-13,Social,Subscription,3,0.13,0.0,CSE003612,"Mixed experience, some things worked and some did not."
FB00526,2025-07-01,Post-Contact Survey,Camera Hardware,3,0.28,9.0,,The Camera Hardware is okay but could be better.
FB00527,2025-07-04,Post-Contact Survey,Subscription,3,-0.09,9.0,CSE002018,The Subscription is okay but could be better.
FB00528,2025-07-11,Social,Subscription,3,-0.16,10.0,,The Subscription is okay but could be better.
FB00529,2025-05-01,Retailer Review,Account & Billing,3,-0.04,,,"Mixed experience, some things worked and some did not."
FB00530,2025-07-21,Social,Account & Billing,5,1.0,7.0,CSE002603,The Account & Billing feels smooth and reliable now.
FB00531,2025-07-11,Social,Subscription,3,0.68,10.0,,The Subscription is okay but could be better.
FB00532,2025-06-19,App Review,Camera Hardware,4,0.12,,CSE001453,The Camera Hardware feels smooth and reliable now.
FB00533,2025-06-07,Social,Mobile App,4,0.82,7.0,CSE002911,Support was helpful and resolved my issue quickly.
FB00534,2025-05-31,Social,Account & Billing,4,0.68,9.0,CSE000100,Support was helpful and resolved my issue quickly.
FB00535,2025-07-12,Retailer Review,Camera Hardware,4,0.73,,CSE002137,"Very happy with the Camera Hardware, everything works as expected."
FB00536,2025-06-20,App Review,Camera Hardware,1,-0.69,,CSE002319,"Issue not fully resolved, experience was frustrating."
FB00537,2025-06-02,Social,Mobile App,4,0.67,10.0,CSE000285,"Very happy with the Mobile App, everything works as expected."
FB00538,2025-06-02,Retailer Review,Camera Hardware,4,0.19,,,The Camera Hardware feels smooth and reliable now.
FB00539,2025-06-21,Community,Subscription,3,-0.55,5.0,CSE000177,"Mixed experience, some things worked and some did not."
FB00540,2025-06-20,Retailer Review,Account & Billing,3,-0.35,,,The Account & Billing is okay but could be better.
FB00541,2025-05-04,Community,Setup & Onboarding,3,-0.54,3.0,CSE003708,The Setup & Onboarding is okay but could be better.
FB00542,2025-05-29,Retailer Review,Setup & Onboarding,2,-0.27,,,The Setup & Onboarding is confusing and should be improved.
FB00543,2025-05-05,Community,Setup & Onboarding,2,-0.56,7.0,CSE002748,"Still having problems with the Setup & Onboarding, not satisfied."
FB00544,2025-05-02,App Review,Account & Billing,5,0.81,,CSE001656,Support was helpful and resolved my issue quickly.
FB00545,2025-06-21,Retailer Review,Mobile App,1,-1.0,,CSE000668,"Still having problems with the Mobile App, not satisfied."
FB00546,2025-06-09,App Review,Subscription,5,0.81,,,Support was helpful and resolved my issue quickly.
FB00547,2025-06-19,Community,Setup & Onboarding,2,-0.81,0.0,,The Setup & Onboarding is confusing and should be improved.
FB00548,2025-07-17,Retailer Review,Setup & Onboarding,1,-0.89,,,"Still having problems with the Setup & Onboarding, not satisfied."
FB00549,2025-05-08,Post-Contact Survey,Camera Hardware,4,1.0,3.0,,The Camera Hardware feels smooth and reliable now.
FB00550,2025-05-03,Social,Account & Billing,5,1.0,0.0,CSE002274,The Account & Billing feels smooth and reliable now.
FB00551,2025-07-18,Social,Account & Billing,1,-0.64,9.0,,The Account & Billing is confusing and should be improved.
FB00552,2025-05-17,Post-Contact Survey,Subscription,5,1.0,3.0,CSE000739,Support was helpful and resolved my issue quickly.
FB00553,2025-07-02,Social,Camera Hardware,5,0.85,10.0,,"Very happy with the Camera Hardware, everything works as expected."
FB00554,2025-06-28,Retailer Review,Setup & Onboarding,3,0.25,,CSE000715,"Mixed experience, some things worked and some did not."
FB00555,2025-05-09,Post-Contact Survey,Account & Billing,4,0.02,5.0,CSE001069,Support was helpful and resolved my issue quickly.
FB00556,2025-06-06,Community,Camera Hardware,4,0.97,10.0,,Support was helpful and resolved my issue quickly.
FB00557,2025-07-25,Post-Contact Survey,Mobile App,5,0.43,0.0,,The Mobile App feels smooth and reliable now.
FB00558,2025-05-03,Social,Camera Hardware,4,0.57,9.0,,"Very happy with the Camera Hardware, everything works as expected."
FB00559,2025-06-28,App Review,Account & Billing,1,-1.0,,,"Issue not fully resolved, experience was frustrating."
FB00560,2025-05-24,App Review,Setup & Onboarding,1,-1.0,,CSE000159,The Setup & Onboarding is confusing and should be improved.
FB00561,2025-06-18,Post-Contact Survey,Camera Hardware,4,0.27,7.0,CSE002628,The Camera Hardware feels smooth and reliable now.
FB00562,2025-05-06,Community,Account & Billing,3,0.05,10.0,CSE003104,"Mixed experience, some things worked and some did not."
FB00563,2025-06-24,App Review,Setup & Onboarding,4,0.72,,,"Very happy with the Setup & Onboarding, everything works as expected."
FB00564,2025-07-26,Community,Account & Billing,5,0.73,7.0,CSE003241,Support was helpful and resolved my issue quickly.
FB00565,2025-05-08,App Review,Account & Billing,2,-0.61,,,"Issue not fully resolved, experience was frustrating."
FB00566,2025-06-11,App Review,Subscription,5,1.0,,CSE002907,Support was helpful and resolved my issue quickly.
FB00567,2025-06-06,Social,Camera Hardware,4,0.07,5.0,,"Very happy with the Camera Hardware, everything works as expected."
FB00568,2025-07-04,Community,Mobile App,3,-0.23,7.0,CSE002278,The Mobile App is okay but could be better.
FB00569,2025-07-15,App Review,Camera Hardware,4,1.0,,CSE003362,The Camera Hardware feels smooth and reliable now.
FB00570,2025-05-01,Post-Contact Survey,Setup & Onboarding,3,-0.25,9.0,CSE003330,The Setup & Onboarding is okay but could be better.
FB00571,2025-07-22,App Review,Camera Hardware,4,0.38,,CSE002489,Support was helpful and resolved my issue quickly.
FB00572,2025-07-05,Post-Contact Survey,Camera Hardware,4,0.66,7.0,CSE001376,Support was helpful and resolved my issue quickly.
FB00573,2025-07-17,Social,Account & Billing,5,1.0,3.0,CSE003447,The Account & Billing feels smooth and reliable now.
FB00574,2025-07-29,Retailer Review,Mobile App,1,-1.0,,CSE001298,"Still having problems with the Mobile App, not satisfied."
FB00575,2025-07-15,Social,Camera Hardware,1,-1.0,7.0,CSE000513,"Still having problems with the Camera Hardware, not satisfied."
FB00576,2025-05-23,Retailer Review,Camera Hardware,5,0.83,,CSE002489,"Very happy with the Camera Hardware, everything works as expected."
FB00577,2025-07-31,Post-Contact Survey,Subscription,4,-0.23,5.0,CSE002644,"Very happy with the Subscription, everything works as expected."
FB00578,2025-06-30,App Review,Account & Billing,3,-0.62,,,"Mixed experience, some things worked and some did not."
FB00579,2025-06-25,Community,Mobile App,5,0.83,7.0,,The Mobile App feels smooth and reliable now.
FB00580,2025-05-07,Retailer Review,Setup & Onboarding,3,-0.45,,,The Setup & Onboarding is okay but could be better.
FB00581,2025-06-23,Social,Mobile App,1,-0.66,7.0,CSE003421,"Still having problems with the Mobile App, not satisfied."
FB00582,2025-07-02,Social,Subscription,5,1.0,5.0,CSE001806,Support was helpful and resolved my issue quickly.
FB00583,2025-05-01,App Review,Mobile App,4,0.52,,,The Mobile App feels smooth and reliable now.
FB00584,2025-05-06,Community,Mobile App,2,-0.15,9.0,,The Mobile App is confusing and should be improved.
FB00585,2025-05-13,Post-Contact Survey,Mobile App,3,0.59,9.0,CSE003478,"Mixed experience, some things worked and some did not."
FB00586,2025-07-16,Retailer Review,Setup & Onboarding,3,0.0,,CSE000126,"Mixed experience, some things worked and some did not."
FB00587,2025-06-08,Post-Contact Survey,Mobile App,4,0.29,3.0,,"Very happy with the Mobile App, everything works as expected."
FB00588,2025-07-01,Post-Contact Survey,Setup & Onboarding,5,1.0,5.0,,"Very happy with the Setup & Onboarding, everything works as expected."
FB00589,2025-06-29,Retailer Review,Camera Hardware,3,-0.45,,CSE000506,The Camera Hardware is okay but could be better.
FB00590,2025-07-20,Community,Account & Billing,1,-0.6,3.0,CSE000726,"Issue not fully resolved, experience was frustrating."
FB00591,2025-06-22,App Review,Camera Hardware,4,0.5,,,The Camera Hardware feels smooth and reliable now.
FB00592,2025-07-07,Retailer Review,Camera Hardware,2,-0.48,,,"Issue not fully resolved, experience was frustrating."
FB00593,2025-06-23,Social,Setup & Onboarding,1,-1.0,9.0,CSE002270,The Setup & Onboarding is confusing and should be improved.
FB00594,2025-07-08,Community,Subscription,4,1.0,0.0,,Support was helpful and resolved my issue quickly.
FB00595,2025-05-06,Retailer Review,Subscription,2,-0.66,,CSE003515,"Still having problems with the Subscription, not satisfied."
FB00596,2025-06-26,App Review,Subscription,3,-0.04,,CSE001647,"Mixed experience, some things worked and some did not."
FB00597,2025-06-09,Community,Mobile App,5,-0.1,5.0,CSE002113,"Very happy with the Mobile App, everything works as expected."
FB00598,2025-06-04,Social,Account & Billing,2,-0.32,7.0,,"Still having problems with the Account & Billing, not satisfied."
FB00599,2025-05-23,Community,Subscription,5,0.61,9.0,CSE003913,"Very happy with the Subscription, everything works as expected."
FB00600,2025-06-09,Retailer Review,Account & Billing,5,0.03,,CSE000136,"Very happy with the Account & Billing, everything works as expected."
FB00601,2025-06-01,Post-Contact Survey,Mobile App,5,1.0,7.0,,The Mobile App feels smooth and reliable now.
FB00602,2025-07-12,Retailer Review,Subscription,3,-0.35,,,The Subscription is okay but could be better.
FB00603,2025-05-31,Community,Setup & Onboarding,2,-0.84,7.0,CSE001384,"Still having problems with the Setup & Onboarding, not satisfied."
FB00604,2025-06-30,App Review,Camera Hardware,3,-0.34,,,The Camera Hardware is okay but could be better.
FB00605,2025-07-07,Post-Contact Survey,Camera Hardware,3,-0.19,0.0,CSE003193,The Camera Hardware is okay but could be better.
FB00606,2025-05-29,App Review,Mobile App,4,1.0,,,"Very happy with the Mobile App, everything works as expected."
FB00607,2025-05-27,Retailer Review,Subscription,4,0.64,,,The Subscription feels smooth and reliable now.
FB00608,2025-06-08,Social,Mobile App,5,1.0,5.0,CSE000098,Support was helpful and resolved my issue quickly.
FB00609,2025-07-14,Social,Subscription,3,0.46,7.0,,"Mixed experience, some things worked and some did not."
FB00610,2025-05-20,App Review,Account & Billing,1,-1.0,,CSE000985,The Account & Billing is confusing and should be improved.
FB00611,2025-06-07,Retailer Review,Subscription,5,0.86,,CSE000697,"Very happy with the Subscription, everything works as expected."
FB00612,2025-06-12,App Review,Camera Hardware,3,0.34,,CSE000671,"Mixed experience, some things worked and some did not."
FB00613,2025-07-18,Post-Contact Survey,Camera Hardware,5,0.72,5.0,CSE003591,The Camera Hardware feels smooth and reliable now.
FB00614,2025-05-31,Social,Setup & Onboarding,5,1.0,7.0,CSE002314,"Very happy with the Setup & Onboarding, everything works as expected."
FB00615,2025-05-12,App Review,Subscription,1,-1.0,,CSE002391,"Still having problems with the Subscription, not satisfied."
FB00616,2025-06-01,App Review,Account & Billing,1,-0.94,,,The Account & Billing is confusing and should be improved.
FB00617,2025-06-06,App Review,Setup & Onboarding,5,0.52,,,"Very happy with the Setup & Onboarding, everything works as expected."
FB00618,2025-07-16,Retailer Review,Setup & Onboarding,5,0.71,,CSE003376,Support was helpful and resolved my issue quickly.
FB00619,2025-07-08,Retailer Review,Mobile App,4,0.69,,CSE000157,"Very happy with the Mobile App, everything works as expected."
FB00620,2025-07-11,Community,Mobile App,2,-0.01,10.0,,"Still having problems with the Mobile App, not satisfied."
FB00621,2025-06-01,Social,Camera Hardware,1,-1.0,7.0,CSE000605,"Still having problems with the Camera Hardware, not satisfied."
FB00622,2025-07-02,Community,Setup & Onboarding,4,0.56,3.0,,Support was helpful and resolved my issue quickly.
FB00623,2025-05-05,Retailer Review,Account & Billing,5,0.71,,,Support was helpful and resolved my issue quickly.
FB00624,2025-06-03,Post-Contact Survey,Setup & Onboarding,5,0.72,7.0,CSE003743,The Setup & Onboarding feels smooth and reliable now.
FB00625,2025-07-19,Community,Mobile App,3,-0.06,5.0,CSE001016,The Mobile App is okay but could be better.
FB00626,2025-06-06,Social,Mobile App,3,-0.13,5.0,CSE000888,"Mixed experience, some things worked and some did not."
FB00627,2025-07-18,App Review,Subscription,3,-0.75,,CSE001671,"Mixed experience, some things worked and some did not."
FB00628,2025-05-29,Community,Mobile App,3,0.6,9.0,,"Mixed experience, some things worked and some did not."
FB00629,2025-06-03,Community,Camera Hardware,4,0.37,10.0,,"Very happy with the Camera Hardware, everything works as expected."
FB00630,2025-05-23,Community,Mobile App,5,1.0,5.0,CSE000922,Support was helpful and resolved my issue quickly.
FB00631,2025-07-13,Retailer Review,Subscription,3,-0.29,,CSE001971,"Mixed experience, some things worked and some did not."
FB00632,2025-05-24,Post-Contact Survey,Mobile App,3,0.16,0.0,,The Mobile App is okay but could be better.
FB00633,2025-07-18,Post-Contact Survey,Setup & Onboarding,4,0.86,7.0,,Support was helpful and resolved my issue quickly.
FB00634,2025-06-22,App Review,Camera Hardware,5,0.77,,,Support was helpful and resolved my issue quickly.
FB00635,2025-05-11,Post-Contact Survey,Mobile App,2,0.41,5.0,CSE002475,The Mobile App is confusing and should be improved.
FB00636,2025-06-12,Retailer Review,Camera Hardware,4,0.14,,,"Very happy with the Camera Hardware, everything works as expected."
FB00637,2025-07-11,Post-Contact Survey,Setup & Onboarding,4,0.14,3.0,CSE002503,Support was helpful and resolved my issue quickly.
FB00638,2025-06-10,Community,Camera Hardware,4,0.36,10.0,,Support was helpful and resolved my issue quickly.
FB00639,2025-06-23,Retailer Review,Mobile App,5,1.0,,,"Very happy with the Mobile App, everything works as expected."
FB00640,2025-05-29,Retailer Review,Subscription,2,-1.0,,CSE003493,"Still having problems with the Subscription, not satisfied."
FB00641,2025-05-01,Retailer Review,Mobile App,3,0.15,,CSE001608,The Mobile App is okay but could be better.
FB00642,2025-05-01,App Review,Account & Billing,4,1.0,,,The Account & Billing feels smooth and reliable now.
FB00643,2025-06-14,App Review,Subscription,3,-0.13,,,"Mixed experience, some things worked and some did not."
FB00644,2025-07-09,Community,Account & Billing,2,-0.31,5.0,CSE000430,The Account & Billing is confusing and should be improved.
FB00645,2025-05-30,App Review,Account & Billing,4,0.46,,CSE001893,"Very happy with the Account & Billing, everything works as expected."
FB00646,2025-06-29,App Review,Subscription,1,-1.0,,CSE001943,"Issue not fully resolved, experience was frustrating."
FB00647,2025-07-03,Retailer Review,Setup & Onboarding,5,1.0,,CSE003762,Support was helpful and resolved my issue quickly.
FB00648,2025-06-04,App Review,Subscription,4,-0.45,,,"Very happy with the Subscription, everything works as expected."
FB00649,2025-05-30,Retailer Review,Subscription,4,0.23,,,Support was helpful and resolved my issue quickly.
FB00650,2025-05-02,Community,Subscription,3,-0.51,7.0,CSE001465,"Mixed experience, some things worked and some did not."
FB00651,2025-07-12,App Review,Subscription,3,-0.23,,,The Subscription is okay but could be better.
FB00652,2025-07-09,Social,Camera Hardware,4,0.79,5.0,CSE003922,Support was helpful and resolved my issue quickly.
FB00653,2025-06-16,Post-Contact Survey,Subscription,3,-0.24,10.0,CSE002391,"Mixed experience, some things worked and some did not."
FB00654,2025-06-20,Social,Camera Hardware,4,1.0,0.0,CSE002599,"Very happy with the Camera Hardware, everything works as expected."
FB00655,2025-07-11,App Review,Setup & Onboarding,4,-0.67,,CSE001767,"Very happy with the Setup & Onboarding, everything works as expected."
FB00656,2025-06-07,Social,Account & Billing,4,0.6,3.0,,Support was helpful and resolved my issue quickly.
FB00657,2025-07-09,Retailer Review,Setup & Onboarding,4,0.06,,CSE000853,Support was helpful and resolved my issue quickly.
FB00658,2025-07-03,App Review,Mobile App,2,-0.19,,CSE000452,The Mobile App is confusing and should be improved.
FB00659,2025-06-06,Retailer Review,Account & Billing,5,1.0,,CSE000128,Support was helpful and resolved my issue quickly.
FB00660,2025-06-29,Social,Camera Hardware,4,0.74,7.0,CSE001899,"Very happy with the Camera Hardware, everything works as expected."
FB00661,2025-06-08,Social,Setup & Onboarding,4,0.35,9.0,,The Setup & Onboarding feels smooth and reliable now.
FB00662,2025-06-03,Social,Account & Billing,2,-0.21,3.0,,"Issue not fully resolved, experience was frustrating."
FB00663,2025-06-16,Post-Contact Survey,Setup & Onboarding,1,-0.88,7.0,CSE002269,"Still having problems with the Setup & Onboarding, not satisfied."
FB00664,2025-05-31,Retailer Review,Setup & Onboarding,4,0.58,,CSE000850,"Very happy with the Setup & Onboarding, everything works as expected."
FB00665,2025-05-25,Post-Contact Survey,Subscription,2,-0.93,7.0,CSE002152,"Still having problems with the Subscription, not satisfied."
FB00666,2025-06-10,Community,Setup & Onboarding,3,-0.35,9.0,,"Mixed experience, some things worked and some did not."
FB00667,2025-07-09,Retailer Review,Mobile App,3,-0.42,,,"Mixed experience, some things worked and some did not."
FB00668,2025-05-14,Retailer Review,Subscription,4,0.35,,,Support was helpful and resolved my issue quickly.
FB00669,2025-05-11,Community,Account & Billing,5,0.63,7.0,,Support was helpful and resolved my issue quickly.
FB00670,2025-05-11,Retailer Review,Account & Billing,5,0.5,,,Support was helpful and resolved my issue quickly.
FB00671,2025-05-19,Post-Contact Survey,Camera Hardware,3,-0.88,9.0,,"Mixed experience, some things worked and some did not."
FB00672,2025-05-31,Post-Contact Survey,Setup & Onboarding,2,-0.04,3.0,,"Issue not fully resolved, experience was frustrating."
FB00673,2025-06-04,Retailer Review,Account & Billing,3,0.32,,CSE000593,"Mixed experience, some things worked and some did not."
FB00674,2025-07-14,Social,Account & Billing,2,-0.34,5.0,,The Account & Billing is confusing and should be improved.
FB00675,2025-06-23,Community,Camera Hardware,4,0.03,9.0,CSE000961,Support was helpful and resolved my issue quickly.
FB00676,2025-06-01,Retailer Review,Setup & Onboarding,3,0.53,,CSE003886,"Mixed experience, some things worked and some did not."
FB00677,2025-07-27,Post-Contact Survey,Account & Billing,3,-0.38,5.0,CSE003952,"Mixed experience, some things worked and some did not."
FB00678,2025-06-07,Post-Contact Survey,Account & Billing,3,0.74,10.0,,The Account & Billing is okay but could be better.
FB00679,2025-05-02,Social,Account & Billing,2,-0.4,7.0,,"Still having problems with the Account & Billing, not satisfied."
FB00680,2025-06-22,App Review,Camera Hardware,4,0.89,,CSE002390,The Camera Hardware feels smooth and reliable now.
FB00681,2025-06-08,App Review,Subscription,5,1.0,,,The Subscription feels smooth and reliable now.
FB00682,2025-06-08,Social,Mobile App,2,-0.4,0.0,CSE003192,The Mobile App is confusing and should be improved.
FB00683,2025-05-29,App Review,Setup & Onboarding,3,-0.19,,,The Setup & Onboarding is okay but could be better.
FB00684,2025-06-14,App Review,Mobile App,5,0.91,,CSE002998,The Mobile App feels smooth and reliable now.
FB00685,2025-05-10,Community,Account & Billing,4,0.14,9.0,CSE000350,"Very happy with the Account & Billing, everything works as expected."
FB00686,2025-05-05,Community,Camera Hardware,1,-1.0,9.0,CSE003656,"Issue not fully resolved, experience was frustrating."
FB00687,2025-07-03,Social,Mobile App,5,0.55,0.0,,Support was helpful and resolved my issue quickly.
FB00688,2025-06-11,Social,Camera Hardware,4,0.52,7.0,CSE002769,Support was helpful and resolved my issue quickly.
FB00689,2025-07-19,Post-Contact Survey,Camera Hardware,2,-0.76,5.0,CSE002854,"Issue not fully resolved, experience was frustrating."
FB00690,2025-07-02,App Review,Setup & Onboarding,5,1.0,,,"Very happy with the Setup & Onboarding, everything works as expected."
FB00691,2025-06-22,Community,Subscription,4,0.63,10.0,,The Subscription feels smooth and reliable now.
FB00692,2025-07-26,App Review,Setup & Onboarding,1,-0.89,,CSE003665,"Still having problems with the Setup & Onboarding, not satisfied."
FB00693,2025-06-14,App Review,Mobile App,3,-0.13,,,The Mobile App is okay but could be better.
FB00694,2025-05-14,Retailer Review,Mobile App,3,0.34,,CSE002635,The Mobile App is okay but could be better.
FB00695,2025-06-07,Social,Subscription,3,-0.5,7.0,,"Mixed experience, some things worked and some did not."
FB00696,2025-05-31,Post-Contact Survey,Subscription,4,0.12,0.0,,"Very happy with the Subscription, everything works as expected."
FB00697,2025-06-02,Community,Subscription,4,0.68,10.0,CSE002801,Support was helpful and resolved my issue quickly.
FB00698,2025-05-21,Post-Contact Survey,Subscription,1,-1.0,7.0,CSE002407,"Still having problems with the Subscription, not satisfied."
FB00699,2025-06-11,Community,Mobile App,4,0.36,10.0,,"Very happy with the Mobile App, everything works as expected."
FB00700,2025-05-08,App Review,Account & Billing,4,-0.11,,,The Account & Billing feels smooth and reliable now.
FB00701,2025-07-06,App Review,Subscription,5,1.0,,CSE001537,"Very happy with the Subscription, everything works as expected."
FB00702,2025-05-10,Post-Contact Survey,Camera Hardware,5,0.99,7.0,,Support was helpful and resolved my issue quickly.
FB00703,2025-05-18,Retailer Review,Account & Billing,4,0.39,,CSE002076,Support was helpful and resolved my issue quickly.
FB00704,2025-07-24,Retailer Review,Camera Hardware,2,-0.05,,CSE002540,"Still having problems with the Camera Hardware, not satisfied."
FB00705,2025-07-08,App Review,Account & Billing,1,-1.0,,CSE002079,"Issue not fully resolved, experience was frustrating."
FB00706,2025-05-24,Retailer Review,Subscription,4,0.83,,CSE001615,Support was helpful and resolved my issue quickly.
FB00707,2025-05-16,Social,Account & Billing,5,0.64,3.0,CSE000942,The Account & Billing feels smooth and reliable now.
FB00708,2025-07-07,Social,Mobile App,2,-0.56,3.0,CSE001239,The Mobile App is confusing and should be improved.
FB00709,2025-05-17,Retailer Review,Camera Hardware,3,-0.44,,,The Camera Hardware is okay but could be better.
FB00710,2025-06-10,Social,Account & Billing,5,0.39,9.0,CSE003943,"Very happy with the Account & Billing, everything works as expected."
FB00711,2025-05-18,Social,Account & Billing,5,0.89,3.0,CSE002319,Support was helpful and resolved my issue quickly.
FB00712,2025-07-24,Community,Setup & Onboarding,4,0.24,0.0,CSE001088,Support was helpful and resolved my issue quickly.
FB00713,2025-05-27,Social,Mobile App,3,-0.52,5.0,CSE000455,"Mixed experience, some things worked and some did not."
FB00714,2025-07-28,Post-Contact Survey,Subscription,4,0.63,5.0,CSE003326,"Very happy with the Subscription, everything works as expected."
FB00715,2025-05-16,Community,Account & Billing,5,1.0,5.0,CSE003540,"Very happy with the Account & Billing, everything works as expected."
FB00716,2025-07-29,Retailer Review,Subscription,4,0.38,,,"Very happy with the Subscription, everything works as expected."
FB00717,2025-06-05,Retailer Review,Setup & Onboarding,4,0.66,,CSE000814,"Very happy with the Setup & Onboarding, everything works as expected."
FB00718,2025-06-25,Community,Account & Billing,5,1.0,5.0,CSE001657,The Account & Billing feels smooth and reliable now.
FB00719,2025-05-11,App Review,Camera Hardware,3,0.24,,,"Mixed experience, some things worked and some did not."
FB00720,2025-07-12,Post-Contact Survey,Setup & Onboarding,3,-0.37,5.0,,The Setup & Onboarding is okay but could be better.
FB00721,2025-07-13,Community,Camera Hardware,2,-1.0,9.0,,The Camera Hardware is confusing and should be improved.
FB00722,2025-07-11,Community,Subscription,4,0.52,9.0,CSE003195,Support was helpful and resolved my issue quickly.
FB00723,2025-07-02,Retailer Review,Subscription,5,1.0,,,The Subscription feels smooth and reliable now.
FB00724,2025-07-31,Retailer Review,Camera Hardware,5,0.97,,CSE000929,Support was helpful and resolved my issue quickly.
FB00725,2025-05-15,Retailer Review,Camera Hardware,2,-0.73,,,"Issue not fully resolved, experience was frustrating."
FB00726,2025-07-14,App Review,Mobile App,4,0.95,,CSE000037,Support was helpful and resolved my issue quickly.
FB00727,2025-07-18,App Review,Account & Billing,3,-0.39,,CSE003912,"Mixed experience, some things worked and some did not."
FB00728,2025-07-17,Post-Contact Survey,Mobile App,4,0.24,5.0,CSE001249,The Mobile App feels smooth and reliable now.
FB00729,2025-06-21,Post-Contact Survey,Camera Hardware,4,0.25,5.0,CSE003027,Support was helpful and resolved my issue quickly.
FB00730,2025-07-11,Retailer Review,Account & Billing,5,0.73,,,"Very happy with the Account & Billing, everything works as expected."
FB00731,2025-06-11,Community,Setup & Onboarding,5,0.43,9.0,CSE003834,"Very happy with the Setup & Onboarding, everything works as expected."
FB00732,2025-07-21,Post-Contact Survey,Camera Hardware,4,1.0,3.0,,Support was helpful and resolved my issue quickly.
FB00733,2025-06-07,Social,Subscription,3,0.53,9.0,,"Mixed experience, some things worked and some did not."
FB00734,2025-07-01,Community,Setup & Onboarding,4,0.37,10.0,CSE002509,"Very happy with the Setup & Onboarding, everything works as expected."
FB00735,2025-05-19,Post-Contact Survey,Setup & Onboarding,5,0.33,7.0,,"Very happy with the Setup & Onboarding, everything works as expected."
FB00736,2025-06-16,Post-Contact Survey,Mobile App,3,-0.23,7.0,CSE002050,"Mixed experience, some things worked and some did not."
FB00737,2025-07-17,Retailer Review,Account & Billing,3,0.27,,CSE002906,"Mixed experience, some things worked and some did not."
FB00738,2025-07-20,Retailer Review,Mobile App,4,0.31,,,Support was helpful and resolved my issue quickly.
FB00739,2025-07-29,Post-Contact Survey,Camera Hardware,3,0.21,7.0,CSE001472,"Mixed experience, some things worked and some did not."
FB00740,2025-06-14,Community,Setup & Onboarding,5,1.0,7.0,,The Setup & Onboarding feels smooth and reliable now.
FB00741,2025-06-10,Post-Contact Survey,Subscription,3,0.19,7.0,,The Subscription is okay but could be better.
FB00742,2025-06-16,Post-Contact Survey,Account & Billing,2,-0.17,7.0,CSE001194,"Still having problems with the Account & Billing, not satisfied."
FB00743,2025-06-06,Retailer Review,Subscription,4,-0.81,,CSE001410,"Very happy with the Subscription, everything works as expected."
FB00744,2025-05-03,Retailer Review,Account & Billing,5,1.0,,,Support was helpful and resolved my issue quickly.
FB00745,2025-06-10,Retailer Review,Account & Billing,4,0.4,,CSE000451,The Account & Billing feels smooth and reliable now.
FB00746,2025-06-04,Retailer Review,Account & Billing,5,1.0,,CSE001593,Support was helpful and resolved my issue quickly.
FB00747,2025-05-02,Community,Subscription,1,-0.84,10.0,CSE003833,The Subscription is confusing and should be improved.
FB00748,2025-06-03,Post-Contact Survey,Setup & Onboarding,3,-0.13,9.0,,The Setup & Onboarding is okay but could be better.
FB00749,2025-07-15,Retailer Review,Mobile App,1,-0.9,,,The Mobile App is confusing and should be improved.
FB00750,2025-07-09,Community,Setup & Onboarding,4,1.0,5.0,CSE000953,Support was helpful and resolved my issue quickly.
FB00751,2025-06-11,Social,Camera Hardware,4,1.0,7.0,CSE000007,"Very happy with the Camera Hardware, everything works as expected."
FB00752,2025-05-26,Retailer Review,Camera Hardware,5,1.0,,CSE001615,"Very happy with the Camera Hardware, everything works as expected."
FB00753,2025-06-25,Social,Subscription,4,0.4,7.0,,Support was helpful and resolved my issue quickly.
FB00754,2025-06-08,Community,Subscription,4,-0.34,5.0,,The Subscription feels smooth and reliable now.
FB00755,2025-06-24,Post-Contact Survey,Account & Billing,4,-0.26,9.0,,Support was helpful and resolved my issue quickly.
FB00756,2025-07-17,Post-Contact Survey,Setup & Onboarding,4,0.91,10.0,CSE000821,The Setup & Onboarding feels smooth and reliable now.
FB00757,2025-05-04,App Review,Camera Hardware,4,0.08,,CSE000464,"Very happy with the Camera Hardware, everything works as expected."
FB00758,2025-06-22,App Review,Setup & Onboarding,3,-0.09,,,"Mixed experience, some things worked and some did not."
FB00759,2025-05-14,Community,Mobile App,3,0.17,9.0,CSE003904,The Mobile App is okay but could be better.
FB00760,2025-05-04,Community,Camera Hardware,3,0.28,5.0,CSE002190,The Camera Hardware is okay but could be better.
FB00761,2025-05-12,Post-Contact Survey,Camera Hardware,4,0.14,9.0,CSE003365,The Camera Hardware feels smooth and reliable now.
FB00762,2025-05-01,Community,Subscription,4,0.2,0.0,,"Very happy with the Subscription, everything works as expected."
FB00763,2025-06-16,Retailer Review,Camera Hardware,3,0.44,,CSE001910,The Camera Hardware is okay but could be better.
FB00764,2025-05-24,Retailer Review,Subscription,5,0.23,,,The Subscription feels smooth and reliable now.
FB00765,2025-07-01,App Review,Mobile App,4,0.78,,,Support was helpful and resolved my issue quickly.
FB00766,2025-07-29,Community,Camera Hardware,5,0.84,0.0,CSE000726,"Very happy with the Camera Hardware, everything works as expected."
FB00767,2025-07-22,Post-Contact Survey,Mobile App,4,0.4,7.0,CSE001702,Support was helpful and resolved my issue quickly.
FB00768,2025-06-02,Retailer Review,Subscription,5,0.34,,CSE000002,Support was helpful and resolved my issue quickly.
FB00769,2025-07-17,Retailer Review,Setup & Onboarding,4,0.08,,CSE003998,"Very happy with the Setup & Onboarding, everything works as expected."
FB00770,2025-07-30,Community,Camera Hardware,5,0.65,7.0,,Support was helpful and resolved my issue quickly.
FB00771,2025-06-29,Community,Subscription,4,0.1,3.0,CSE001422,The Subscription feels smooth and reliable now.
FB00772,2025-06-01,Social,Camera Hardware,2,-0.98,5.0,CSE001382,The Camera Hardware is confusing and should be improved.
FB00773,2025-07-25,Community,Account & Billing,4,0.25,5.0,CSE000551,The Account & Billing feels smooth and reliable now.
FB00774,2025-06-30,Post-Contact Survey,Subscription,3,-0.38,0.0,CSE001032,The Subscription is okay but could be better.
FB00775,2025-05-06,Post-Contact Survey,Setup & Onboarding,4,0.23,9.0,,Support was helpful and resolved my issue quickly.
FB00776,2025-06-22,Social,Mobile App,5,1.0,0.0,CSE000582,The Mobile App feels smooth and reliable now.
FB00777,2025-06-02,Post-Contact Survey,Camera Hardware,5,0.5,5.0,,"Very happy with the Camera Hardware, everything works as expected."
FB00778,2025-07-31,Retailer Review,Setup & Onboarding,3,1.0,,CSE002348,"Mixed experience, some things worked and some did not."
FB00779,2025-06-08,Retailer Review,Subscription,5,1.0,,CSE002081,The Subscription feels smooth and reliable now.
FB00780,2025-07-13,Community,Mobile App,4,0.05,3.0,CSE000433,The Mobile App feels smooth and reliable now.
FB00781,2025-07-11,Community,Account & Billing,2,-1.0,7.0,,"Still having problems with the Account & Billing, not satisfied."
FB00782,2025-06-03,Community,Mobile App,4,0.58,7.0,CSE001834,Support was helpful and resolved my issue quickly.
FB00783,2025-06-15,App Review,Subscription,3,-0.55,,CSE002244,"Mixed experience, some things worked and some did not."
FB00784,2025-07-24,Community,Mobile App,5,1.0,10.0,CSE001043,Support was helpful and resolved my issue quickly.
FB00785,2025-05-17,Retailer Review,Camera Hardware,4,0.83,,CSE002071,Support was helpful and resolved my issue quickly.
FB00786,2025-07-05,App Review,Setup & Onboarding,5,0.89,,,"Very happy with the Setup & Onboarding, everything works as expected."
FB00787,2025-06-15,App Review,Subscription,3,0.16,,CSE001438,"Mixed experience, some things worked and some did not."
FB00788,2025-05-13,Community,Camera Hardware,5,1.0,7.0,,Support was helpful and resolved my issue quickly.
FB00789,2025-05-26,Retailer Review,Setup & Onboarding,4,0.38,,CSE002964,"Very happy with the Setup & Onboarding, everything works as expected."
FB00790,2025-05-08,Retailer Review,Setup & Onboarding,4,0.42,,CSE003927,Support was helpful and resolved my issue quickly.
FB00791,2025-05-24,Community,Mobile App,5,1.0,0.0,CSE000988,Support was helpful and resolved my issue quickly.
FB00792,2025-06-23,Community,Mobile App,3,0.45,9.0,CSE000578,The Mobile App is okay but could be better.
FB00793,2025-07-02,Community,Subscription,4,0.37,10.0,CSE001475,The Subscription feels smooth and reliable now.
FB00794,2025-06-22,Community,Subscription,5,0.93,0.0,CSE003817,"Very happy with the Subscription, everything works as expected."
FB00795,2025-07-26,Community,Subscription,1,-0.76,9.0,,The Subscription is confusing and should be improved.
FB00796,2025-06-02,Community,Camera Hardware,2,-1.0,9.0,,"Still having problems with the Camera Hardware, not satisfied."
FB00797,2025-06-05,App Review,Account & Billing,1,-1.0,,CSE002121,The Account & Billing is confusing and should be improved.
FB00798,2025-06-08,Retailer Review,Setup & Onboarding,3,-0.18,,,The Setup & Onboarding is okay but could be better.
FB00799,2025-05-31,Social,Mobile App,4,0.78,10.0,CSE000151,Support was helpful and resolved my issue quickly.
FB00800,2025-07-29,Social,Mobile App,4,0.69,7.0,,"Very happy with the Mobile App, everything works as expected."
FB00801,2025-06-30,Social,Subscription,3,0.64,9.0,,"Mixed experience, some things worked and some did not."
FB00802,2025-05-02,Post-Contact Survey,Account & Billing,5,0.83,0.0,CSE000769,Support was helpful and resolved my issue quickly.
FB00803,2025-06-30,Post-Contact Survey,Setup & Onboarding,4,0.37,3.0,CSE000687,Support was helpful and resolved my issue quickly.
FB00804,2025-05-10,Post-Contact Survey,Subscription,4,1.0,7.0,CSE003884,Support was helpful and resolved my issue quickly.
FB00805,2025-05-04,Community,Setup & Onboarding,2,-0.57,5.0,,The Setup & Onboarding is confusing and should be improved.
FB00806,2025-06-09,Community,Camera Hardware,4,1.0,10.0,,"Very happy with the Camera Hardware, everything works as expected."
FB00807,2025-06-22,App Review,Mobile App,3,-0.34,,,The Mobile App is okay but could be better.
FB00808,2025-07-10,Community,Mobile App,2,-0.57,3.0,CSE002224,The Mobile App is confusing and should be improved.
FB00809,2025-07-21,Retailer Review,Setup & Onboarding,4,0.46,,,The Setup & Onboarding feels smooth and reliable now.
FB00810,2025-07-07,Retailer Review,Camera Hardware,3,-0.12,,CSE002595,"Mixed experience, some things worked and some did not."
FB00811,2025-06-07,App Review,Account & Billing,5,1.0,,,The Account & Billing feels smooth and reliable now.
FB00812,2025-07-08,App Review,Camera Hardware,1,-0.16,,,The Camera Hardware is confusing and should be improved.
FB00813,2025-07-13,Community,Subscription,5,0.42,7.0,CSE000996,Support was helpful and resolved my issue quickly.
FB00814,2025-07-17,App Review,Camera Hardware,3,0.5,,,"Mixed experience, some things worked and some did not."
FB00815,2025-07-20,Community,Account & Billing,5,1.0,7.0,CSE000805,"Very happy with the Account & Billing, everything works as expected."
FB00816,2025-06-22,Retailer Review,Setup & Onboarding,3,0.04,,CSE000550,The Setup & Onboarding is okay but could be better.
FB00817,2025-06-30,App Review,Account & Billing,2,-0.98,,CSE002762,The Account & Billing is confusing and should be improved.
FB00818,2025-07-12,App Review,Subscription,3,-0.04,,CSE002804,The Subscription is okay but could be better.
FB00819,2025-05-08,Retailer Review,Mobile App,4,1.0,,,The Mobile App feels smooth and reliable now.
FB00820,2025-05-10,App Review,Subscription,3,-0.68,,CSE002645,"Mixed experience, some things worked and some did not."
FB00821,2025-07-26,Community,Setup & Onboarding,3,-0.15,3.0,,"Mixed experience, some things worked and some did not."
FB00822,2025-06-22,Social,Mobile App,3,0.78,7.0,CSE000788,The Mobile App is okay but could be better.
FB00823,2025-06-20,Retailer Review,Camera Hardware,2,-0.83,,CSE003454,"Issue not fully resolved, experience was frustrating."
FB00824,2025-07-07,Social,Setup & Onboarding,3,0.09,5.0,,"Mixed experience, some things worked and some did not."
FB00825,2025-07-22,Retailer Review,Setup & Onboarding,5,0.4,,CSE002717,Support was helpful and resolved my issue quickly.
FB00826,2025-07-21,Social,Mobile App,5,1.0,9.0,,Support was helpful and resolved my issue quickly.
FB00827,2025-06-26,Social,Account & Billing,5,0.88,10.0,CSE000901,"Very happy with the Account & Billing, everything works as expected."
FB00828,2025-07-24,Post-Contact Survey,Mobile App,4,0.38,3.0,,Support was helpful and resolved my issue quickly.
FB00829,2025-05-02,Community,Setup & Onboarding,3,-0.73,5.0,,The Setup & Onboarding is okay but could be better.
FB00830,2025-07-28,Community,Mobile App,2,-0.95,7.0,,The Mobile App is confusing and should be improved.
FB00831,2025-07-19,Community,Setup & Onboarding,4,-0.05,7.0,CSE001664,"Very happy with the Setup & Onboarding, everything works as expected."
FB00832,2025-07-04,App Review,Account & Billing,3,-0.21,,CSE001689,"Mixed experience, some things worked and some did not."
FB00833,2025-07-03,Post-Contact Survey,Account & Billing,4,0.46,9.0,CSE002595,"Very happy with the Account & Billing, everything works as expected."
FB00834,2025-06-03,App Review,Setup & Onboarding,4,-0.05,,,The Setup & Onboarding feels smooth and reliable now.
FB00835,2025-05-28,App Review,Account & Billing,3,0.26,,CSE002634,"Mixed experience, some things worked and some did not."
FB00836,2025-06-28,Post-Contact Survey,Subscription,4,0.86,10.0,CSE002228,The Subscription feels smooth and reliable now.
FB00837,2025-05-01,Social,Camera Hardware,3,-0.15,0.0,CSE002478,"Mixed experience, some things worked and some did not."
FB00838,2025-06-30,App Review,Account & Billing,3,-0.34,,,The Account & Billing is okay but could be better.
FB00839,2025-05-25,App Review,Camera Hardware,2,-0.71,,CSE003102,"Issue not fully resolved, experience was frustrating."
FB00840,2025-06-12,Retailer Review,Setup & Onboarding,4,1.0,,CSE003052,"Very happy with the Setup & Onboarding, everything works as expected."
FB00841,2025-07-07,App Review,Account & Billing,3,0.47,,,The Account & Billing is okay but could be better.
FB00842,2025-07-31,Social,Mobile App,5,0.53,10.0,,"Very happy with the Mobile App, everything works as expected."
FB00843,2025-07-12,Post-Contact Survey,Setup & Onboarding,1,-0.14,3.0,CSE003926,The Setup & Onboarding is confusing and should be improved.
FB00844,2025-05-26,Retailer Review,Subscription,3,0.69,,CSE001908,"Mixed experience, some things worked and some did not."
FB00845,2025-06-11,Retailer Review,Camera Hardware,2,-0.61,,CSE001832,"Issue not fully resolved, experience was frustrating."
FB00846,2025-06-04,Retailer Review,Subscription,3,1.0,,,The Subscription is okay but could be better.
FB00847,2025-07-08,Post-Contact Survey,Subscription,3,0.67,3.0,CSE003056,"Mixed experience, some things worked and some did not."
FB00848,2025-06-05,App Review,Account & Billing,4,0.58,,CSE002418,Support was helpful and resolved my issue quickly.
FB00849,2025-05-14,Social,Account & Billing,5,0.98,9.0,,"Very happy with the Account & Billing, everything works as expected."
FB00850,2025-07-11,Post-Contact Survey,Setup & Onboarding,3,0.23,10.0,CSE002568,"Mixed experience, some things worked and some did not."
FB00851,2025-06-25,App Review,Setup & Onboarding,3,0.3,,CSE002160,"Mixed experience, some things worked and some did not."
FB00852,2025-05-26,Community,Subscription,4,0.31,3.0,CSE001580,The Subscription feels smooth and reliable now.
FB00853,2025-05-31,Retailer Review,Mobile App,3,-0.27,,,The Mobile App is okay but could be better.
FB00854,2025-06-15,Post-Contact Survey,Camera Hardware,4,0.18,9.0,CSE002722,"Very happy with the Camera Hardware, everything works as expected."
FB00855,2025-05-04,Community,Subscription,3,-0.34,7.0,,The Subscription is okay but could be better.
FB00856,2025-07-31,Community,Subscription,4,0.73,10.0,CSE001761,"Very happy with the Subscription, everything works as expected."
FB00857,2025-06-15,App Review,Mobile App,4,0.4,,CSE001115,Support was helpful and resolved my issue quickly.
FB00858,2025-06-02,Post-Contact Survey,Account & Billing,3,-0.38,7.0,CSE001409,"Mixed experience, some things worked and some did not."
FB00859,2025-06-06,Social,Camera Hardware,1,-0.61,10.0,CSE003290,The Camera Hardware is confusing and should be improved.
FB00860,2025-06-27,Retailer Review,Setup & Onboarding,2,-0.63,,CSE003378,The Setup & Onboarding is confusing and should be improved.
FB00861,2025-07-23,Community,Setup & Onboarding,1,-0.98,10.0,CSE001388,The Setup & Onboarding is confusing and should be improved.
FB00862,2025-07-31,App Review,Mobile App,4,0.52,,CSE000662,Support was helpful and resolved my issue quickly.
FB00863,2025-07-14,App Review,Mobile App,3,-0.38,,,"Mixed experience, some things worked and some did not."
FB00864,2025-07-31,Community,Camera Hardware,4,1.0,10.0,CSE001410,"Very happy with the Camera Hardware, everything works as expected."
FB00865,2025-07-18,Post-Contact Survey,Setup & Onboarding,4,0.66,10.0,,Support was helpful and resolved my issue quickly.
FB00866,2025-06-23,Retailer Review,Account & Billing,2,-0.75,,,"Still having problems with the Account & Billing, not satisfied."
FB00867,2025-06-28,Retailer Review,Camera Hardware,5,1.0,,CSE000427,The Camera Hardware feels smooth and reliable now.
FB00868,2025-05-08,Community,Account & Billing,2,-0.11,3.0,CSE002402,"Still having problems with the Account & Billing, not satisfied."
FB00869,2025-07-25,Community,Account & Billing,4,0.82,7.0,CSE002131,"Very happy with the Account & Billing, everything works as expected."
FB00870,2025-05-24,Social,Subscription,3,0.15,5.0,CSE002285,The Subscription is okay but could be better.
FB00871,2025-06-26,Social,Subscription,4,1.0,10.0,,The Subscription feels smooth and reliable now.
FB00872,2025-07-23,Post-Contact Survey,Setup & Onboarding,5,0.82,10.0,,"Very happy with the Setup & Onboarding, everything works as expected."
FB00873,2025-06-27,Community,Mobile App,4,-0.02,9.0,CSE002494,The Mobile App feels smooth and reliable now.
FB00874,2025-06-20,Retailer Review,Camera Hardware,4,0.46,,,Support was helpful and resolved my issue quickly.
FB00875,2025-06-15,Community,Subscription,4,0.13,0.0,CSE002953,Support was helpful and resolved my issue quickly.
FB00876,2025-05-26,Post-Contact Survey,Camera Hardware,1,-0.9,7.0,,The Camera Hardware is confusing and should be improved.
FB00877,2025-07-31,Social,Mobile App,4,0.44,7.0,,"Very happy with the Mobile App, everything works as expected."
FB00878,2025-07-27,App Review,Setup & Onboarding,2,-0.47,,CSE001286,"Still having problems with the Setup & Onboarding, not satisfied."
FB00879,2025-07-01,Post-Contact Survey,Camera Hardware,5,0.9,7.0,CSE002722,"Very happy with the Camera Hardware, everything works as expected."
FB00880,2025-06-20,Post-Contact Survey,Camera Hardware,1,-1.0,9.0,CSE003356,"Issue not fully resolved, experience was frustrating."
FB00881,2025-06-21,Community,Subscription,5,1.0,7.0,CSE002894,Support was helpful and resolved my issue quickly.
FB00882,2025-05-21,Post-Contact Survey,Account & Billing,5,0.9,5.0,CSE002506,"Very happy with the Account & Billing, everything works as expected."
FB00883,2025-07-12,Community,Camera Hardware,5,1.0,5.0,CSE000470,"Very happy with the Camera Hardware, everything works as expected."
FB00884,2025-07-20,Retailer Review,Subscription,2,-0.17,,,"Still having problems with the Subscription, not satisfied."
FB00885,2025-06-12,Post-Contact Survey,Account & Billing,3,0.03,0.0,CSE001419,"Mixed experience, some things worked and some did not."
FB00886,2025-07-10,Social,Account & Billing,5,1.0,7.0,CSE002060,The Account & Billing feels smooth and reliable now.
FB00887,2025-07-16,Retailer Review,Account & Billing,5,0.85,,,"Very happy with the Account & Billing, everything works as expected."
FB00888,2025-06-21,Community,Account & Billing,4,0.95,0.0,CSE001897,Support was helpful and resolved my issue quickly.
FB00889,2025-05-28,Post-Contact Survey,Account & Billing,5,0.52,10.0,CSE000988,The Account & Billing feels smooth and reliable now.
FB00890,2025-06-24,Post-Contact Survey,Account & Billing,1,-1.0,0.0,CSE002863,"Issue not fully resolved, experience was frustrating."
FB00891,2025-05-08,App Review,Subscription,5,0.81,,CSE003423,"Very happy with the Subscription, everything works as expected."
FB00892,2025-05-25,App Review,Camera Hardware,5,0.97,,,Support was helpful and resolved my issue quickly.
FB00893,2025-07-05,Social,Camera Hardware,3,-0.58,9.0,CSE003998,"Mixed experience, some things worked and some did not."
FB00894,2025-07-02,Retailer Review,Camera Hardware,2,-0.46,,CSE002244,The Camera Hardware is confusing and should be improved.
FB00895,2025-05-28,Retailer Review,Mobile App,3,-0.48,,,The Mobile App is okay but could be better.
FB00896,2025-07-13,Social,Camera Hardware,4,0.02,10.0,,"Very happy with the Camera Hardware, everything works as expected."
FB00897,2025-06-06,Retailer Review,Camera Hardware,4,0.19,,,The Camera Hardware feels smooth and reliable now.
FB00898,2025-05-22,Retailer Review,Camera Hardware,2,-0.76,,CSE001064,The Camera Hardware is confusing and should be improved.
FB00899,2025-07-17,Community,Account & Billing,5,0.91,9.0,CSE001592,Support was helpful and resolved my issue quickly.
FB00900,2025-07-27,App Review,Subscription,4,0.06,,CSE000924,Support was helpful and resolved my issue quickly.
FB00901,2025-06-06,Retailer Review,Setup & Onboarding,3,-0.08,,,"Mixed experience, some things worked and some did not."
FB00902,2025-07-18,App Review,Camera Hardware,1,-1.0,,,The Camera Hardware is confusing and should be improved.
FB00903,2025-07-24,Social,Camera Hardware,4,0.97,7.0,CSE001534,"Very happy with the Camera Hardware, everything works as expected."
FB00904,2025-06-15,Post-Contact Survey,Setup & Onboarding,3,-0.81,9.0,CSE000947,"Mixed experience, some things worked and some did not."
FB00905,2025-05-08,Community,Camera Hardware,4,0.48,5.0,CSE000977,"Very happy with the Camera Hardware, everything works as expected."
FB00906,2025-05-03,Social,Setup & Onboarding,3,0.34,10.0,CSE003378,The Setup & Onboarding is okay but could be better.
FB00907,2025-07-27,Retailer Review,Mobile App,5,1.0,,,Support was helpful and resolved my issue quickly.
FB00908,2025-07-20,Post-Contact Survey,Account & Billing,5,1.0,0.0,CSE003088,Support was helpful and resolved my issue quickly.
FB00909,2025-05-18,Community,Subscription,5,1.0,10.0,CSE000511,The Subscription feels smooth and reliable now.
FB00910,2025-06-05,App Review,Subscription,4,0.16,,CSE001154,Support was helpful and resolved my issue quickly.
FB00911,2025-05-22,Community,Subscription,4,0.57,0.0,CSE001929,The Subscription feels smooth and reliable now.
FB00912,2025-05-29,Retailer Review,Setup & Onboarding,1,-0.89,,,"Still having problems with the Setup & Onboarding, not satisfied."
FB00913,2025-06-01,App Review,Account & Billing,5,0.83,,CSE003633,The Account & Billing feels smooth and reliable now.
FB00914,2025-06-09,Community,Mobile App,1,-1.0,10.0,CSE001021,"Still having problems with the Mobile App, not satisfied."
FB00915,2025-05-30,Retailer Review,Mobile App,1,-1.0,,CSE001233,"Still having problems with the Mobile App, not satisfied."
FB00916,2025-07-18,Social,Mobile App,1,-0.86,5.0,CSE001026,The Mobile App is confusing and should be improved.
FB00917,2025-07-23,Social,Setup & Onboarding,4,0.68,0.0,CSE000953,The Setup & Onboarding feels smooth and reliable now.
FB00918,2025-05-05,Post-Contact Survey,Mobile App,4,0.63,10.0,CSE003619,The Mobile App feels smooth and reliable now.
FB00919,2025-05-01,App Review,Subscription,5,0.91,,,"Very happy with the Subscription, everything works as expected."
FB00920,2025-06-23,Post-Contact Survey,Account & Billing,2,-0.7,10.0,,"Still having problems with the Account & Billing, not satisfied."
FB00921,2025-05-18,Retailer Review,Account & Billing,3,-0.12,,,The Account & Billing is okay but could be better.
FB00922,2025-05-14,Social,Mobile App,2,-0.37,5.0,,The Mobile App is confusing and should be improved.
FB00923,2025-05-09,Retailer Review,Mobile App,4,0.29,,,Support was helpful and resolved my issue quickly.
FB00924,2025-06-16,Retailer Review,Camera Hardware,1,-0.26,,,The Camera Hardware is confusing and should be improved.
FB00925,2025-06-09,Social,Subscription,4,0.88,7.0,,The Subscription feels smooth and reliable now.
FB00926,2025-07-21,Social,Setup & Onboarding,4,0.78,0.0,CSE003707,"Very happy with the Setup & Onboarding, everything works as expected."
FB00927,2025-07-02,Retailer Review,Camera Hardware,2,-0.21,,CSE000688,"Issue not fully resolved, experience was frustrating."
FB00928,2025-06-05,Social,Camera Hardware,5,1.0,3.0,CSE000871,Support was helpful and resolved my issue quickly.
FB00929,2025-07-29,App Review,Account & Billing,4,0.24,,CSE002021,"Very happy with the Account & Billing, everything works as expected."
FB00930,2025-07-28,Post-Contact Survey,Subscription,3,0.31,7.0,CSE000353,The Subscription is okay but could be better.
FB00931,2025-05-02,Post-Contact Survey,Camera Hardware,4,0.54,3.0,,"Very happy with the Camera Hardware, everything works as expected."
FB00932,2025-05-17,App Review,Account & Billing,3,0.02,,CSE003060,The Account & Billing is okay but could be better.
FB00933,2025-07-27,App Review,Account & Billing,3,0.41,,,"Mixed experience, some things worked and some did not."
FB00934,2025-07-22,Post-Contact Survey,Subscription,3,-0.28,9.0,,"Mixed experience, some things worked and some did not."
FB00935,2025-06-10,Community,Setup & Onboarding,4,0.21,7.0,,The Setup & Onboarding feels smooth and reliable now.
FB00936,2025-07-09,Retailer Review,Account & Billing,2,-0.97,,CSE002975,"Still having problems with the Account & Billing, not satisfied."
FB00937,2025-05-22,Social,Camera Hardware,2,-0.28,9.0,,"Still having problems with the Camera Hardware, not satisfied."
FB00938,2025-06-13,Post-Contact Survey,Mobile App,1,-1.0,9.0,CSE003035,"Still having problems with the Mobile App, not satisfied."
FB00939,2025-06-06,App Review,Account & Billing,3,-1.0,,,The Account & Billing is okay but could be better.
FB00940,2025-07-24,Community,Account & Billing,5,0.69,7.0,CSE000275,The Account & Billing feels smooth and reliable now.
FB00941,2025-05-28,Retailer Review,Camera Hardware,5,1.0,,CSE001846,The Camera Hardware feels smooth and reliable now.
FB00942,2025-07-07,Social,Account & Billing,4,0.74,3.0,,The Account & Billing feels smooth and reliable now.
FB00943,2025-06-26,App Review,Camera Hardware,4,0.89,,CSE002568,The Camera Hardware feels smooth and reliable now.
FB00944,2025-06-29,Post-Contact Survey,Account & Billing,5,0.76,9.0,CSE002451,"Very happy with the Account & Billing, everything works as expected."
FB00945,2025-06-13,Community,Setup & Onboarding,3,0.31,7.0,CSE001467,"Mixed experience, some things worked and some did not."
FB00946,2025-06-21,Community,Mobile App,4,0.95,5.0,,Support was helpful and resolved my issue quickly.
FB00947,2025-05-22,Social,Setup & Onboarding,3,-0.12,10.0,CSE002820,"Mixed experience, some things worked and some did not."
FB00948,2025-06-29,App Review,Mobile App,5,0.7,,CSE001964,The Mobile App feels smooth and reliable now.
FB00949,2025-05-27,Social,Camera Hardware,4,0.23,7.0,,"Very happy with the Camera Hardware, everything works as expected."
FB00950,2025-06-09,App Review,Mobile App,3,-0.47,,,"Mixed experience, some things worked and some did not."
FB00951,2025-07-22,Social,Camera Hardware,3,-0.44,0.0,CSE001804,The Camera Hardware is okay but could be better.
FB00952,2025-06-07,Retailer Review,Camera Hardware,5,0.71,,CSE001213,The Camera Hardware feels smooth and reliable now.
FB00953,2025-07-19,Social,Camera Hardware,3,0.08,0.0,,"Mixed experience, some things worked and some did not."
FB00954,2025-07-03,Social,Setup & Onboarding,4,0.81,0.0,,The Setup & Onboarding feels smooth and reliable now.
FB00955,2025-07-31,Community,Setup & Onboarding,4,0.6,0.0,CSE002371,Support was helpful and resolved my issue quickly.
FB00956,2025-07-08,App Review,Setup & Onboarding,3,0.72,,,"Mixed experience, some things worked and some did not."
FB00957,2025-07-11,Retailer Review,Subscription,5,1.0,,,The Subscription feels smooth and reliable now.
FB00958,2025-06-10,Community,Account & Billing,4,0.34,10.0,,"Very happy with the Account & Billing, everything works as expected."
FB00959,2025-05-06,Social,Setup & Onboarding,4,-0.01,0.0,CSE001087,The Setup & Onboarding feels smooth and reliable now.
FB00960,2025-06-24,Retailer Review,Setup & Onboarding,1,-1.0,,CSE000575,The Setup & Onboarding is confusing and should be improved.
FB00961,2025-05-23,App Review,Mobile App,5,1.0,,CSE003687,The Mobile App feels smooth and reliable now.
FB00962,2025-05-24,App Review,Mobile App,5,0.52,,,The Mobile App feels smooth and reliable now.
FB00963,2025-07-23,Post-Contact Survey,Account & Billing,2,-0.39,9.0,,The Account & Billing is confusing and should be improved.
FB00964,2025-05-22,Community,Account & Billing,4,0.17,10.0,CSE001400,Support was helpful and resolved my issue quickly.
FB00965,2025-07-07,Community,Camera Hardware,4,0.66,3.0,CSE001869,The Camera Hardware feels smooth and reliable now.
FB00966,2025-06-21,Post-Contact Survey,Subscription,3,-0.3,10.0,CSE003234,The Subscription is okay but could be better.
FB00967,2025-06-19,App Review,Setup & Onboarding,5,0.91,,,Support was helpful and resolved my issue quickly.
FB00968,2025-06-13,Retailer Review,Mobile App,4,-0.05,,,"Very happy with the Mobile App, everything works as expected."
FB00969,2025-07-27,Social,Camera Hardware,4,0.72,5.0,CSE000423,Support was helpful and resolved my issue quickly.
FB00970,2025-06-26,Post-Contact Survey,Mobile App,5,1.0,10.0,,"Very happy with the Mobile App, everything works as expected."
FB00971,2025-07-12,Retailer Review,Mobile App,4,0.82,,,"Very happy with the Mobile App, everything works as expected."
FB00972,2025-07-24,Social,Subscription,3,0.05,9.0,,The Subscription is okay but could be better.
FB00973,2025-07-23,Community,Camera Hardware,4,0.56,9.0,,The Camera Hardware feels smooth and reliable now.
FB00974,2025-07-07,App Review,Account & Billing,4,0.6,,CSE003326,Support was helpful and resolved my issue quickly.
FB00975,2025-07-11,Retailer Review,Setup & Onboarding,5,1.0,,CSE002690,"Very happy with the Setup & Onboarding, everything works as expected."
FB00976,2025-07-08,Retailer Review,Mobile App,4,-0.26,,CSE003754,"Very happy with the Mobile App, everything works as expected."
FB00977,2025-07-23,Social,Subscription,2,-0.6,0.0,,"Issue not fully resolved, experience was frustrating."
FB00978,2025-05-23,Post-Contact Survey,Account & Billing,4,0.83,7.0,,"Very happy with the Account & Billing, everything works as expected."
FB00979,2025-07-12,Social,Subscription,4,-0.18,5.0,CSE002048,The Subscription feels smooth and reliable now.
FB00980,2025-05-05,Social,Setup & Onboarding,5,1.0,5.0,CSE001453,"Very happy with the Setup & Onboarding, everything works as expected."
FB00981,2025-05-09,App Review,Camera Hardware,3,0.1,,CSE003204,The Camera Hardware is okay but could be better.
FB00982,2025-07-27,Post-Contact Survey,Subscription,3,0.23,7.0,,The Subscription is okay but could be better.
FB00983,2025-07-20,Social,Account & Billing,4,0.73,10.0,CSE002178,Support was helpful and resolved my issue quickly.
FB00984,2025-07-22,App Review,Setup & Onboarding,3,0.01,,CSE000855,"Mixed experience, some things worked and some did not."
FB00985,2025-05-22,App Review,Camera Hardware,4,0.01,,CSE000756,"Very happy with the Camera Hardware, everything works as expected."
FB00986,2025-06-19,Post-Contact Survey,Setup & Onboarding,4,1.0,10.0,CSE000620,The Setup & Onboarding feels smooth and reliable now.
FB00987,2025-07-05,Social,Mobile App,4,0.37,7.0,CSE001670,The Mobile App feels smooth and reliable now.
FB00988,2025-07-31,Community,Setup & Onboarding,4,0.19,7.0,,"Very happy with the Setup & Onboarding, everything works as expected."
FB00989,2025-06-08,Retailer Review,Setup & Onboarding,1,-1.0,,,"Still having problems with the Setup & Onboarding, not satisfied."
FB00990,2025-07-18,App Review,Setup & Onboarding,5,0.97,,CSE002476,"Very happy with the Setup & Onboarding, everything works as expected."
FB00991,2025-06-06,Retailer Review,Mobile App,5,1.0,,,The Mobile App feels smooth and reliable now.
FB00992,2025-06-01,Post-Contact Survey,Setup & Onboarding,5,1.0,7.0,,The Setup & Onboarding feels smooth and reliable now.
FB00993,2025-06-27,Post-Contact Survey,Camera Hardware,5,0.7,9.0,CSE001272,Support was helpful and resolved my issue quickly.
FB00994,2025-05-08,Post-Contact Survey,Account & Billing,3,-0.22,0.0,,The Account & Billing is okay but could be better.
FB00995,2025-07-14,App Review,Camera Hardware,4,0.66,,,Support was helpful and resolved my issue quickly.
FB00996,2025-07-28,Retailer Review,Camera Hardware,5,0.9,,,Support was helpful and resolved my issue quickly.
FB00997,2025-06-10,Community,Account & Billing,4,0.79,0.0,,The Account & Billing feels smooth and reliable now.
FB00998,2025-06-28,App Review,Setup & Onboarding,4,0.24,,,Support was helpful and resolved my issue quickly.
FB00999,2025-05-16,App Review,Setup & Onboarding,4,0.23,,,The Setup & Onboarding feels smooth and reliable now.
FB01000,2025-06-22,Retailer Review,Subscription,5,1.0,,,Support was helpful and resolved my issue quickly.
FB01001,2025-05-30,Community,Setup & Onboarding,4,0.74,5.0,,"Very happy with the Setup & Onboarding, everything works as expected."
FB01002,2025-06-06,Retailer Review,Camera Hardware,2,-0.31,,CSE003092,"Still having problems with the Camera Hardware, not satisfied."
FB01003,2025-06-09,Post-Contact Survey,Mobile App,4,0.2,7.0,,The Mobile App feels smooth and reliable now.
FB01004,2025-06-10,Community,Setup & Onboarding,4,1.0,0.0,CSE002928,Support was helpful and resolved my issue quickly.
FB01005,2025-06-17,Social,Account & Billing,5,1.0,7.0,,Support was helpful and resolved my issue quickly.
FB01006,2025-05-18,Social,Setup & Onboarding,4,0.1,7.0,,The Setup & Onboarding feels smooth and reliable now.
FB01007,2025-06-15,Retailer Review,Account & Billing,3,-0.39,,,The Account & Billing is okay but could be better.
FB01008,2025-05-03,App Review,Account & Billing,3,0.19,,,The Account & Billing is okay but could be better.
FB01009,2025-07-09,Post-Contact Survey,Account & Billing,3,0.3,0.0,CSE000457,The Account & Billing is okay but could be better.
FB01010,2025-05-09,Community,Account & Billing,5,0.58,9.0,,Support was helpful and resolved my issue quickly.
FB01011,2025-07-07,Retailer Review,Mobile App,3,-0.11,,CSE002986,The Mobile App is okay but could be better.
FB01012,2025-06-05,App Review,Camera Hardware,2,-0.59,,,"Issue not fully resolved, experience was frustrating."
FB01013,2025-05-07,App Review,Account & Billing,4,0.73,,CSE003216,"Very happy with the Account & Billing, everything works as expected."
FB01014,2025-07-18,App Review,Subscription,3,0.37,,,The Subscription is okay but could be better.
FB01015,2025-05-01,Social,Account & Billing,4,0.02,5.0,CSE002490,"Very happy with the Account & Billing, everything works as expected."
FB01016,2025-06-10,Social,Camera Hardware,4,-0.05,0.0,,"Very happy with the Camera Hardware, everything works as expected."
FB01017,2025-06-10,App Review,Setup & Onboarding,3,0.54,,,"Mixed experience, some things worked and some did not."
FB01018,2025-05-01,Retailer Review,Camera Hardware,4,0.16,,CSE001972,"Very happy with the Camera Hardware, everything works as expected."
FB01019,2025-06-29,Post-Contact Survey,Mobile App,5,1.0,7.0,CSE003358,"Very happy with the Mobile App, everything works as expected."
FB01020,2025-06-03,Social,Subscription,4,1.0,7.0,CSE001606,The Subscription feels smooth and reliable now.
FB01021,2025-07-04,Post-Contact Survey,Setup & Onboarding,5,0.44,5.0,CSE000923,"Very happy with the Setup & Onboarding, everything works as expected."
FB01022,2025-06-02,Post-Contact Survey,Subscription,5,0.48,3.0,CSE003748,"Very happy with the Subscription, everything works as expected."
FB01023,2025-05-01,App Review,Mobile App,5,0.99,,CSE003204,Support was helpful and resolved my issue quickly.
FB01024,2025-05-05,Retailer Review,Mobile App,5,0.46,,CSE002995,The Mobile App feels smooth and reliable now.
FB01025,2025-05-03,App Review,Setup & Onboarding,5,1.0,,CSE001658,The Setup & Onboarding feels smooth and reliable now.
FB01026,2025-05-15,Community,Camera Hardware,3,0.26,3.0,CSE003428,"Mixed experience, some things worked and some did not."
FB01027,2025-05-29,Social,Setup & Onboarding,3,-0.14,5.0,,The Setup & Onboarding is okay but could be better.
FB01028,2025-05-02,App Review,Mobile App,5,0.96,,CSE003695,"Very happy with the Mobile App, everything works as expected."
FB01029,2025-07-27,App Review,Setup & Onboarding,4,0.28,,,The Setup & Onboarding feels smooth and reliable now.
FB01030,2025-06-09,Social,Mobile App,5,1.0,5.0,,"Very happy with the Mobile App, everything works as expected."
FB01031,2025-07-17,Community,Mobile App,5,0.85,7.0,CSE001179,Support was helpful and resolved my issue quickly.
FB01032,2025-05-02,Retailer Review,Camera Hardware,4,0.31,,CSE001652,The Camera Hardware feels smooth and reliable now.
FB01033,2025-06-26,Social,Subscription,3,0.08,3.0,CSE002607,The Subscription is okay but could be better.
FB01034,2025-07-04,Social,Camera Hardware,4,0.62,9.0,CSE003188,"Very happy with the Camera Hardware, everything works as expected."
FB01035,2025-06-06,Retailer Review,Mobile App,4,0.88,,,The Mobile App feels smooth and reliable now.
FB01036,2025-06-21,Post-Contact Survey,Mobile App,3,0.24,7.0,CSE003165,The Mobile App is okay but could be better.
FB01037,2025-06-16,Social,Mobile App,3,-0.11,10.0,,The Mobile App is okay but could be better.
FB01038,2025-07-05,Retailer Review,Camera Hardware,4,0.8,,,"Very happy with the Camera Hardware, everything works as expected."
FB01039,2025-05-24,Retailer Review,Camera Hardware,4,0.35,,,"Very happy with the Camera Hardware, everything works as expected."
FB01040,2025-07-14,Retailer Review,Mobile App,4,0.42,,,Support was helpful and resolved my issue quickly.
FB01041,2025-07-01,Social,Mobile App,3,0.71,5.0,,"Mixed experience, some things worked and some did not."
FB01042,2025-07-22,Retailer Review,Setup & Onboarding,4,0.28,,CSE000257,"Very happy with the Setup & Onboarding, everything works as expected."
FB01043,2025-05-23,Community,Camera Hardware,2,-0.31,10.0,CSE001040,"Issue not fully resolved, experience was frustrating."
FB01044,2025-07-28,Community,Subscription,3,0.15,10.0,CSE001988,"Mixed experience, some things worked and some did not."
FB01045,2025-05-23,Post-Contact Survey,Mobile App,4,0.02,9.0,CSE000346,"Very happy with the Mobile App, everything works as expected."
FB01046,2025-06-22,Community,Subscription,3,0.11,10.0,CSE001572,"Mixed experience, some things worked and some did not."
FB01047,2025-07-16,Post-Contact Survey,Camera Hardware,3,0.07,3.0,CSE002259,"Mixed experience, some things worked and some did not."
FB01048,2025-05-04,App Review,Subscription,2,-0.55,,CSE003713,"Still having problems with the Subscription, not satisfied."
FB01049,2025-06-09,Community,Subscription,3,0.39,7.0,CSE001637,"Mixed experience, some things worked and some did not."
FB01050,2025-05-26,App Review,Setup & Onboarding,4,0.2,,CSE000289,"Very happy with the Setup & Onboarding, everything works as expected."
FB01051,2025-06-14,Community,Account & Billing,4,0.39,3.0,CSE001574,The Account & Billing feels smooth and reliable now.
FB01052,2025-06-29,Social,Subscription,2,-0.45,10.0,CSE002721,"Still having problems with the Subscription, not satisfied."
FB01053,2025-06-28,Retailer Review,Subscription,3,-0.23,,CSE002316,"Mixed experience, some things worked and some did not."
FB01054,2025-05-12,Social,Camera Hardware,4,1.0,10.0,CSE002727,The Camera Hardware feels smooth and reliable now.
FB01055,2025-06-18,Retailer Review,Subscription,5,0.69,,CSE002423,Support was helpful and resolved my issue quickly.
FB01056,2025-07-03,App Review,Setup & Onboarding,4,0.34,,,The Setup & Onboarding feels smooth and reliable now.
FB01057,2025-07-16,App Review,Camera Hardware,5,1.0,,CSE001415,"Very happy with the Camera Hardware, everything works as expected."
FB01058,2025-05-21,Retailer Review,Account & Billing,2,-0.62,,,"Still having problems with the Account & Billing, not satisfied."
FB01059,2025-07-29,Community,Camera Hardware,2,-0.83,5.0,,"Issue not fully resolved, experience was frustrating."
FB01060,2025-07-06,Community,Account & Billing,2,-0.69,5.0,CSE002099,"Still having problems with the Account & Billing, not satisfied."
FB01061,2025-06-10,App Review,Mobile App,5,0.6,,CSE000316,Support was helpful and resolved my issue quickly.
FB01062,2025-07-22,Social,Setup & Onboarding,3,0.67,10.0,CSE001783,The Setup & Onboarding is okay but could be better.
FB01063,2025-07-20,Post-Contact Survey,Camera Hardware,5,0.12,7.0,CSE002125,The Camera Hardware feels smooth and reliable now.
FB01064,2025-06-08,App Review,Mobile App,4,0.21,,CSE000165,The Mobile App feels smooth and reliable now.
FB01065,2025-05-17,Community,Mobile App,5,1.0,7.0,CSE003861,Support was helpful and resolved my issue quickly.
FB01066,2025-06-19,Community,Subscription,3,-0.22,7.0,CSE001103,"Mixed experience, some things worked and some did not."
FB01067,2025-06-25,Community,Mobile App,4,0.6,9.0,CSE003745,Support was helpful and resolved my issue quickly.
FB01068,2025-05-03,Retailer Review,Account & Billing,4,0.82,,CSE002654,"Very happy with the Account & Billing, everything works as expected."
FB01069,2025-05-18,App Review,Subscription,2,0.22,,,"Issue not fully resolved, experience was frustrating."
FB01070,2025-07-26,Post-Contact Survey,Setup & Onboarding,3,0.06,9.0,,"Mixed experience, some things worked and some did not."
FB01071,2025-07-31,Social,Mobile App,1,-0.85,5.0,,The Mobile App is confusing and should be improved.
FB01072,2025-07-10,App Review,Camera Hardware,4,0.78,,CSE000179,The Camera Hardware feels smooth and reliable now.
FB01073,2025-05-17,Social,Subscription,4,0.32,7.0,CSE002698,"Very happy with the Subscription, everything works as expected."
FB01074,2025-05-02,App Review,Setup & Onboarding,4,0.96,,,The Setup & Onboarding feels smooth and reliable now.
FB01075,2025-05-10,Retailer Review,Account & Billing,4,0.01,,CSE003600,The Account & Billing feels smooth and reliable now.
FB01076,2025-07-18,Social,Account & Billing,5,0.37,5.0,CSE003743,"Very happy with the Account & Billing, everything works as expected."
FB01077,2025-05-26,App Review,Account & Billing,5,1.0,,,The Account & Billing feels smooth and reliable now.
FB01078,2025-07-13,Retailer Review,Setup & Onboarding,3,0.07,,CSE003999,The Setup & Onboarding is okay but could be better.
FB01079,2025-05-07,Post-Contact Survey,Setup & Onboarding,4,0.87,5.0,,Support was helpful and resolved my issue quickly.
FB01080,2025-07-06,App Review,Camera Hardware,2,0.12,,CSE001762,The Camera Hardware is confusing and should be improved.
FB01081,2025-05-25,Community,Account & Billing,3,-0.2,3.0,,The Account & Billing is okay but could be better.
FB01082,2025-05-29,Social,Account & Billing,5,1.0,5.0,CSE001604,"Very happy with the Account & Billing, everything works as expected."
FB01083,2025-06-27,Retailer Review,Account & Billing,3,0.1,,CSE001210,The Account & Billing is okay but could be better.
FB01084,2025-05-05,Social,Setup & Onboarding,2,-0.27,9.0,CSE003943,"Still having problems with the Setup & Onboarding, not satisfied."
FB01085,2025-07-27,App Review,Setup & Onboarding,4,0.2,,CSE003547,Support was helpful and resolved my issue quickly.
FB01086,2025-05-09,Post-Contact Survey,Mobile App,5,0.18,9.0,,"Very happy with the Mobile App, everything works as expected."
FB01087,2025-05-18,Retailer Review,Account & Billing,4,1.0,,CSE002556,The Account & Billing feels smooth and reliable now.
FB01088,2025-06-13,Post-Contact Survey,Setup & Onboarding,3,0.11,10.0,CSE000998,The Setup & Onboarding is okay but could be better.
FB01089,2025-06-15,Post-Contact Survey,Account & Billing,4,0.44,3.0,,Support was helpful and resolved my issue quickly.
FB01090,2025-05-25,Post-Contact Survey,Account & Billing,1,-0.98,0.0,CSE002198,The Account & Billing is confusing and should be improved.
FB01091,2025-07-03,Community,Camera Hardware,1,-0.69,3.0,,"Still having problems with the Camera Hardware, not satisfied."
FB01092,2025-06-04,Community,Camera Hardware,5,0.56,7.0,,Support was helpful and resolved my issue quickly.
FB01093,2025-07-16,Post-Contact Survey,Mobile App,1,-0.35,7.0,CSE002834,"Still having problems with the Mobile App, not satisfied."
FB01094,2025-07-26,App Review,Setup & Onboarding,5,1.0,,,The Setup & Onboarding feels smooth and reliable now.
FB01095,2025-06-07,App Review,Subscription,3,-0.3,,CSE003286,The Subscription is okay but could be better.
FB01096,2025-06-15,Retailer Review,Mobile App,5,1.0,,CSE003706,"Very happy with the Mobile App, everything works as expected."
FB01097,2025-07-09,Social,Subscription,4,0.7,3.0,CSE001120,The Subscription feels smooth and reliable now.
FB01098,2025-05-22,App Review,Camera Hardware,4,0.93,,CSE003458,Support was helpful and resolved my issue quickly.
FB01099,2025-07-29,Post-Contact Survey,Subscription,3,0.04,7.0,CSE000085,The Subscription is okay but could be better.
FB01100,2025-07-19,App Review,Subscription,3,-0.47,,CSE000807,The Subscription is okay but could be better.
FB01101,2025-07-27,Community,Account & Billing,5,-0.06,7.0,,Support was helpful and resolved my issue quickly.
FB01102,2025-05-04,Post-Contact Survey,Camera Hardware,3,0.28,5.0,CSE002055,"Mixed experience, some things worked and some did not."
FB01103,2025-07-06,Community,Subscription,1,-1.0,7.0,,"Issue not fully resolved, experience was frustrating."
FB01104,2025-07-27,Retailer Review,Setup & Onboarding,3,0.26,,,"Mixed experience, some things worked and some did not."
FB01105,2025-05-04,Retailer Review,Camera Hardware,3,-0.3,,CSE003747,The Camera Hardware is okay but could be better.
FB01106,2025-07-29,Post-Contact Survey,Setup & Onboarding,3,0.47,7.0,,"Mixed experience, some things worked and some did not."
FB01107,2025-07-06,Retailer Review,Setup & Onboarding,5,1.0,,,Support was helpful and resolved my issue quickly.
FB01108,2025-07-11,Social,Mobile App,2,-0.41,5.0,,The Mobile App is confusing and should be improved.
FB01109,2025-05-14,Post-Contact Survey,Camera Hardware,2,-0.32,5.0,CSE002245,"Issue not fully resolved, experience was frustrating."
FB01110,2025-06-22,Social,Setup & Onboarding,4,0.65,0.0,,Support was helpful and resolved my issue quickly.
FB01111,2025-07-18,Community,Setup & Onboarding,3,-0.06,0.0,CSE003876,The Setup & Onboarding is okay but could be better.
FB01112,2025-07-25,Community,Mobile App,1,-1.0,3.0,,The Mobile App is confusing and should be improved.
FB01113,2025-07-12,App Review,Setup & Onboarding,2,0.09,,CSE000072,The Setup & Onboarding is confusing and should be improved.
FB01114,2025-07-06,Retailer Review,Mobile App,4,1.0,,CSE001356,The Mobile App feels smooth and reliable now.
FB01115,2025-06-11,Retailer Review,Account & Billing,3,0.62,,,The Account & Billing is okay but could be better.
FB01116,2025-05-28,App Review,Account & Billing,4,0.75,,,"Very happy with the Account & Billing, everything works as expected."
FB01117,2025-05-13,Social,Subscription,1,-1.0,9.0,CSE003231,"Still having problems with the Subscription, not satisfied."
FB01118,2025-07-08,App Review,Subscription,4,0.31,,,The Subscription feels smooth and reliable now.
FB01119,2025-05-15,Retailer Review,Setup & Onboarding,3,0.22,,CSE003342,"Mixed experience, some things worked and some did not."
FB01120,2025-05-28,App Review,Account & Billing,5,1.0,,,The Account & Billing feels smooth and reliable now.
FB01121,2025-06-14,Community,Subscription,3,-0.12,3.0,,The Subscription is okay but could be better.
FB01122,2025-07-19,Post-Contact Survey,Setup & Onboarding,4,0.4,7.0,CSE000651,"Very happy with the Setup & Onboarding, everything works as expected."
FB01123,2025-05-30,Community,Setup & Onboarding,5,0.54,7.0,CSE000926,"Very happy with the Setup & Onboarding, everything works as expected."
FB01124,2025-06-20,Retailer Review,Subscription,2,-0.59,,CSE000936,"Issue not fully resolved, experience was frustrating."
FB01125,2025-05-19,Retailer Review,Subscription,2,-0.93,,CSE001244,"Still having problems with the Subscription, not satisfied."
FB01126,2025-07-21,Community,Camera Hardware,4,-0.34,5.0,,Support was helpful and resolved my issue quickly.
FB01127,2025-05-05,Retailer Review,Mobile App,3,-0.18,,CSE000559,"Mixed experience, some things worked and some did not."
FB01128,2025-05-15,Community,Subscription,4,0.45,5.0,,"Very happy with the Subscription, everything works as expected."
FB01129,2025-05-16,Retailer Review,Mobile App,5,0.58,,CSE002412,"Very happy with the Mobile App, everything works as expected."
FB01130,2025-06-20,Community,Mobile App,1,-1.0,10.0,CSE002698,"Issue not fully resolved, experience was frustrating."
FB01131,2025-05-02,App Review,Camera Hardware,5,0.76,,,The Camera Hardware feels smooth and reliable now.
FB01132,2025-05-09,App Review,Mobile App,4,0.62,,CSE003680,The Mobile App feels smooth and reliable now.
FB01133,2025-06-02,App Review,Setup & Onboarding,5,0.4,,,The Setup & Onboarding feels smooth and reliable now.
FB01134,2025-05-13,Post-Contact Survey,Subscription,1,-0.17,5.0,,The Subscription is confusing and should be improved.
FB01135,2025-07-08,Social,Subscription,2,-0.85,3.0,,"Still having problems with the Subscription, not satisfied."
FB01136,2025-06-03,Retailer Review,Account & Billing,4,0.59,,,"Very happy with the Account & Billing, everything works as expected."
FB01137,2025-06-01,Social,Subscription,4,0.05,3.0,,The Subscription feels smooth and reliable now.
FB01138,2025-07-21,Community,Mobile App,4,0.38,0.0,CSE000521,"Very happy with the Mobile App, everything works as expected."
FB01139,2025-05-01,Community,Mobile App,5,0.62,5.0,CSE000169,The Mobile App feels smooth and reliable now.
FB01140,2025-06-18,Social,Setup & Onboarding,4,1.0,3.0,CSE000902,The Setup & Onboarding feels smooth and reliable now.
FB01141,2025-06-12,Retailer Review,Account & Billing,3,-0.25,,CSE001297,"Mixed experience, some things worked and some did not."
FB01142,2025-05-15,Post-Contact Survey,Account & Billing,3,0.82,7.0,CSE002659,"Mixed experience, some things worked and some did not."
FB01143,2025-06-05,Retailer Review,Setup & Onboarding,3,0.47,,,The Setup & Onboarding is okay but could be better.
FB01144,2025-07-14,Retailer Review,Account & Billing,3,-0.93,,CSE002008,"Mixed experience, some things worked and some did not."
FB01145,2025-07-20,Social,Camera Hardware,5,0.93,9.0,CSE002412,Support was helpful and resolved my issue quickly.
FB01146,2025-07-27,Social,Mobile App,2,-1.0,3.0,CSE002263,"Issue not fully resolved, experience was frustrating."
FB01147,2025-05-09,App Review,Mobile App,4,0.52,,CSE001539,"Very happy with the Mobile App, everything works as expected."
FB01148,2025-07-08,Community,Camera Hardware,4,0.09,7.0,,The Camera Hardware feels smooth and reliable now.
FB01149,2025-06-29,Social,Camera Hardware,3,-0.1,3.0,CSE003492,The Camera Hardware is okay but could be better.
FB01150,2025-06-28,Post-Contact Survey,Setup & Onboarding,4,0.95,7.0,,Support was helpful and resolved my issue quickly.
FB01151,2025-05-19,Post-Contact Survey,Setup & Onboarding,5,1.0,7.0,CSE001072,The Setup & Onboarding feels smooth and reliable now.
FB01152,2025-06-16,Post-Contact Survey,Mobile App,3,-0.04,0.0,CSE003119,The Mobile App is okay but could be better.
FB01153,2025-06-01,Social,Subscription,5,1.0,10.0,,Support was helpful and resolved my issue quickly.
FB01154,2025-06-11,Retailer Review,Setup & Onboarding,2,-0.81,,CSE001340,"Issue not fully resolved, experience was frustrating."
FB01155,2025-07-24,Post-Contact Survey,Mobile App,5,0.88,7.0,CSE001411,Support was helpful and resolved my issue quickly.
FB01156,2025-07-14,App Review,Mobile App,3,0.03,,,"Mixed experience, some things worked and some did not."
FB01157,2025-06-27,Post-Contact Survey,Mobile App,3,0.32,0.0,CSE003164,The Mobile App is okay but could be better.
FB01158,2025-06-21,Social,Subscription,2,0.29,3.0,,"Issue not fully resolved, experience was frustrating."
FB01159,2025-05-25,Post-Contact Survey,Mobile App,2,0.3,3.0,,The Mobile App is confusing and should be improved.
FB01160,2025-06-14,Post-Contact Survey,Subscription,3,-0.2,3.0,,"Mixed experience, some things worked and some did not."
FB01161,2025-07-21,Retailer Review,Mobile App,4,0.84,,CSE000834,Support was helpful and resolved my issue quickly.
FB01162,2025-05-31,App Review,Subscription,2,-0.22,,,"Still having problems with the Subscription, not satisfied."
FB01163,2025-05-29,Community,Subscription,4,0.08,10.0,CSE000499,The Subscription feels smooth and reliable now.
FB01164,2025-06-26,Social,Account & Billing,5,1.0,7.0,,The Account & Billing feels smooth and reliable now.
FB01165,2025-05-14,App Review,Camera Hardware,4,0.48,,,"Very happy with the Camera Hardware, everything works as expected."
FB01166,2025-06-13,Community,Account & Billing,5,1.0,10.0,CSE000986,"Very happy with the Account & Billing, everything works as expected."
FB01167,2025-07-18,Community,Setup & Onboarding,3,-0.37,7.0,CSE001665,The Setup & Onboarding is okay but could be better.
FB01168,2025-06-06,Community,Camera Hardware,4,0.65,3.0,,The Camera Hardware feels smooth and reliable now.
FB01169,2025-06-30,Post-Contact Survey,Setup & Onboarding,2,0.25,5.0,CSE000814,"Still having problems with the Setup & Onboarding, not satisfied."
FB01170,2025-05-24,Retailer Review,Mobile App,2,-1.0,,CSE000785,"Still having problems with the Mobile App, not satisfied."
FB01171,2025-07-24,App Review,Mobile App,5,0.68,,CSE002474,"Very happy with the Mobile App, everything works as expected."
FB01172,2025-05-30,Social,Camera Hardware,3,-0.52,5.0,CSE002130,"Mixed experience, some things worked and some did not."
FB01173,2025-05-29,Social,Subscription,4,0.33,9.0,,The Subscription feels smooth and reliable now.
FB01174,2025-07-17,Community,Mobile App,4,0.29,7.0,,The Mobile App feels smooth and reliable now.
FB01175,2025-05-26,Post-Contact Survey,Camera Hardware,2,-0.79,9.0,,The Camera Hardware is confusing and should be improved.
FB01176,2025-06-17,App Review,Mobile App,5,0.73,,,"Very happy with the Mobile App, everything works as expected."
FB01177,2025-06-11,Post-Contact Survey,Account & Billing,5,1.0,5.0,CSE003150,"Very happy with the Account & Billing, everything works as expected."
FB01178,2025-06-05,App Review,Setup & Onboarding,4,0.12,,,"Very happy with the Setup & Onboarding, everything works as expected."
FB01179,2025-05-15,App Review,Camera Hardware,3,0.59,,,"Mixed experience, some things worked and some did not."
FB01180,2025-07-24,Post-Contact Survey,Setup & Onboarding,2,-0.66,10.0,CSE002794,"Still having problems with the Setup & Onboarding, not satisfied."
FB01181,2025-05-26,Social,Account & Billing,3,0.01,10.0,,The Account & Billing is okay but could be better.
FB01182,2025-07-02,Community,Subscription,3,0.61,5.0,CSE001933,The Subscription is okay but could be better.
FB01183,2025-05-11,Post-Contact Survey,Mobile App,2,-0.93,3.0,,The Mobile App is confusing and should be improved.
FB01184,2025-06-22,Social,Account & Billing,4,0.72,5.0,CSE001348,The Account & Billing feels smooth and reliable now.
FB01185,2025-06-29,Social,Account & Billing,2,-0.85,10.0,,The Account & Billing is confusing and should be improved.
FB01186,2025-07-29,Retailer Review,Subscription,5,0.71,,,Support was helpful and resolved my issue quickly.
FB01187,2025-06-02,Social,Setup & Onboarding,5,0.98,10.0,,"Very happy with the Setup & Onboarding, everything works as expected."
FB01188,2025-06-02,App Review,Camera Hardware,5,0.69,,,Support was helpful and resolved my issue quickly.
FB01189,2025-07-24,App Review,Setup & Onboarding,4,0.67,,CSE002546,The Setup & Onboarding feels smooth and reliable now.
FB01190,2025-05-22,App Review,Setup & Onboarding,2,-1.0,,CSE003528,"Still having problems with the Setup & Onboarding, not satisfied."
FB01191,2025-05-29,Community,Account & Billing,4,0.72,10.0,CSE003603,"Very happy with the Account & Billing, everything works as expected."
FB01192,2025-06-27,Post-Contact Survey,Mobile App,3,0.14,5.0,,"Mixed experience, some things worked and some did not."
FB01193,2025-06-20,Post-Contact Survey,Camera Hardware,5,0.95,7.0,CSE002119,The Camera Hardware feels smooth and reliable now.
FB01194,2025-05-05,Post-Contact Survey,Mobile App,3,-0.47,9.0,CSE002774,The Mobile App is okay but could be better.
FB01195,2025-06-20,Community,Subscription,4,0.61,9.0,CSE001317,Support was helpful and resolved my issue quickly.
FB01196,2025-06-26,Community,Subscription,3,-0.06,10.0,,The Subscription is okay but could be better.
FB01197,2025-06-11,App Review,Mobile App,4,0.46,,CSE003323,"Very happy with the Mobile App, everything works as expected."
FB01198,2025-06-15,Social,Camera Hardware,4,1.0,10.0,CSE001210,The Camera Hardware feels smooth and reliable now.
FB01199,2025-07-02,Retailer Review,Subscription,4,0.34,,,The Subscription feels smooth and reliable now.
FB01200,2025-05-07,Community,Account & Billing,1,-1.0,3.0,,"Issue not fully resolved, experience was frustrating."
FB01201,2025-07-11,Post-Contact Survey,Subscription,5,1.0,0.0,CSE000585,Support was helpful and resolved my issue quickly.
FB01202,2025-07-10,App Review,Mobile App,1,-0.69,,CSE002579,The Mobile App is confusing and should be improved.
FB01203,2025-07-04,Community,Setup & Onboarding,2,-0.5,7.0,CSE000771,The Setup & Onboarding is confusing and should be improved.
FB01204,2025-07-03,Social,Account & Billing,5,0.99,5.0,CSE000637,The Account & Billing feels smooth and reliable now.
FB01205,2025-05-27,Community,Camera Hardware,3,0.08,5.0,CSE002346,"Mixed experience, some things worked and some did not."
FB01206,2025-07-09,Post-Contact Survey,Setup & Onboarding,3,0.15,5.0,CSE000867,The Setup & Onboarding is okay but could be better.
FB01207,2025-06-17,Social,Account & Billing,5,1.0,5.0,,"Very happy with the Account & Billing, everything works as expected."
FB01208,2025-07-12,App Review,Mobile App,2,-0.95,,CSE003478,The Mobile App is confusing and should be improved.
FB01209,2025-06-15,Post-Contact Survey,Setup & Onboarding,2,-0.46,5.0,CSE000736,"Still having problems with the Setup & Onboarding, not satisfied."
FB01210,2025-06-05,Retailer Review,Subscription,5,1.0,,CSE001926,The Subscription feels smooth and reliable now.
FB01211,2025-07-07,App Review,Camera Hardware,1,-1.0,,CSE001502,The Camera Hardware is confusing and should be improved.
FB01212,2025-07-24,Post-Contact Survey,Mobile App,2,-0.51,10.0,,"Still having problems with the Mobile App, not satisfied."
FB01213,2025-05-11,Community,Setup & Onboarding,5,1.0,5.0,CSE002132,"Very happy with the Setup & Onboarding, everything works as expected."
FB01214,2025-06-04,Community,Camera Hardware,3,0.18,0.0,CSE002911,The Camera Hardware is okay but could be better.
FB01215,2025-05-31,Community,Setup & Onboarding,5,0.8,10.0,CSE001066,The Setup & Onboarding feels smooth and reliable now.
FB01216,2025-07-01,Retailer Review,Setup & Onboarding,5,1.0,,CSE002879,The Setup & Onboarding feels smooth and reliable now.
FB01217,2025-05-26,App Review,Setup & Onboarding,2,0.12,,,"Still having problems with the Setup & Onboarding, not satisfied."
FB01218,2025-06-18,Social,Setup & Onboarding,3,0.01,7.0,CSE000500,The Setup & Onboarding is okay but could be better.
FB01219,2025-05-08,Post-Contact Survey,Camera Hardware,2,-0.26,5.0,,The Camera Hardware is confusing and should be improved.
FB01220,2025-06-17,Retailer Review,Setup & Onboarding,2,-0.52,,,"Still having problems with the Setup & Onboarding, not satisfied."
FB01221,2025-05-20,Retailer Review,Mobile App,4,-0.35,,CSE000588,The Mobile App feels smooth and reliable now.
FB01222,2025-06-04,Retailer Review,Mobile App,4,0.96,,,"Very happy with the Mobile App, everything works as expected."
FB01223,2025-07-16,Post-Contact Survey,Account & Billing,5,0.7,7.0,,"Very happy with the Account & Billing, everything works as expected."
FB01224,2025-05-14,Community,Account & Billing,5,0.14,9.0,,The Account & Billing feels smooth and reliable now.
FB01225,2025-07-18,Retailer Review,Mobile App,3,0.83,,,The Mobile App is okay but could be better.
FB01226,2025-07-24,Social,Account & Billing,2,-1.0,5.0,CSE000392,"Issue not fully resolved, experience was frustrating."
FB01227,2025-07-10,Community,Subscription,4,0.39,5.0,,The Subscription feels smooth and reliable now.
FB01228,2025-05-21,Post-Contact Survey,Subscription,3,-0.02,9.0,,"Mixed experience, some things worked and some did not."
FB01229,2025-07-29,Post-Contact Survey,Setup & Onboarding,4,0.61,3.0,,The Setup & Onboarding feels smooth and reliable now.
FB01230,2025-07-14,Community,Subscription,5,1.0,9.0,CSE003390,Support was helpful and resolved my issue quickly.
FB01231,2025-07-03,Retailer Review,Camera Hardware,5,1.0,,CSE001364,Support was helpful and resolved my issue quickly.
FB01232,2025-07-22,Community,Setup & Onboarding,3,-0.22,7.0,,"Mixed experience, some things worked and some did not."
FB01233,2025-07-15,Retailer Review,Account & Billing,3,0.75,,,"Mixed experience, some things worked and some did not."
FB01234,2025-07-11,App Review,Subscription,3,0.56,,,The Subscription is okay but could be better.
FB01235,2025-05-15,Retailer Review,Account & Billing,3,0.35,,,The Account & Billing is okay but could be better.
FB01236,2025-07-27,App Review,Mobile App,4,-0.03,,CSE002142,"Very happy with the Mobile App, everything works as expected."
FB01237,2025-06-04,Community,Setup & Onboarding,5,1.0,0.0,CSE003990,"Very happy with the Setup & Onboarding, everything works as expected."
FB01238,2025-05-31,App Review,Subscription,2,-0.75,,,"Issue not fully resolved, experience was frustrating."
FB01239,2025-07-09,App Review,Mobile App,3,0.8,,CSE002244,The Mobile App is okay but could be better.
FB01240,2025-06-06,Retailer Review,Mobile App,3,-0.51,,,"Mixed experience, some things worked and some did not."
FB01241,2025-07-14,Social,Setup & Onboarding,4,0.28,0.0,,Support was helpful and resolved my issue quickly.
FB01242,2025-07-22,App Review,Camera Hardware,5,0.97,,CSE002659,The Camera Hardware feels smooth and reliable now.
FB01243,2025-05-01,Post-Contact Survey,Subscription,4,0.66,3.0,CSE003281,The Subscription feels smooth and reliable now.
FB01244,2025-06-12,Social,Camera Hardware,5,0.39,9.0,CSE003175,Support was helpful and resolved my issue quickly.
FB01245,2025-06-19,Post-Contact Survey,Subscription,4,-0.17,9.0,CSE000594,Support was helpful and resolved my issue quickly.
FB01246,2025-06-20,App Review,Subscription,5,1.0,,CSE003957,The Subscription feels smooth and reliable now.
FB01247,2025-06-10,App Review,Mobile App,3,0.08,,CSE002587,"Mixed experience, some things worked and some did not."
FB01248,2025-07-11,Social,Account & Billing,2,0.17,0.0,CSE003162,"Issue not fully resolved, experience was frustrating."
FB01249,2025-06-23,App Review,Setup & Onboarding,5,0.88,,CSE003453,The Setup & Onboarding feels smooth and reliable now.
FB01250,2025-05-12,App Review,Camera Hardware,5,1.0,,,"Very happy with the Camera Hardware, everything works as expected."
FB01251,2025-05-27,Social,Subscription,4,0.6,10.0,CSE000031,Support was helpful and resolved my issue quickly.
FB01252,2025-07-25,Community,Mobile App,4,0.03,5.0,CSE001577,The Mobile App feels smooth and reliable now.
FB01253,2025-07-21,App Review,Subscription,3,0.08,,CSE001986,"Mixed experience, some things worked and some did not."
FB01254,2025-07-24,Community,Mobile App,5,0.93,9.0,CSE001656,"Very happy with the Mobile App, everything works as expected."
FB01255,2025-07-21,App Review,Mobile App,3,-0.19,,,"Mixed experience, some things worked and some did not."
FB01256,2025-07-29,Social,Setup & Onboarding,5,1.0,10.0,,"Very happy with the Setup & Onboarding, everything works as expected."
FB01257,2025-07-04,Retailer Review,Mobile App,2,-0.24,,,"Still having problems with the Mobile App, not satisfied."
FB01258,2025-07-14,Community,Mobile App,3,-0.26,9.0,CSE002903,The Mobile App is okay but could be better.
FB01259,2025-06-13,App Review,Camera Hardware,4,0.6,,,Support was helpful and resolved my issue quickly.
FB01260,2025-06-20,Social,Mobile App,1,-1.0,7.0,CSE002548,The Mobile App is confusing and should be improved.
FB01261,2025-05-09,App Review,Account & Billing,2,-0.58,,,"Issue not fully resolved, experience was frustrating."
FB01262,2025-06-03,Community,Camera Hardware,4,0.45,10.0,CSE003815,"Very happy with the Camera Hardware, everything works as expected."
FB01263,2025-07-08,Post-Contact Survey,Camera Hardware,2,-0.99,10.0,,"Still having problems with the Camera Hardware, not satisfied."
FB01264,2025-06-07,Post-Contact Survey,Account & Billing,4,0.47,3.0,CSE003118,The Account & Billing feels smooth and reliable now.
FB01265,2025-06-04,Retailer Review,Mobile App,5,0.78,,,Support was helpful and resolved my issue quickly.
FB01266,2025-05-14,App Review,Subscription,2,-0.96,,CSE003432,"Issue not fully resolved, experience was frustrating."
FB01267,2025-06-18,Post-Contact Survey,Subscription,4,0.64,10.0,CSE001788,Support was helpful and resolved my issue quickly.
FB01268,2025-07-09,App Review,Camera Hardware,5,1.0,,CSE000433,"Very happy with the Camera Hardware, everything works as expected."
FB01269,2025-07-27,Post-Contact Survey,Mobile App,3,-0.04,0.0,CSE001855,The Mobile App is okay but could be better.
FB01270,2025-05-13,Community,Account & Billing,4,0.38,0.0,CSE003890,The Account & Billing feels smooth and reliable now.
FB01271,2025-05-27,Retailer Review,Account & Billing,2,-0.29,,,"Issue not fully resolved, experience was frustrating."
FB01272,2025-06-15,Social,Account & Billing,4,0.82,7.0,,"Very happy with the Account & Billing, everything works as expected."
FB01273,2025-05-18,Community,Mobile App,5,0.22,9.0,CSE002953,"Very happy with the Mobile App, everything works as expected."
FB01274,2025-07-31,Community,Subscription,4,0.86,9.0,CSE002767,Support was helpful and resolved my issue quickly.
FB01275,2025-07-01,Post-Contact Survey,Camera Hardware,5,1.0,0.0,,Support was helpful and resolved my issue quickly.
FB01276,2025-05-17,App Review,Setup & Onboarding,4,0.53,,CSE000510,The Setup & Onboarding feels smooth and reliable now.
FB01277,2025-06-11,Retailer Review,Subscription,4,0.89,,,Support was helpful and resolved my issue quickly.
FB01278,2025-07-10,Post-Contact Survey,Mobile App,5,0.99,7.0,CSE000592,"Very happy with the Mobile App, everything works as expected."
FB01279,2025-07-08,Community,Mobile App,1,-0.85,9.0,CSE003085,"Issue not fully resolved, experience was frustrating."
FB01280,2025-05-16,Retailer Review,Camera Hardware,3,-0.35,,CSE000813,The Camera Hardware is okay but could be better.
FB01281,2025-05-18,Retailer Review,Camera Hardware,3,0.04,,CSE002743,"Mixed experience, some things worked and some did not."
FB01282,2025-05-19,Community,Account & Billing,5,1.0,7.0,CSE000702,Support was helpful and resolved my issue quickly.
FB01283,2025-06-01,Post-Contact Survey,Subscription,1,-0.84,7.0,CSE000423,"Still having problems with the Subscription, not satisfied."
FB01284,2025-07-15,Retailer Review,Camera Hardware,5,0.86,,CSE002969,"Very happy with the Camera Hardware, everything works as expected."
FB01285,2025-05-23,Social,Account & Billing,4,0.84,7.0,CSE000472,The Account & Billing feels smooth and reliable now.
FB01286,2025-06-15,Social,Camera Hardware,4,0.53,5.0,,"Very happy with the Camera Hardware, everything works as expected."
FB01287,2025-07-17,Retailer Review,Mobile App,2,-0.67,,CSE002526,"Issue not fully resolved, experience was frustrating."
FB01288,2025-05-27,Social,Camera Hardware,5,0.54,9.0,,"Very happy with the Camera Hardware, everything works as expected."
FB01289,2025-05-28,Post-Contact Survey,Account & Billing,5,0.39,5.0,,"Very happy with the Account & Billing, everything works as expected."
FB01290,2025-07-02,Post-Contact Survey,Mobile App,3,-0.13,7.0,,"Mixed experience, some things worked and some did not."
FB01291,2025-05-25,App Review,Subscription,5,0.72,,CSE001906,Support was helpful and resolved my issue quickly.
FB01292,2025-07-27,App Review,Mobile App,1,0.06,,,The Mobile App is confusing and should be improved.
FB01293,2025-06-29,Community,Subscription,5,0.2,5.0,CSE002887,The Subscription feels smooth and reliable now.
FB01294,2025-06-28,Social,Mobile App,2,-1.0,7.0,CSE001551,"Still having problems with the Mobile App, not satisfied."
FB01295,2025-07-21,Social,Setup & Onboarding,5,0.87,5.0,,"Very happy with the Setup & Onboarding, everything works as expected."
FB01296,2025-05-07,Retailer Review,Subscription,3,0.28,,CSE002582,"Mixed experience, some things worked and some did not."
FB01297,2025-05-06,Retailer Review,Camera Hardware,5,1.0,,CSE002963,Support was helpful and resolved my issue quickly.
FB01298,2025-05-10,App Review,Setup & Onboarding,3,-0.24,,CSE002643,"Mixed experience, some things worked and some did not."
FB01299,2025-07-18,Retailer Review,Setup & Onboarding,2,-0.48,,CSE002621,"Still having problems with the Setup & Onboarding, not satisfied."
FB01300,2025-07-16,Social,Account & Billing,5,0.84,7.0,CSE003976,The Account & Billing feels smooth and reliable now.
FB01301,2025-05-12,Community,Camera Hardware,1,-1.0,9.0,CSE001421,The Camera Hardware is confusing and should be improved.
FB01302,2025-05-10,Social,Mobile App,4,0.88,3.0,CSE002576,The Mobile App feels smooth and reliable now.
FB01303,2025-07-19,Community,Setup & Onboarding,2,-0.5,7.0,CSE003050,The Setup & Onboarding is confusing and should be improved.
FB01304,2025-07-07,Community,Account & Billing,5,1.0,5.0,,Support was helpful and resolved my issue quickly.
FB01305,2025-05-06,Post-Contact Survey,Camera Hardware,3,-0.34,3.0,CSE000671,The Camera Hardware is okay but could be better.
FB01306,2025-06-17,Retailer Review,Account & Billing,4,0.45,,,Support was helpful and resolved my issue quickly.
FB01307,2025-07-06,Social,Setup & Onboarding,4,1.0,5.0,CSE000096,Support was helpful and resolved my issue quickly.
FB01308,2025-05-26,Retailer Review,Camera Hardware,4,0.88,,CSE003230,The Camera Hardware feels smooth and reliable now.
FB01309,2025-06-04,Community,Subscription,3,-0.06,0.0,CSE001013,The Subscription is okay but could be better.
FB01310,2025-05-13,App Review,Subscription,3,-0.0,,,"Mixed experience, some things worked and some did not."
FB01311,2025-06-18,Retailer Review,Setup & Onboarding,5,0.76,,,"Very happy with the Setup & Onboarding, everything works as expected."
FB01312,2025-05-25,Social,Account & Billing,2,-0.55,3.0,CSE001593,The Account & Billing is confusing and should be improved.
FB01313,2025-05-18,Community,Setup & Onboarding,3,0.63,3.0,,The Setup & Onboarding is okay but could be better.
FB01314,2025-07-08,Community,Camera Hardware,4,0.3,5.0,CSE001696,Support was helpful and resolved my issue quickly.
FB01315,2025-05-02,Social,Account & Billing,3,-0.21,7.0,,"Mixed experience, some things worked and some did not."
FB01316,2025-05-17,Post-Contact Survey,Setup & Onboarding,4,0.48,7.0,CSE000809,The Setup & Onboarding feels smooth and reliable now.
FB01317,2025-05-13,Post-Contact Survey,Mobile App,5,1.0,7.0,CSE002009,"Very happy with the Mobile App, everything works as expected."
FB01318,2025-07-05,Social,Account & Billing,4,0.92,10.0,,The Account & Billing feels smooth and reliable now.
FB01319,2025-07-18,Social,Mobile App,5,1.0,9.0,CSE002752,The Mobile App feels smooth and reliable now.
FB01320,2025-06-26,Community,Setup & Onboarding,5,1.0,0.0,CSE001143,"Very happy with the Setup & Onboarding, everything works as expected."
FB01321,2025-05-21,Post-Contact Survey,Camera Hardware,1,-0.7,10.0,CSE000094,The Camera Hardware is confusing and should be improved.
FB01322,2025-07-04,Post-Contact Survey,Account & Billing,4,0.13,7.0,CSE003047,Support was helpful and resolved my issue quickly.
FB01323,2025-05-05,App Review,Camera Hardware,5,0.73,,,"Very happy with the Camera Hardware, everything works as expected."
FB01324,2025-06-01,Retailer Review,Mobile App,3,0.07,,CSE001209,"Mixed experience, some things worked and some did not."
FB01325,2025-06-21,Retailer Review,Account & Billing,3,0.1,,CSE002105,"Mixed experience, some things worked and some did not."
FB01326,2025-05-23,Post-Contact Survey,Setup & Onboarding,3,0.01,7.0,CSE000160,The Setup & Onboarding is okay but could be better.
FB01327,2025-06-01,Retailer Review,Subscription,3,-0.06,,CSE002636,"Mixed experience, some things worked and some did not."
FB01328,2025-07-04,Post-Contact Survey,Subscription,5,0.34,3.0,CSE002642,The Subscription feels smooth and reliable now.
FB01329,2025-05-20,Social,Account & Billing,3,0.09,5.0,,The Account & Billing is okay but could be better.
FB01330,2025-05-14,Social,Mobile App,1,-1.0,9.0,CSE003981,"Issue not fully resolved, experience was frustrating."
FB01331,2025-07-27,Community,Camera Hardware,2,-0.46,3.0,CSE002572,"Issue not fully resolved, experience was frustrating."
FB01332,2025-05-19,Social,Camera Hardware,4,0.05,3.0,,The Camera Hardware feels smooth and reliable now.
FB01333,2025-05-27,Post-Contact Survey,Mobile App,4,0.06,10.0,CSE001635,The Mobile App feels smooth and reliable now.
FB01334,2025-05-19,Social,Camera Hardware,2,-0.2,10.0,,"Issue not fully resolved, experience was frustrating."
FB01335,2025-06-07,Social,Subscription,5,0.51,3.0,,The Subscription feels smooth and reliable now.
FB01336,2025-06-21,Community,Account & Billing,4,1.0,7.0,,Support was helpful and resolved my issue quickly.
FB01337,2025-06-30,Post-Contact Survey,Camera Hardware,3,-0.11,9.0,CSE001515,"Mixed experience, some things worked and some did not."
FB01338,2025-06-12,Community,Mobile App,5,1.0,9.0,CSE003742,The Mobile App feels smooth and reliable now.
FB01339,2025-07-17,Retailer Review,Mobile App,3,0.46,,,The Mobile App is okay but could be better.
FB01340,2025-07-19,Social,Subscription,4,0.3,10.0,CSE001739,Support was helpful and resolved my issue quickly.
FB01341,2025-07-16,Post-Contact Survey,Account & Billing,2,-0.21,9.0,,"Issue not fully resolved, experience was frustrating."
FB01342,2025-05-02,App Review,Setup & Onboarding,3,-0.12,,CSE000929,"Mixed experience, some things worked and some did not."
FB01343,2025-05-20,Retailer Review,Camera Hardware,4,0.72,,CSE000099,The Camera Hardware feels smooth and reliable now.
FB01344,2025-06-21,Community,Camera Hardware,3,-0.11,7.0,CSE000750,"Mixed experience, some things worked and some did not."
FB01345,2025-05-05,App Review,Account & Billing,4,-0.21,,,"Very happy with the Account & Billing, everything works as expected."
FB01346,2025-05-27,Retailer Review,Account & Billing,5,0.29,,CSE002474,"Very happy with the Account & Billing, everything works as expected."
FB01347,2025-06-16,Post-Contact Survey,Setup & Onboarding,3,0.09,9.0,CSE000734,The Setup & Onboarding is okay but could be better.
FB01348,2025-05-23,App Review,Camera Hardware,5,0.93,,,The Camera Hardware feels smooth and reliable now.
FB01349,2025-06-17,Social,Mobile App,4,0.08,10.0,CSE001768,"Very happy with the Mobile App, everything works as expected."
FB01350,2025-07-24,App Review,Subscription,5,0.44,,CSE001804,Support was helpful and resolved my issue quickly.
FB01351,2025-07-29,App Review,Camera Hardware,4,0.99,,,"Very happy with the Camera Hardware, everything works as expected."
FB01352,2025-06-13,Community,Account & Billing,5,1.0,5.0,CSE000647,"Very happy with the Account & Billing, everything works as expected."
FB01353,2025-06-12,Community,Subscription,5,0.67,7.0,,Support was helpful and resolved my issue quickly.
FB01354,2025-05-20,Post-Contact Survey,Account & Billing,4,0.98,10.0,,Support was helpful and resolved my issue quickly.
FB01355,2025-05-10,Retailer Review,Camera Hardware,5,0.62,,,Support was helpful and resolved my issue quickly.
FB01356,2025-07-13,Post-Contact Survey,Setup & Onboarding,3,-0.78,0.0,CSE000133,"Mixed experience, some things worked and some did not."
FB01357,2025-05-14,Community,Setup & Onboarding,4,0.13,5.0,CSE001890,"Very happy with the Setup & Onboarding, everything works as expected."
FB01358,2025-07-27,Retailer Review,Setup & Onboarding,4,0.61,,CSE002666,The Setup & Onboarding feels smooth and reliable now.
FB01359,2025-06-14,Post-Contact Survey,Setup & Onboarding,3,0.19,10.0,,The Setup & Onboarding is okay but could be better.
FB01360,2025-06-25,Social,Mobile App,5,0.74,5.0,,Support was helpful and resolved my issue quickly.
FB01361,2025-06-25,Community,Account & Billing,1,-0.54,7.0,,The Account & Billing is confusing and should be improved.
FB01362,2025-07-02,Retailer Review,Account & Billing,2,-1.0,,,"Issue not fully resolved, experience was frustrating."
FB01363,2025-06-30,Post-Contact Survey,Setup & Onboarding,4,-0.2,0.0,,Support was helpful and resolved my issue quickly.
FB01364,2025-07-10,Social,Camera Hardware,2,-1.0,9.0,CSE003255,"Still having problems with the Camera Hardware, not satisfied."
FB01365,2025-06-01,Community,Account & Billing,3,-0.02,7.0,CSE001207,"Mixed experience, some things worked and some did not."
FB01366,2025-07-03,App Review,Mobile App,4,0.08,,CSE000136,The Mobile App feels smooth and reliable now.
FB01367,2025-05-24,App Review,Account & Billing,5,0.25,,CSE003584,The Account & Billing feels smooth and reliable now.
FB01368,2025-05-24,Retailer Review,Setup & Onboarding,4,0.73,,,Support was helpful and resolved my issue quickly.
FB01369,2025-06-13,Social,Setup & Onboarding,5,1.0,9.0,,The Setup & Onboarding feels smooth and reliable now.
FB01370,2025-05-21,Post-Contact Survey,Account & Billing,2,-0.24,7.0,CSE003882,The Account & Billing is confusing and should be improved.
FB01371,2025-07-29,Social,Account & Billing,5,0.65,5.0,CSE003259,"Very happy with the Account & Billing, everything works as expected."
FB01372,2025-06-29,Retailer Review,Setup & Onboarding,5,1.0,,CSE000268,The Setup & Onboarding feels smooth and reliable now.
FB01373,2025-06-14,App Review,Mobile App,1,-1.0,,,"Still having problems with the Mobile App, not satisfied."
FB01374,2025-05-11,Social,Camera Hardware,5,0.74,5.0,CSE000411,Support was helpful and resolved my issue quickly.
FB01375,2025-06-17,Post-Contact Survey,Camera Hardware,5,1.0,7.0,CSE000472,Support was helpful and resolved my issue quickly.
FB01376,2025-05-14,Social,Camera Hardware,2,-0.67,9.0,,"Issue not fully resolved, experience was frustrating."
FB01377,2025-06-08,App Review,Camera Hardware,5,0.98,,,The Camera Hardware feels smooth and reliable now.
FB01378,2025-06-03,App Review,Mobile App,2,-0.35,,,The Mobile App is confusing and should be improved.
FB01379,2025-06-25,App Review,Mobile App,2,-0.4,,CSE003503,"Issue not fully resolved, experience was frustrating."
FB01380,2025-05-03,Community,Subscription,5,1.0,7.0,,Support was helpful and resolved my issue quickly.
FB01381,2025-05-12,Social,Subscription,3,-0.14,5.0,CSE000331,The Subscription is okay but could be better.
FB01382,2025-05-15,Community,Account & Billing,1,-1.0,5.0,,The Account & Billing is confusing and should be improved.
FB01383,2025-07-05,Retailer Review,Subscription,4,0.75,,CSE002987,Support was helpful and resolved my issue quickly.
FB01384,2025-07-07,Social,Subscription,1,-0.64,0.0,,The Subscription is confusing and should be improved.
FB01385,2025-06-29,Post-Contact Survey,Mobile App,2,-0.44,5.0,,The Mobile App is confusing and should be improved.
FB01386,2025-06-09,Community,Subscription,4,-0.05,10.0,,The Subscription feels smooth and reliable now.
FB01387,2025-05-04,Post-Contact Survey,Mobile App,4,0.64,9.0,CSE001257,"Very happy with the Mobile App, everything works as expected."
FB01388,2025-05-31,Social,Camera Hardware,4,0.54,10.0,CSE000375,"Very happy with the Camera Hardware, everything works as expected."
FB01389,2025-05-25,Post-Contact Survey,Account & Billing,4,0.34,3.0,,Support was helpful and resolved my issue quickly.
FB01390,2025-06-11,Retailer Review,Camera Hardware,4,0.73,,,Support was helpful and resolved my issue quickly.
FB01391,2025-07-13,Social,Setup & Onboarding,4,0.91,7.0,CSE000086,"Very happy with the Setup & Onboarding, everything works as expected."
FB01392,2025-06-28,Retailer Review,Subscription,4,0.34,,CSE001056,The Subscription feels smooth and reliable now.
FB01393,2025-07-11,Retailer Review,Setup & Onboarding,3,0.08,,,The Setup & Onboarding is okay but could be better.
FB01394,2025-07-20,Retailer Review,Camera Hardware,5,1.0,,,"Very happy with the Camera Hardware, everything works as expected."
FB01395,2025-07-24,Post-Contact Survey,Setup & Onboarding,3,-0.43,7.0,CSE003394,"Mixed experience, some things worked and some did not."
FB01396,2025-05-17,Community,Subscription,2,-0.88,5.0,,The Subscription is confusing and should be improved.
FB01397,2025-05-20,Post-Contact Survey,Account & Billing,4,0.26,3.0,CSE003957,Support was helpful and resolved my issue quickly.
FB01398,2025-06-09,Post-Contact Survey,Camera Hardware,3,0.89,7.0,,The Camera Hardware is okay but could be better.
FB01399,2025-05-18,Retailer Review,Account & Billing,3,0.16,,CSE002690,"Mixed experience, some things worked and some did not."
FB01400,2025-07-17,Retailer Review,Camera Hardware,4,0.96,,,Support was helpful and resolved my issue quickly.
FB01401,2025-06-03,Social,Account & Billing,5,1.0,3.0,CSE002592,"Very happy with the Account & Billing, everything works as expected."
FB01402,2025-05-08,Social,Subscription,5,1.0,3.0,CSE002028,"Very happy with the Subscription, everything works as expected."
FB01403,2025-07-11,Post-Contact Survey,Setup & Onboarding,4,0.01,9.0,,Support was helpful and resolved my issue quickly.
FB01404,2025-07-24,Retailer Review,Account & Billing,4,0.45,,CSE000475,The Account & Billing feels smooth and reliable now.
FB01405,2025-07-31,Social,Mobile App,4,-0.37,5.0,,"Very happy with the Mobile App, everything works as expected."
FB01406,2025-07-21,Retailer Review,Mobile App,4,0.17,,CSE001636,"Very happy with the Mobile App, everything works as expected."
FB01407,2025-07-24,Community,Mobile App,2,-0.04,7.0,,"Issue not fully resolved, experience was frustrating."
FB01408,2025-07-29,App Review,Subscription,3,0.45,,CSE000132,"Mixed experience, some things worked and some did not."
FB01409,2025-05-03,Community,Setup & Onboarding,3,-0.41,5.0,CSE000139,"Mixed experience, some things worked and some did not."
FB01410,2025-06-22,Retailer Review,Subscription,4,0.09,,CSE003189,"Very happy with the Subscription, everything works as expected."
FB01411,2025-05-07,Post-Contact Survey,Account & Billing,5,1.0,0.0,,"Very happy with the Account & Billing, everything works as expected."
FB01412,2025-07-20,Community,Subscription,5,0.97,10.0,,Support was helpful and resolved my issue quickly.
FB01413,2025-07-01,Social,Camera Hardware,5,0.94,0.0,,Support was helpful and resolved my issue quickly.
FB01414,2025-05-28,Community,Account & Billing,4,0.45,9.0,,"Very happy with the Account & Billing, everything works as expected."
FB01415,2025-07-14,Retailer Review,Setup & Onboarding,3,-0.11,,,"Mixed experience, some things worked and some did not."
FB01416,2025-05-05,Community,Camera Hardware,5,0.68,7.0,CSE003998,The Camera Hardware feels smooth and reliable now.
FB01417,2025-05-07,Community,Account & Billing,4,0.93,10.0,CSE001513,The Account & Billing feels smooth and reliable now.
FB01418,2025-07-21,Social,Mobile App,4,0.99,10.0,,"Very happy with the Mobile App, everything works as expected."
FB01419,2025-06-29,Social,Camera Hardware,3,-0.13,5.0,CSE003571,The Camera Hardware is okay but could be better.
FB01420,2025-06-29,Community,Subscription,4,0.98,10.0,CSE003333,The Subscription feels smooth and reliable now.
FB01421,2025-05-21,App Review,Camera Hardware,4,0.46,,,Support was helpful and resolved my issue quickly.
FB01422,2025-07-29,Retailer Review,Subscription,1,-1.0,,CSE003273,The Subscription is confusing and should be improved.
FB01423,2025-06-27,Post-Contact Survey,Account & Billing,2,-0.85,5.0,CSE000705,"Issue not fully resolved, experience was frustrating."
FB01424,2025-07-06,Social,Mobile App,3,-0.52,5.0,CSE002248,The Mobile App is okay but could be better.
FB01425,2025-06-26,Post-Contact Survey,Account & Billing,5,0.89,10.0,,"Very happy with the Account & Billing, everything works as expected."
FB01426,2025-05-29,Social,Setup & Onboarding,4,-0.24,5.0,,"Very happy with the Setup & Onboarding, everything works as expected."
FB01427,2025-06-12,Social,Account & Billing,3,-0.26,9.0,CSE002240,"Mixed experience, some things worked and some did not."
FB01428,2025-07-02,Retailer Review,Camera Hardware,4,0.38,,CSE003940,Support was helpful and resolved my issue quickly.
FB01429,2025-07-28,Social,Camera Hardware,5,0.62,5.0,,Support was helpful and resolved my issue quickly.
FB01430,2025-07-20,Post-Contact Survey,Account & Billing,4,0.05,7.0,CSE003160,"Very happy with the Account & Billing, everything works as expected."
FB01431,2025-06-05,App Review,Setup & Onboarding,3,-0.89,,CSE000763,"Mixed experience, some things worked and some did not."
FB01432,2025-05-11,Retailer Review,Camera Hardware,5,0.31,,,"Very happy with the Camera Hardware, everything works as expected."
FB01433,2025-07-26,App Review,Mobile App,3,-1.0,,,"Mixed experience, some things worked and some did not."
FB01434,2025-06-16,Retailer Review,Camera Hardware,4,0.16,,,"Very happy with the Camera Hardware, everything works as expected."
FB01435,2025-06-07,Post-Contact Survey,Camera Hardware,4,0.69,7.0,,"Very happy with the Camera Hardware, everything works as expected."
FB01436,2025-05-23,Community,Account & Billing,2,-0.35,9.0,,"Issue not fully resolved, experience was frustrating."
FB01437,2025-07-03,Social,Setup & Onboarding,4,0.92,5.0,CSE001607,"Very happy with the Setup & Onboarding, everything works as expected."
FB01438,2025-06-07,Community,Subscription,3,-0.48,7.0,CSE001757,"Mixed experience, some things worked and some did not."
FB01439,2025-05-31,Retailer Review,Camera Hardware,1,-1.0,,,The Camera Hardware is confusing and should be improved.
FB01440,2025-05-12,Retailer Review,Mobile App,3,-0.43,,,The Mobile App is okay but could be better.
FB01441,2025-06-21,Post-Contact Survey,Setup & Onboarding,5,1.0,10.0,CSE002872,"Very happy with the Setup & Onboarding, everything works as expected."
FB01442,2025-07-14,Post-Contact Survey,Camera Hardware,2,-0.75,9.0,,"Still having problems with the Camera Hardware, not satisfied."
FB01443,2025-06-13,Retailer Review,Mobile App,5,0.08,,CSE003068,"Very happy with the Mobile App, everything works as expected."
FB01444,2025-05-27,Community,Mobile App,2,0.12,9.0,CSE000632,"Issue not fully resolved, experience was frustrating."
FB01445,2025-06-29,App Review,Mobile App,3,-0.26,,CSE001052,"Mixed experience, some things worked and some did not."
FB01446,2025-05-31,Post-Contact Survey,Camera Hardware,1,-1.0,3.0,CSE002984,"Issue not fully resolved, experience was frustrating."
FB01447,2025-07-18,Retailer Review,Account & Billing,2,-0.68,,CSE000492,"Issue not fully resolved, experience was frustrating."
FB01448,2025-07-29,Retailer Review,Subscription,2,-0.55,,,"Issue not fully resolved, experience was frustrating."
FB01449,2025-07-09,Community,Setup & Onboarding,5,0.75,9.0,CSE001167,Support was helpful and resolved my issue quickly.
FB01450,2025-07-24,Community,Mobile App,2,-0.69,10.0,,"Still having problems with the Mobile App, not satisfied."
FB01451,2025-05-02,App Review,Mobile App,2,-0.29,,CSE002647,The Mobile App is confusing and should be improved.
FB01452,2025-07-16,Retailer Review,Subscription,5,1.0,,,"Very happy with the Subscription, everything works as expected."
FB01453,2025-05-07,Retailer Review,Camera Hardware,2,-1.0,,CSE002995,The Camera Hardware is confusing and should be improved.
FB01454,2025-06-13,Community,Account & Billing,4,0.33,9.0,,The Account & Billing feels smooth and reliable now.
FB01455,2025-05-30,App Review,Camera Hardware,1,-0.97,,CSE000089,"Issue not fully resolved, experience was frustrating."
FB01456,2025-06-28,Retailer Review,Camera Hardware,5,1.0,,CSE003900,Support was helpful and resolved my issue quickly.
FB01457,2025-07-19,App Review,Camera Hardware,4,0.04,,,"Very happy with the Camera Hardware, everything works as expected."
FB01458,2025-05-20,Community,Setup & Onboarding,4,0.65,3.0,CSE002781,Support was helpful and resolved my issue quickly.
FB01459,2025-07-24,Community,Account & Billing,3,0.26,0.0,,"Mixed experience, some things worked and some did not."
FB01460,2025-07-20,Community,Camera Hardware,5,1.0,7.0,CSE002146,Support was helpful and resolved my issue quickly.
FB01461,2025-07-26,App Review,Subscription,3,0.4,,CSE003003,"Mixed experience, some things worked and some did not."
FB01462,2025-07-09,Community,Mobile App,5,0.91,9.0,CSE003303,The Mobile App feels smooth and reliable now.
FB01463,2025-05-14,Community,Account & Billing,5,1.0,10.0,,The Account & Billing feels smooth and reliable now.
FB01464,2025-07-30,Retailer Review,Account & Billing,4,0.14,,CSE001262,Support was helpful and resolved my issue quickly.
FB01465,2025-06-08,Post-Contact Survey,Subscription,4,0.67,10.0,CSE000399,"Very happy with the Subscription, everything works as expected."
FB01466,2025-07-14,Social,Setup & Onboarding,4,0.33,9.0,,Support was helpful and resolved my issue quickly.
FB01467,2025-06-01,Community,Subscription,4,-0.03,9.0,,Support was helpful and resolved my issue quickly.
FB01468,2025-06-24,App Review,Subscription,4,-0.31,,CSE001804,The Subscription feels smooth and reliable now.
FB01469,2025-05-05,Post-Contact Survey,Subscription,4,1.0,3.0,,Support was helpful and resolved my issue quickly.
FB01470,2025-07-07,Community,Mobile App,4,0.44,10.0,,Support was helpful and resolved my issue quickly.
FB01471,2025-06-17,Social,Camera Hardware,4,0.22,3.0,CSE002906,The Camera Hardware feels smooth and reliable now.
FB01472,2025-05-16,Post-Contact Survey,Mobile App,4,0.19,3.0,,"Very happy with the Mobile App, everything works as expected."
FB01473,2025-07-06,Retailer Review,Subscription,2,-0.17,,,"Issue not fully resolved, experience was frustrating."
FB01474,2025-05-02,Social,Account & Billing,2,-0.9,5.0,,"Issue not fully resolved, experience was frustrating."
FB01475,2025-06-23,App Review,Setup & Onboarding,3,0.21,,CSE002192,The Setup & Onboarding is okay but could be better.
FB01476,2025-06-10,App Review,Setup & Onboarding,5,1.0,,CSE000532,The Setup & Onboarding feels smooth and reliable now.
FB01477,2025-06-25,Community,Account & Billing,4,0.01,3.0,CSE000262,Support was helpful and resolved my issue quickly.
FB01478,2025-06-22,Community,Subscription,5,0.64,5.0,CSE000111,Support was helpful and resolved my issue quickly.
FB01479,2025-05-04,Community,Subscription,2,-0.29,9.0,CSE002350,The Subscription is confusing and should be improved.
FB01480,2025-07-19,Post-Contact Survey,Camera Hardware,4,0.29,7.0,CSE002576,Support was helpful and resolved my issue quickly.
FB01481,2025-07-08,App Review,Setup & Onboarding,3,0.47,,CSE002307,"Mixed experience, some things worked and some did not."
FB01482,2025-07-28,App Review,Subscription,4,0.1,,CSE001462,"Very happy with the Subscription, everything works as expected."
FB01483,2025-05-18,App Review,Mobile App,3,0.06,,,"Mixed experience, some things worked and some did not."
FB01484,2025-05-30,Community,Camera Hardware,3,0.24,9.0,CSE000423,The Camera Hardware is okay but could be better.
FB01485,2025-07-17,Retailer Review,Account & Billing,5,0.94,,,"Very happy with the Account & Billing, everything works as expected."
FB01486,2025-07-16,Community,Camera Hardware,3,0.41,9.0,CSE001263,"Mixed experience, some things worked and some did not."
FB01487,2025-06-15,Social,Camera Hardware,4,0.54,7.0,CSE000030,The Camera Hardware feels smooth and reliable now.
FB01488,2025-07-25,Social,Mobile App,5,0.65,5.0,,Support was helpful and resolved my issue quickly.
FB01489,2025-06-07,Social,Subscription,5,1.0,9.0,CSE000877,"Very happy with the Subscription, everything works as expected."
FB01490,2025-06-28,App Review,Subscription,2,0.1,,CSE001093,"Issue not fully resolved, experience was frustrating."
FB01491,2025-06-04,Social,Camera Hardware,5,1.0,10.0,CSE002019,Support was helpful and resolved my issue quickly.
FB01492,2025-05-17,App Review,Camera Hardware,3,0.0,,CSE003317,The Camera Hardware is okay but could be better.
FB01493,2025-05-07,Retailer Review,Mobile App,4,0.25,,,The Mobile App feels smooth and reliable now.
FB01494,2025-05-18,Retailer Review,Mobile App,5,0.93,,,Support was helpful and resolved my issue quickly.
FB01495,2025-07-04,Post-Contact Survey,Account & Billing,5,0.72,9.0,CSE000561,Support was helpful and resolved my issue quickly.
FB01496,2025-05-05,Retailer Review,Mobile App,3,-0.27,,CSE001194,"Mixed experience, some things worked and some did not."
FB01497,2025-06-09,Social,Setup & Onboarding,3,0.56,3.0,CSE000665,"Mixed experience, some things worked and some did not."
FB01498,2025-07-05,Community,Camera Hardware,4,-0.09,3.0,,The Camera Hardware feels smooth and reliable now.
FB01499,2025-05-06,Post-Contact Survey,Account & Billing,2,-0.9,3.0,CSE000898,"Issue not fully resolved, experience was frustrating."
FB01500,2025-07-11,Community,Setup & Onboarding,5,1.0,5.0,CSE002199,The Setup & Onboarding feels smooth and reliable now.
FB01501,2025-05-07,App Review,Subscription,2,-0.15,,,The Subscription is confusing and should be improved.
FB01502,2025-07-03,Social,Mobile App,5,1.0,0.0,CSE000359,The Mobile App feels smooth and reliable now.
FB01503,2025-05-02,App Review,Account & Billing,4,0.17,,CSE001116,Support was helpful and resolved my issue quickly.
FB01504,2025-06-02,App Review,Account & Billing,4,1.0,,,"Very happy with the Account & Billing, everything works as expected."
FB01505,2025-05-30,Social,Subscription,1,-1.0,10.0,CSE001320,"Issue not fully resolved, experience was frustrating."
FB01506,2025-05-13,Post-Contact Survey,Setup & Onboarding,3,-0.2,0.0,CSE003507,The Setup & Onboarding is okay but could be better.
FB01507,2025-07-16,App Review,Camera Hardware,4,1.0,,CSE002661,Support was helpful and resolved my issue quickly.
FB01508,2025-05-13,Community,Account & Billing,4,0.8,9.0,,"Very happy with the Account & Billing, everything works as expected."
FB01509,2025-07-07,App Review,Account & Billing,2,-1.0,,,"Still having problems with the Account & Billing, not satisfied."
FB01510,2025-06-28,Social,Subscription,4,0.49,5.0,CSE000987,"Very happy with the Subscription, everything works as expected."
FB01511,2025-06-18,Retailer Review,Account & Billing,5,1.0,,,Support was helpful and resolved my issue quickly.
FB01512,2025-06-26,Post-Contact Survey,Account & Billing,4,1.0,7.0,,"Very happy with the Account & Billing, everything works as expected."
FB01513,2025-05-22,Retailer Review,Subscription,4,0.08,,CSE003049,"Very happy with the Subscription, everything works as expected."
FB01514,2025-05-17,Retailer Review,Subscription,2,-0.2,,CSE001986,The Subscription is confusing and should be improved.
FB01515,2025-05-20,Post-Contact Survey,Account & Billing,2,-0.79,9.0,CSE000577,"Still having problems with the Account & Billing, not satisfied."
FB01516,2025-06-09,Community,Mobile App,4,-0.3,5.0,,"Very happy with the Mobile App, everything works as expected."
FB01517,2025-06-01,Post-Contact Survey,Account & Billing,1,-0.68,7.0,,"Issue not fully resolved, experience was frustrating."
FB01518,2025-06-20,Social,Mobile App,1,-0.91,10.0,,"Still having problems with the Mobile App, not satisfied."
FB01519,2025-06-26,Community,Camera Hardware,1,-1.0,7.0,CSE002363,The Camera Hardware is confusing and should be improved.
FB01520,2025-06-13,Community,Mobile App,4,0.62,9.0,CSE003496,The Mobile App feels smooth and reliable now.
FB01521,2025-05-20,Retailer Review,Mobile App,5,0.97,,,Support was helpful and resolved my issue quickly.
FB01522,2025-07-05,Community,Account & Billing,4,0.85,7.0,,The Account & Billing feels smooth and reliable now.
FB01523,2025-07-08,Retailer Review,Setup & Onboarding,5,1.0,,CSE001093,Support was helpful and resolved my issue quickly.
FB01524,2025-06-30,App Review,Setup & Onboarding,4,0.46,,,The Setup & Onboarding feels smooth and reliable now.
FB01525,2025-05-06,Community,Account & Billing,3,0.46,10.0,,"Mixed experience, some things worked and some did not."
FB01526,2025-05-01,Post-Contact Survey,Camera Hardware,2,-0.52,10.0,,"Still having problems with the Camera Hardware, not satisfied."
FB01527,2025-06-09,Retailer Review,Account & Billing,1,-0.72,,,The Account & Billing is confusing and should be improved.
FB01528,2025-06-02,Post-Contact Survey,Mobile App,1,-1.0,0.0,CSE002611,The Mobile App is confusing and should be improved.
FB01529,2025-05-07,Social,Account & Billing,4,0.59,3.0,,Support was helpful and resolved my issue quickly.
FB01530,2025-06-15,Retailer Review,Camera Hardware,3,-0.5,,,"Mixed experience, some things worked and some did not."
FB01531,2025-05-28,App Review,Camera Hardware,3,-0.6,,,The Camera Hardware is okay but could be better.
FB01532,2025-06-19,Social,Account & Billing,5,0.85,5.0,CSE001739,Support was helpful and resolved my issue quickly.
FB01533,2025-05-17,Retailer Review,Mobile App,3,0.26,,CSE000231,The Mobile App is okay but could be better.
FB01534,2025-07-26,App Review,Account & Billing,4,0.77,,CSE002046,"Very happy with the Account & Billing, everything works as expected."
FB01535,2025-06-10,Post-Contact Survey,Camera Hardware,3,0.1,10.0,,The Camera Hardware is okay but could be better.
FB01536,2025-06-01,Post-Contact Survey,Mobile App,5,0.29,9.0,CSE003133,Support was helpful and resolved my issue quickly.
FB01537,2025-05-15,Post-Contact Survey,Mobile App,4,1.0,3.0,CSE001478,"Very happy with the Mobile App, everything works as expected."
FB01538,2025-05-15,Community,Subscription,5,0.25,10.0,CSE000549,"Very happy with the Subscription, everything works as expected."
FB01539,2025-05-15,Post-Contact Survey,Account & Billing,2,-0.75,10.0,CSE002242,"Issue not fully resolved, experience was frustrating."
FB01540,2025-06-18,Community,Camera Hardware,4,0.54,9.0,,Support was helpful and resolved my issue quickly.
FB01541,2025-07-25,Community,Setup & Onboarding,5,1.0,10.0,CSE002612,Support was helpful and resolved my issue quickly.
FB01542,2025-07-18,Post-Contact Survey,Account & Billing,4,0.44,7.0,,The Account & Billing feels smooth and reliable now.
FB01543,2025-05-10,App Review,Account & Billing,4,0.64,,,Support was helpful and resolved my issue quickly.
FB01544,2025-07-11,Retailer Review,Subscription,1,-0.86,,CSE002804,The Subscription is confusing and should be improved.
FB01545,2025-06-14,App Review,Subscription,5,1.0,,,Support was helpful and resolved my issue quickly.
FB01546,2025-07-28,Social,Mobile App,5,0.63,9.0,CSE002247,The Mobile App feels smooth and reliable now.
FB01547,2025-07-04,Social,Subscription,4,0.24,3.0,,Support was helpful and resolved my issue quickly.
FB01548,2025-06-23,App Review,Subscription,3,0.23,,CSE000450,The Subscription is okay but could be better.
FB01549,2025-07-05,App Review,Setup & Onboarding,2,-0.26,,CSE002165,The Setup & Onboarding is confusing and should be improved.
FB01550,2025-07-17,Community,Camera Hardware,3,-0.06,5.0,,"Mixed experience, some things worked and some did not."
FB01551,2025-07-19,Social,Mobile App,4,0.62,5.0,,Support was helpful and resolved my issue quickly.
FB01552,2025-05-31,Retailer Review,Mobile App,4,1.0,,,Support was helpful and resolved my issue quickly.
FB01553,2025-06-07,Post-Contact Survey,Setup & Onboarding,1,-0.48,5.0,CSE001356,"Issue not fully resolved, experience was frustrating."
FB01554,2025-06-25,Social,Setup & Onboarding,4,0.72,3.0,CSE002958,The Setup & Onboarding feels smooth and reliable now.
FB01555,2025-06-18,Post-Contact Survey,Subscription,5,1.0,5.0,,The Subscription feels smooth and reliable now.
FB01556,2025-07-24,Social,Mobile App,2,-0.72,7.0,CSE000573,"Still having problems with the Mobile App, not satisfied."
FB01557,2025-07-10,Social,Mobile App,5,0.6,7.0,CSE003481,"Very happy with the Mobile App, everything works as expected."
FB01558,2025-05-03,App Review,Mobile App,3,-0.38,,,The Mobile App is okay but could be better.
FB01559,2025-06-10,App Review,Camera Hardware,5,0.53,,CSE003717,Support was helpful and resolved my issue quickly.
FB01560,2025-06-08,Retailer Review,Camera Hardware,5,0.85,,,"Very happy with the Camera Hardware, everything works as expected."
FB01561,2025-06-01,Social,Mobile App,5,0.54,7.0,,"Very happy with the Mobile App, everything works as expected."
FB01562,2025-05-02,Community,Subscription,1,-1.0,9.0,,"Issue not fully resolved, experience was frustrating."
FB01563,2025-05-22,Social,Subscription,4,0.32,0.0,,The Subscription feels smooth and reliable now.
FB01564,2025-05-05,Community,Setup & Onboarding,3,0.69,0.0,,"Mixed experience, some things worked and some did not."
FB01565,2025-05-27,Social,Account & Billing,4,1.0,5.0,,"Very happy with the Account & Billing, everything works as expected."
FB01566,2025-06-10,Post-Contact Survey,Account & Billing,2,-0.62,9.0,CSE000163,The Account & Billing is confusing and should be improved.
FB01567,2025-06-28,Post-Contact Survey,Mobile App,1,-1.0,9.0,,The Mobile App is confusing and should be improved.
FB01568,2025-05-18,Community,Setup & Onboarding,3,-1.0,3.0,CSE001827,The Setup & Onboarding is okay but could be better.
FB01569,2025-07-11,Social,Subscription,3,0.58,7.0,CSE003177,The Subscription is okay but could be better.
FB01570,2025-05-12,Social,Setup & Onboarding,2,-0.72,3.0,CSE002606,"Still having problems with the Setup & Onboarding, not satisfied."
FB01571,2025-05-30,App Review,Mobile App,4,0.44,,,Support was helpful and resolved my issue quickly.
FB01572,2025-06-15,Post-Contact Survey,Setup & Onboarding,5,1.0,5.0,,Support was helpful and resolved my issue quickly.
FB01573,2025-06-05,Retailer Review,Camera Hardware,3,0.42,,,"Mixed experience, some things worked and some did not."
FB01574,2025-06-06,Post-Contact Survey,Subscription,3,0.42,5.0,CSE001694,"Mixed experience, some things worked and some did not."
FB01575,2025-06-12,Post-Contact Survey,Setup & Onboarding,5,0.76,10.0,CSE001091,The Setup & Onboarding feels smooth and reliable now.
FB01576,2025-05-28,Retailer Review,Camera Hardware,3,0.59,,,"Mixed experience, some things worked and some did not."
FB01577,2025-05-04,Post-Contact Survey,Account & Billing,5,0.94,10.0,,Support was helpful and resolved my issue quickly.
FB01578,2025-07-19,Social,Mobile App,4,1.0,3.0,CSE001374,Support was helpful and resolved my issue quickly.
FB01579,2025-05-27,Social,Subscription,5,0.67,7.0,,Support was helpful and resolved my issue quickly.
FB01580,2025-06-30,Community,Setup & Onboarding,2,-0.16,10.0,,"Still having problems with the Setup & Onboarding, not satisfied."
FB01581,2025-07-07,App Review,Setup & Onboarding,1,-1.0,,CSE003725,The Setup & Onboarding is confusing and should be improved.
FB01582,2025-07-03,Retailer Review,Camera Hardware,4,0.24,,CSE001224,Support was helpful and resolved my issue quickly.
FB01583,2025-05-21,Community,Subscription,5,1.0,10.0,CSE003031,The Subscription feels smooth and reliable now.
FB01584,2025-07-16,Retailer Review,Camera Hardware,4,-0.03,,CSE003963,"Very happy with the Camera Hardware, everything works as expected."
FB01585,2025-07-22,Post-Contact Survey,Account & Billing,2,-0.48,9.0,CSE003896,"Still having problems with the Account & Billing, not satisfied."
FB01586,2025-06-26,Social,Account & Billing,4,0.32,0.0,,"Very happy with the Account & Billing, everything works as expected."
FB01587,2025-05-24,Retailer Review,Mobile App,1,-1.0,,CSE003817,"Issue not fully resolved, experience was frustrating."
FB01588,2025-06-03,App Review,Subscription,3,-0.56,,CSE002074,The Subscription is okay but could be better.
FB01589,2025-06-30,Social,Setup & Onboarding,4,0.56,7.0,CSE000758,The Setup & Onboarding feels smooth and reliable now.
FB01590,2025-05-01,Community,Account & Billing,3,-0.55,10.0,CSE001972,The Account & Billing is okay but could be better.
FB01591,2025-05-09,App Review,Subscription,2,-1.0,,CSE000753,"Still having problems with the Subscription, not satisfied."
FB01592,2025-05-23,App Review,Account & Billing,5,1.0,,,"Very happy with the Account & Billing, everything works as expected."
FB01593,2025-05-11,Social,Mobile App,5,1.0,7.0,CSE002880,The Mobile App feels smooth and reliable now.
FB01594,2025-05-09,Community,Subscription,5,1.0,7.0,,The Subscription feels smooth and reliable now.
FB01595,2025-05-09,Retailer Review,Mobile App,3,0.13,,,The Mobile App is okay but could be better.
FB01596,2025-05-18,Social,Camera Hardware,1,-1.0,0.0,CSE000860,The Camera Hardware is confusing and should be improved.
FB01597,2025-06-02,Post-Contact Survey,Camera Hardware,4,0.75,3.0,CSE000410,"Very happy with the Camera Hardware, everything works as expected."
FB01598,2025-05-25,Retailer Review,Setup & Onboarding,3,0.06,,CSE000515,"Mixed experience, some things worked and some did not."
FB01599,2025-07-18,App Review,Camera Hardware,4,1.0,,CSE002140,"Very happy with the Camera Hardware, everything works as expected."
FB01600,2025-06-06,App Review,Setup & Onboarding,5,0.96,,,The Setup & Onboarding feels smooth and reliable now.
FB01601,2025-07-02,Retailer Review,Account & Billing,2,-0.25,,CSE002471,"Issue not fully resolved, experience was frustrating."
FB01602,2025-06-16,Social,Camera Hardware,5,0.81,7.0,CSE001714,"Very happy with the Camera Hardware, everything works as expected."
FB01603,2025-05-19,Social,Setup & Onboarding,4,1.0,5.0,,"Very happy with the Setup & Onboarding, everything works as expected."
FB01604,2025-07-23,App Review,Camera Hardware,3,-0.35,,,The Camera Hardware is okay but could be better.
FB01605,2025-06-21,Social,Setup & Onboarding,5,0.26,5.0,CSE002818,Support was helpful and resolved my issue quickly.
FB01606,2025-07-12,Social,Camera Hardware,1,-1.0,7.0,CSE002771,"Issue not fully resolved, experience was frustrating."
FB01607,2025-06-26,Social,Setup & Onboarding,4,1.0,7.0,CSE002911,Support was helpful and resolved my issue quickly.
FB01608,2025-06-17,Social,Setup & Onboarding,3,-0.57,5.0,CSE003091,The Setup & Onboarding is okay but could be better.
FB01609,2025-06-17,Post-Contact Survey,Setup & Onboarding,4,0.38,0.0,CSE000256,"Very happy with the Setup & Onboarding, everything works as expected."
FB01610,2025-05-21,Community,Setup & Onboarding,1,-0.92,7.0,CSE003624,"Still having problems with the Setup & Onboarding, not satisfied."
FB01611,2025-06-03,App Review,Subscription,3,0.67,,,"Mixed experience, some things worked and some did not."
FB01612,2025-06-12,Community,Camera Hardware,4,0.63,10.0,CSE001345,"Very happy with the Camera Hardware, everything works as expected."
FB01613,2025-06-22,Retailer Review,Camera Hardware,5,0.88,,CSE002021,Support was helpful and resolved my issue quickly.
FB01614,2025-05-08,Retailer Review,Account & Billing,4,0.23,,CSE003569,The Account & Billing feels smooth and reliable now.
FB01615,2025-05-09,Post-Contact Survey,Account & Billing,5,1.0,0.0,CSE001359,"Very happy with the Account & Billing, everything works as expected."
FB01616,2025-05-24,Community,Setup & Onboarding,3,0.5,10.0,,"Mixed experience, some things worked and some did not."
FB01617,2025-05-17,Community,Subscription,4,0.22,3.0,,"Very happy with the Subscription, everything works as expected."
FB01618,2025-06-07,Social,Mobile App,4,0.14,9.0,,The Mobile App feels smooth and reliable now.
FB01619,2025-05-16,App Review,Account & Billing,3,0.04,,,The Account & Billing is okay but could be better.
FB01620,2025-07-20,Community,Subscription,3,-0.77,5.0,,"Mixed experience, some things worked and some did not."
FB01621,2025-07-15,Retailer Review,Account & Billing,2,-1.0,,,"Issue not fully resolved, experience was frustrating."
FB01622,2025-06-12,Retailer Review,Account & Billing,2,-0.94,,,The Account & Billing is confusing and should be improved.
FB01623,2025-06-21,Social,Mobile App,4,0.41,7.0,CSE001596,Support was helpful and resolved my issue quickly.
FB01624,2025-06-16,Post-Contact Survey,Camera Hardware,5,1.0,7.0,CSE000120,Support was helpful and resolved my issue quickly.
FB01625,2025-07-11,Retailer Review,Camera Hardware,4,0.32,,,Support was helpful and resolved my issue quickly.
FB01626,2025-06-15,Community,Setup & Onboarding,1,-0.3,5.0,,"Still having problems with the Setup & Onboarding, not satisfied."
FB01627,2025-06-02,Social,Mobile App,3,0.24,3.0,,"Mixed experience, some things worked and some did not."
FB01628,2025-07-27,Social,Subscription,4,-0.23,10.0,CSE002486,"Very happy with the Subscription, everything works as expected."
FB01629,2025-07-23,App Review,Account & Billing,2,-0.94,,CSE001822,"Still having problems with the Account & Billing, not satisfied."
FB01630,2025-07-30,App Review,Subscription,2,-0.57,,,"Still having problems with the Subscription, not satisfied."
FB01631,2025-07-23,App Review,Mobile App,3,-0.34,,CSE000110,"Mixed experience, some things worked and some did not."
FB01632,2025-07-25,Social,Mobile App,5,0.81,0.0,,The Mobile App feels smooth and reliable now.
FB01633,2025-05-28,Social,Mobile App,2,-0.21,7.0,,"Still having problems with the Mobile App, not satisfied."
FB01634,2025-06-10,Post-Contact Survey,Subscription,5,1.0,5.0,CSE003542,The Subscription feels smooth and reliable now.
FB01635,2025-07-13,Retailer Review,Account & Billing,3,0.13,,,The Account & Billing is okay but could be better.
FB01636,2025-07-02,Social,Camera Hardware,4,0.12,3.0,,Support was helpful and resolved my issue quickly.
FB01637,2025-07-18,Community,Camera Hardware,5,1.0,0.0,CSE003822,The Camera Hardware feels smooth and reliable now.
FB01638,2025-05-06,Community,Setup & Onboarding,2,-0.51,3.0,CSE002421,"Still having problems with the Setup & Onboarding, not satisfied."
FB01639,2025-05-20,Social,Camera Hardware,5,1.0,3.0,,"Very happy with the Camera Hardware, everything works as expected."
FB01640,2025-05-22,Social,Camera Hardware,4,0.45,7.0,CSE000829,Support was helpful and resolved my issue quickly.
FB01641,2025-07-22,Community,Mobile App,5,0.89,7.0,,The Mobile App feels smooth and reliable now.
FB01642,2025-07-22,Social,Mobile App,4,0.7,5.0,,The Mobile App feels smooth and reliable now.
FB01643,2025-05-13,Social,Camera Hardware,5,0.12,9.0,,"Very happy with the Camera Hardware, everything works as expected."
FB01644,2025-06-07,App Review,Subscription,4,0.54,,,Support was helpful and resolved my issue quickly.
FB01645,2025-07-19,Community,Mobile App,4,0.13,3.0,CSE001455,The Mobile App feels smooth and reliable now.
FB01646,2025-06-12,Community,Mobile App,1,-1.0,0.0,CSE003722,The Mobile App is confusing and should be improved.
FB01647,2025-06-13,Retailer Review,Subscription,3,-0.27,,,The Subscription is okay but could be better.
FB01648,2025-07-05,App Review,Account & Billing,4,-0.16,,CSE001826,Support was helpful and resolved my issue quickly.
FB01649,2025-07-01,Social,Camera Hardware,4,1.0,5.0,,"Very happy with the Camera Hardware, everything works as expected."
FB01650,2025-07-25,App Review,Mobile App,2,-0.23,,,The Mobile App is confusing and should be improved.
FB01651,2025-05-14,App Review,Camera Hardware,3,0.3,,,The Camera Hardware is okay but could be better.
FB01652,2025-05-14,Social,Subscription,5,1.0,7.0,CSE002442,The Subscription feels smooth and reliable now.
FB01653,2025-06-13,App Review,Setup & Onboarding,5,0.98,,CSE002923,Support was helpful and resolved my issue quickly.
FB01654,2025-07-22,Retailer Review,Camera Hardware,5,0.47,,CSE003977,The Camera Hardware feels smooth and reliable now.
FB01655,2025-06-02,App Review,Subscription,5,1.0,,CSE003281,"Very happy with the Subscription, everything works as expected."
FB01656,2025-07-11,Retailer Review,Setup & Onboarding,3,-0.17,,CSE002935,"Mixed experience, some things worked and some did not."
FB01657,2025-06-08,Community,Setup & Onboarding,4,1.0,3.0,CSE003974,"Very happy with the Setup & Onboarding, everything works as expected."
FB01658,2025-07-15,Community,Account & Billing,5,0.89,9.0,CSE001549,"Very happy with the Account & Billing, everything works as expected."
FB01659,2025-05-24,Social,Account & Billing,3,0.37,3.0,CSE001048,The Account & Billing is okay but could be better.
FB01660,2025-05-27,Retailer Review,Mobile App,3,0.0,,,The Mobile App is okay but could be better.
FB01661,2025-07-01,App Review,Camera Hardware,3,-0.22,,,The Camera Hardware is okay but could be better.
FB01662,2025-05-01,Community,Mobile App,3,0.01,5.0,,"Mixed experience, some things worked and some did not."
FB01663,2025-06-17,Retailer Review,Account & Billing,5,1.0,,CSE000315,The Account & Billing feels smooth and reliable now.
FB01664,2025-07-15,Retailer Review,Mobile App,4,0.45,,CSE002195,"Very happy with the Mobile App, everything works as expected."
FB01665,2025-05-23,App Review,Mobile App,4,0.1,,CSE003041,Support was helpful and resolved my issue quickly.
FB01666,2025-06-03,Community,Setup & Onboarding,5,0.93,0.0,,The Setup & Onboarding feels smooth and reliable now.
FB01667,2025-06-08,Post-Contact Survey,Subscription,4,0.65,9.0,,"Very happy with the Subscription, everything works as expected."
FB01668,2025-05-09,Post-Contact Survey,Mobile App,1,-0.77,7.0,,"Still having problems with the Mobile App, not satisfied."
FB01669,2025-05-14,Community,Account & Billing,3,-0.02,10.0,,The Account & Billing is okay but could be better.
FB01670,2025-06-11,Community,Subscription,5,0.56,7.0,,Support was helpful and resolved my issue quickly.
FB01671,2025-07-16,Social,Setup & Onboarding,3,-0.65,0.0,,The Setup & Onboarding is okay but could be better.
FB01672,2025-05-01,Community,Setup & Onboarding,4,0.26,10.0,CSE002022,"Very happy with the Setup & Onboarding, everything works as expected."
FB01673,2025-06-28,Post-Contact Survey,Setup & Onboarding,1,-1.0,9.0,CSE000200,The Setup & Onboarding is confusing and should be improved.
FB01674,2025-06-18,App Review,Setup & Onboarding,3,-0.22,,CSE002018,The Setup & Onboarding is okay but could be better.
FB01675,2025-07-18,Community,Camera Hardware,4,0.86,9.0,CSE002355,The Camera Hardware feels smooth and reliable now.
FB01676,2025-07-15,Post-Contact Survey,Setup & Onboarding,5,0.98,3.0,,"Very happy with the Setup & Onboarding, everything works as expected."
FB01677,2025-06-18,Post-Contact Survey,Account & Billing,1,-1.0,10.0,CSE003465,The Account & Billing is confusing and should be improved.
FB01678,2025-05-18,Community,Camera Hardware,3,-0.4,9.0,,The Camera Hardware is okay but could be better.
FB01679,2025-05-02,Retailer Review,Account & Billing,1,-1.0,,,The Account & Billing is confusing and should be improved.
FB01680,2025-05-15,Retailer Review,Setup & Onboarding,1,-0.57,,CSE001269,The Setup & Onboarding is confusing and should be improved.
FB01681,2025-06-19,App Review,Setup & Onboarding,4,0.91,,,The Setup & Onboarding feels smooth and reliable now.
FB01682,2025-06-22,Social,Account & Billing,4,0.11,5.0,CSE002351,Support was helpful and resolved my issue quickly.
FB01683,2025-05-18,Retailer Review,Camera Hardware,5,0.88,,CSE001347,Support was helpful and resolved my issue quickly.
FB01684,2025-05-30,App Review,Mobile App,4,1.0,,,Support was helpful and resolved my issue quickly.
FB01685,2025-07-21,Social,Mobile App,3,0.3,5.0,,"Mixed experience, some things worked and some did not."
FB01686,2025-07-02,Community,Mobile App,3,-0.49,0.0,CSE001443,The Mobile App is okay but could be better.
FB01687,2025-07-25,Social,Setup & Onboarding,2,-0.14,3.0,,The Setup & Onboarding is confusing and should be improved.
FB01688,2025-06-03,Post-Contact Survey,Setup & Onboarding,2,-0.24,7.0,CSE003352,"Issue not fully resolved, experience was frustrating."
FB01689,2025-05-20,Post-Contact Survey,Account & Billing,1,-0.76,7.0,CSE000957,"Issue not fully resolved, experience was frustrating."
FB01690,2025-06-17,App Review,Camera Hardware,3,-0.37,,CSE001204,The Camera Hardware is okay but could be better.
FB01691,2025-07-20,Social,Subscription,4,-0.29,0.0,CSE002347,Support was helpful and resolved my issue quickly.
FB01692,2025-06-19,Retailer Review,Mobile App,4,0.35,,CSE002654,"Very happy with the Mobile App, everything works as expected."
FB01693,2025-07-18,Community,Setup & Onboarding,5,1.0,5.0,,"Very happy with the Setup & Onboarding, everything works as expected."
FB01694,2025-07-08,Post-Contact Survey,Mobile App,5,0.67,3.0,CSE001572,The Mobile App feels smooth and reliable now.
FB01695,2025-07-11,Community,Setup & Onboarding,3,0.41,10.0,CSE000901,The Setup & Onboarding is okay but could be better.
FB01696,2025-06-05,Community,Subscription,4,0.42,9.0,CSE000168,Support was helpful and resolved my issue quickly.
FB01697,2025-07-19,App Review,Setup & Onboarding,3,-0.37,,CSE001160,The Setup & Onboarding is okay but could be better.
FB01698,2025-06-19,Post-Contact Survey,Camera Hardware,4,0.53,10.0,,"Very happy with the Camera Hardware, everything works as expected."
FB01699,2025-07-13,Retailer Review,Subscription,5,1.0,,,The Subscription feels smooth and reliable now.
FB01700,2025-06-26,Social,Setup & Onboarding,1,-1.0,7.0,CSE000824,The Setup & Onboarding is confusing and should be improved.
FB01701,2025-05-16,Community,Subscription,2,-0.41,0.0,,The Subscription is confusing and should be improved.
FB01702,2025-05-03,Post-Contact Survey,Camera Hardware,5,1.0,7.0,CSE000133,Support was helpful and resolved my issue quickly.
FB01703,2025-05-17,Post-Contact Survey,Subscription,5,1.0,9.0,CSE003991,The Subscription feels smooth and reliable now.
FB01704,2025-07-07,Social,Camera Hardware,4,0.75,5.0,CSE003393,"Very happy with the Camera Hardware, everything works as expected."
FB01705,2025-07-14,Social,Mobile App,2,-0.27,7.0,CSE002982,"Still having problems with the Mobile App, not satisfied."
FB01706,2025-05-24,Retailer Review,Mobile App,3,-1.0,,CSE000870,The Mobile App is okay but could be better.
FB01707,2025-07-17,App Review,Camera Hardware,1,-1.0,,CSE001203,"Issue not fully resolved, experience was frustrating."
FB01708,2025-05-05,Social,Camera Hardware,3,0.16,7.0,CSE001249,The Camera Hardware is okay but could be better.
FB01709,2025-06-27,Community,Camera Hardware,3,-0.02,5.0,CSE002952,"Mixed experience, some things worked and some did not."
FB01710,2025-07-14,App Review,Mobile App,4,0.6,,CSE003872,Support was helpful and resolved my issue quickly.
FB01711,2025-06-18,Retailer Review,Camera Hardware,3,0.29,,,The Camera Hardware is okay but could be better.
FB01712,2025-06-28,Retailer Review,Setup & Onboarding,4,0.41,,,Support was helpful and resolved my issue quickly.
FB01713,2025-05-28,Post-Contact Survey,Camera Hardware,3,0.15,7.0,CSE001557,The Camera Hardware is okay but could be better.
FB01714,2025-07-10,Social,Subscription,5,0.79,7.0,CSE001586,"Very happy with the Subscription, everything works as expected."
FB01715,2025-05-29,App Review,Subscription,2,-0.9,,CSE001813,The Subscription is confusing and should be improved.
FB01716,2025-05-21,Post-Contact Survey,Setup & Onboarding,3,0.38,5.0,,"Mixed experience, some things worked and some did not."
FB01717,2025-06-23,Social,Setup & Onboarding,4,0.92,10.0,,The Setup & Onboarding feels smooth and reliable now.
FB01718,2025-07-09,Community,Mobile App,2,-0.87,9.0,,"Still having problems with the Mobile App, not satisfied."
FB01719,2025-06-21,Post-Contact Survey,Account & Billing,3,0.14,5.0,CSE001637,"Mixed experience, some things worked and some did not."
FB01720,2025-06-09,Social,Setup & Onboarding,3,-0.02,7.0,CSE002986,The Setup & Onboarding is okay but could be better.
FB01721,2025-06-04,Retailer Review,Mobile App,2,-0.67,,CSE000628,"Still having problems with the Mobile App, not satisfied."
FB01722,2025-06-22,App Review,Mobile App,5,1.0,,CSE001308,"Very happy with the Mobile App, everything works as expected."
FB01723,2025-07-17,Social,Camera Hardware,5,0.59,9.0,CSE003946,The Camera Hardware feels smooth and reliable now.
FB01724,2025-07-03,Social,Subscription,5,1.0,5.0,,The Subscription feels smooth and reliable now.
FB01725,2025-07-24,Post-Contact Survey,Mobile App,4,0.12,3.0,,The Mobile App feels smooth and reliable now.
FB01726,2025-05-08,Community,Subscription,5,1.0,0.0,CSE000055,Support was helpful and resolved my issue quickly.
FB01727,2025-05-22,Community,Setup & Onboarding,1,-1.0,7.0,CSE002110,"Still having problems with the Setup & Onboarding, not satisfied."
FB01728,2025-07-03,Community,Setup & Onboarding,5,1.0,5.0,,The Setup & Onboarding feels smooth and reliable now.
FB01729,2025-06-17,Post-Contact Survey,Subscription,1,-0.77,7.0,,"Issue not fully resolved, experience was frustrating."
FB01730,2025-05-18,App Review,Account & Billing,3,-0.33,,,The Account & Billing is okay but could be better.
FB01731,2025-07-14,Retailer Review,Subscription,4,1.0,,,The Subscription feels smooth and reliable now.
FB01732,2025-07-22,Social,Camera Hardware,5,1.0,7.0,CSE001382,The Camera Hardware feels smooth and reliable now.
FB01733,2025-07-27,Post-Contact Survey,Account & Billing,3,-0.14,7.0,CSE003438,"Mixed experience, some things worked and some did not."
FB01734,2025-06-06,Post-Contact Survey,Camera Hardware,5,1.0,10.0,CSE003405,Support was helpful and resolved my issue quickly.
FB01735,2025-05-11,Retailer Review,Account & Billing,4,0.33,,CSE001085,The Account & Billing feels smooth and reliable now.
FB01736,2025-06-15,App Review,Setup & Onboarding,4,1.0,,CSE001167,"Very happy with the Setup & Onboarding, everything works as expected."
FB01737,2025-05-29,Post-Contact Survey,Setup & Onboarding,4,0.07,3.0,,"Very happy with the Setup & Onboarding, everything works as expected."
FB01738,2025-06-08,Social,Subscription,3,0.37,9.0,CSE003403,The Subscription is okay but could be better.
FB01739,2025-05-11,App Review,Account & Billing,3,-0.18,,CSE001551,The Account & Billing is okay but could be better.
FB01740,2025-07-22,Retailer Review,Subscription,4,0.18,,CSE001030,The Subscription feels smooth and reliable now.
FB01741,2025-05-08,Post-Contact Survey,Subscription,3,-0.06,9.0,CSE003938,"Mixed experience, some things worked and some did not."
FB01742,2025-06-19,Social,Camera Hardware,5,1.0,0.0,,"Very happy with the Camera Hardware, everything works as expected."
FB01743,2025-07-04,Retailer Review,Subscription,1,-0.79,,,The Subscription is confusing and should be improved.
FB01744,2025-05-05,Social,Camera Hardware,5,0.62,5.0,CSE001777,The Camera Hardware feels smooth and reliable now.
FB01745,2025-05-26,Post-Contact Survey,Setup & Onboarding,4,0.89,7.0,CSE003296,The Setup & Onboarding feels smooth and reliable now.
FB01746,2025-07-09,Post-Contact Survey,Mobile App,5,0.9,10.0,CSE001232,The Mobile App feels smooth and reliable now.
FB01747,2025-06-18,Retailer Review,Camera Hardware,3,-0.15,,CSE003966,The Camera Hardware is okay but could be better.
FB01748,2025-06-22,Community,Subscription,2,-1.0,10.0,CSE001730,The Subscription is confusing and should be improved.
FB01749,2025-05-17,Community,Subscription,4,0.57,7.0,CSE000736,"Very happy with the Subscription, everything works as expected."
FB01750,2025-07-25,Social,Mobile App,3,0.43,3.0,,"Mixed experience, some things worked and some did not."
FB01751,2025-06-23,Social,Subscription,3,0.38,5.0,,"Mixed experience, some things worked and some did not."
FB01752,2025-06-19,Social,Setup & Onboarding,4,0.54,7.0,CSE003685,Support was helpful and resolved my issue quickly.
FB01753,2025-05-08,Social,Subscription,4,0.6,0.0,CSE003754,The Subscription feels smooth and reliable now.
FB01754,2025-07-11,Retailer Review,Account & Billing,2,-0.82,,CSE000986,"Still having problems with the Account & Billing, not satisfied."
FB01755,2025-05-07,App Review,Subscription,5,0.67,,CSE000790,Support was helpful and resolved my issue quickly.
FB01756,2025-06-08,Social,Account & Billing,3,0.14,0.0,CSE003814,"Mixed experience, some things worked and some did not."
FB01757,2025-07-17,App Review,Mobile App,3,0.48,,,The Mobile App is okay but could be better.
FB01758,2025-06-23,Community,Account & Billing,3,0.08,10.0,,The Account & Billing is okay but could be better.
FB01759,2025-06-09,Community,Camera Hardware,5,1.0,3.0,CSE002570,Support was helpful and resolved my issue quickly.
FB01760,2025-06-18,Social,Subscription,2,-0.19,10.0,CSE000257,"Issue not fully resolved, experience was frustrating."
FB01761,2025-06-18,App Review,Camera Hardware,4,0.76,,CSE001975,Support was helpful and resolved my issue quickly.
FB01762,2025-05-28,Retailer Review,Setup & Onboarding,4,0.91,,,Support was helpful and resolved my issue quickly.
FB01763,2025-06-26,Retailer Review,Setup & Onboarding,2,-1.0,,CSE001161,"Still having problems with the Setup & Onboarding, not satisfied."
FB01764,2025-07-17,Community,Account & Billing,3,-0.24,7.0,CSE003277,The Account & Billing is okay but could be better.
FB01765,2025-05-18,Community,Subscription,4,-0.15,7.0,CSE000728,"Very happy with the Subscription, everything works as expected."
FB01766,2025-07-20,Retailer Review,Account & Billing,5,1.0,,,Support was helpful and resolved my issue quickly.
FB01767,2025-06-22,Social,Camera Hardware,4,0.6,3.0,CSE002564,"Very happy with the Camera Hardware, everything works as expected."
FB01768,2025-06-16,Community,Camera Hardware,3,-0.14,10.0,CSE002568,"Mixed experience, some things worked and some did not."
FB01769,2025-05-17,Community,Subscription,4,0.52,3.0,,"Very happy with the Subscription, everything works as expected."
FB01770,2025-07-20,Post-Contact Survey,Account & Billing,2,-0.18,7.0,CSE001656,The Account & Billing is confusing and should be improved.
FB01771,2025-06-14,App Review,Setup & Onboarding,5,1.0,,CSE001507,"Very happy with the Setup & Onboarding, everything works as expected."
FB01772,2025-06-22,Retailer Review,Camera Hardware,5,1.0,,,"Very happy with the Camera Hardware, everything works as expected."
FB01773,2025-07-12,Retailer Review,Setup & Onboarding,3,0.03,,CSE002670,The Setup & Onboarding is okay but could be better.
FB01774,2025-07-05,App Review,Mobile App,4,0.4,,,The Mobile App feels smooth and reliable now.
FB01775,2025-07-03,Community,Camera Hardware,4,0.46,7.0,,Support was helpful and resolved my issue quickly.
FB01776,2025-06-16,Retailer Review,Mobile App,5,1.0,,CSE002093,"Very happy with the Mobile App, everything works as expected."
FB01777,2025-06-25,Retailer Review,Setup & Onboarding,2,-0.71,,CSE000611,The Setup & Onboarding is confusing and should be improved.
FB01778,2025-05-07,App Review,Setup & Onboarding,3,-0.05,,CSE000766,"Mixed experience, some things worked and some did not."
FB01779,2025-06-22,Social,Setup & Onboarding,5,0.95,0.0,CSE002697,"Very happy with the Setup & Onboarding, everything works as expected."
FB01780,2025-05-25,Retailer Review,Mobile App,2,-0.2,,CSE000422,The Mobile App is confusing and should be improved.
FB01781,2025-07-23,Post-Contact Survey,Mobile App,3,0.69,7.0,CSE003652,The Mobile App is okay but could be better.
FB01782,2025-07-27,Social,Account & Billing,4,1.0,7.0,CSE003052,The Account & Billing feels smooth and reliable now.
FB01783,2025-06-19,Social,Mobile App,5,0.5,10.0,,"Very happy with the Mobile App, everything works as expected."
FB01784,2025-05-21,Community,Setup & Onboarding,3,-0.22,5.0,,"Mixed experience, some things worked and some did not."
FB01785,2025-06-10,Retailer Review,Mobile App,3,-0.54,,CSE002860,"Mixed experience, some things worked and some did not."
FB01786,2025-05-04,App Review,Account & Billing,5,0.85,,CSE003610,The Account & Billing feels smooth and reliable now.
FB01787,2025-05-15,Post-Contact Survey,Camera Hardware,2,-0.9,5.0,CSE000170,The Camera Hardware is confusing and should be improved.
FB01788,2025-05-27,Retailer Review,Mobile App,3,0.07,,,"Mixed experience, some things worked and some did not."
FB01789,2025-05-25,Social,Camera Hardware,2,-0.4,10.0,CSE001393,"Still having problems with the Camera Hardware, not satisfied."
FB01790,2025-06-17,Retailer Review,Mobile App,4,0.42,,,Support was helpful and resolved my issue quickly.
FB01791,2025-06-30,Social,Account & Billing,4,0.49,3.0,CSE003207,The Account & Billing feels smooth and reliable now.
FB01792,2025-05-19,Community,Setup & Onboarding,5,1.0,0.0,,"Very happy with the Setup & Onboarding, everything works as expected."
FB01793,2025-05-20,App Review,Setup & Onboarding,5,1.0,,,Support was helpful and resolved my issue quickly.
FB01794,2025-06-29,Community,Mobile App,5,1.0,7.0,,"Very happy with the Mobile App, everything works as expected."
FB01795,2025-07-23,Post-Contact Survey,Camera Hardware,3,-0.26,7.0,,"Mixed experience, some things worked and some did not."
FB01796,2025-06-20,Post-Contact Survey,Subscription,3,0.15,5.0,,"Mixed experience, some things worked and some did not."
FB01797,2025-05-07,Retailer Review,Account & Billing,5,1.0,,,Support was helpful and resolved my issue quickly.
FB01798,2025-07-28,Post-Contact Survey,Camera Hardware,4,0.14,3.0,CSE000074,Support was helpful and resolved my issue quickly.
FB01799,2025-07-20,Social,Setup & Onboarding,2,-0.14,5.0,,The Setup & Onboarding is confusing and should be improved.
FB01800,2025-07-12,Retailer Review,Setup & Onboarding,5,0.87,,CSE001446,The Setup & Onboarding feels smooth and reliable now.
FB01801,2025-07-06,App Review,Camera Hardware,5,0.72,,CSE001469,The Camera Hardware feels smooth and reliable now.
FB01802,2025-06-28,Social,Setup & Onboarding,1,-0.6,9.0,CSE000072,"Issue not fully resolved, experience was frustrating."
FB01803,2025-07-26,Social,Subscription,4,0.99,3.0,,The Subscription feels smooth and reliable now.
FB01804,2025-07-31,Post-Contact Survey,Account & Billing,4,0.55,3.0,CSE001641,The Account & Billing feels smooth and reliable now.
FB01805,2025-06-09,Post-Contact Survey,Account & Billing,5,0.76,7.0,CSE003501,"Very happy with the Account & Billing, everything works as expected."
FB01806,2025-06-20,Community,Mobile App,3,-0.08,9.0,CSE001778,The Mobile App is okay but could be better.
FB01807,2025-07-07,Community,Subscription,4,0.51,10.0,CSE000513,"Very happy with the Subscription, everything works as expected."
FB01808,2025-06-20,Community,Mobile App,5,0.7,9.0,,The Mobile App feels smooth and reliable now.
FB01809,2025-05-18,Retailer Review,Account & Billing,5,1.0,,CSE000807,The Account & Billing feels smooth and reliable now.
FB01810,2025-05-09,Retailer Review,Account & Billing,2,-0.01,,CSE002316,"Still having problems with the Account & Billing, not satisfied."
FB01811,2025-07-24,App Review,Camera Hardware,3,-0.31,,,"Mixed experience, some things worked and some did not."
FB01812,2025-05-22,Post-Contact Survey,Camera Hardware,5,1.0,10.0,CSE002595,The Camera Hardware feels smooth and reliable now.
FB01813,2025-05-09,Post-Contact Survey,Subscription,3,-0.07,5.0,,The Subscription is okay but could be better.
FB01814,2025-06-01,App Review,Camera Hardware,4,0.59,,CSE001127,The Camera Hardware feels smooth and reliable now.
FB01815,2025-07-04,Retailer Review,Account & Billing,5,1.0,,,"Very happy with the Account & Billing, everything works as expected."
FB01816,2025-06-19,Social,Subscription,3,-0.07,9.0,CSE003739,"Mixed experience, some things worked and some did not."
FB01817,2025-07-23,Retailer Review,Setup & Onboarding,4,0.81,,CSE003545,"Very happy with the Setup & Onboarding, everything works as expected."
FB01818,2025-05-07,App Review,Mobile App,3,-0.21,,CSE002785,The Mobile App is okay but could be better.
FB01819,2025-05-22,Post-Contact Survey,Mobile App,3,0.58,5.0,CSE003145,The Mobile App is okay but could be better.
FB01820,2025-07-05,Social,Subscription,2,-0.54,3.0,,"Still having problems with the Subscription, not satisfied."
FB01821,2025-05-07,Retailer Review,Subscription,3,-0.12,,CSE001279,"Mixed experience, some things worked and some did not."
FB01822,2025-07-09,App Review,Account & Billing,4,0.27,,,The Account & Billing feels smooth and reliable now.
FB01823,2025-06-28,Post-Contact Survey,Setup & Onboarding,4,0.65,10.0,CSE002681,The Setup & Onboarding feels smooth and reliable now.
FB01824,2025-07-04,Retailer Review,Setup & Onboarding,4,-0.35,,CSE003793,The Setup & Onboarding feels smooth and reliable now.
FB01825,2025-05-01,App Review,Setup & Onboarding,4,0.93,,CSE003454,"Very happy with the Setup & Onboarding, everything works as expected."
FB01826,2025-07-09,App Review,Camera Hardware,2,-0.48,,CSE003036,"Still having problems with the Camera Hardware, not satisfied."
FB01827,2025-07-26,Social,Mobile App,2,-0.3,5.0,,"Still having problems with the Mobile App, not satisfied."
FB01828,2025-05-02,Retailer Review,Account & Billing,5,0.91,,CSE000171,The Account & Billing feels smooth and reliable now.
FB01829,2025-07-31,Post-Contact Survey,Subscription,5,1.0,5.0,CSE002417,The Subscription feels smooth and reliable now.
FB01830,2025-06-01,Social,Mobile App,1,-1.0,7.0,,"Issue not fully resolved, experience was frustrating."
FB01831,2025-07-28,Post-Contact Survey,Mobile App,3,0.16,7.0,CSE001843,"Mixed experience, some things worked and some did not."
FB01832,2025-05-13,App Review,Setup & Onboarding,3,-0.29,,CSE002525,"Mixed experience, some things worked and some did not."
FB01833,2025-06-28,Social,Subscription,3,0.5,5.0,,The Subscription is okay but could be better.
FB01834,2025-07-07,Social,Camera Hardware,4,0.46,0.0,CSE001227,The Camera Hardware feels smooth and reliable now.
FB01835,2025-06-19,Retailer Review,Camera Hardware,3,0.61,,CSE001647,The Camera Hardware is okay but could be better.
FB01836,2025-06-01,Retailer Review,Account & Billing,4,0.93,,CSE002322,"Very happy with the Account & Billing, everything works as expected."
FB01837,2025-07-21,Post-Contact Survey,Subscription,5,0.89,9.0,,Support was helpful and resolved my issue quickly.
FB01838,2025-07-16,Community,Account & Billing,4,0.58,7.0,CSE001260,The Account & Billing feels smooth and reliable now.
FB01839,2025-07-19,Community,Camera Hardware,4,0.25,5.0,CSE001287,The Camera Hardware feels smooth and reliable now.
FB01840,2025-07-30,Community,Subscription,3,0.44,9.0,,"Mixed experience, some things worked and some did not."
FB01841,2025-07-18,Social,Camera Hardware,5,1.0,10.0,,The Camera Hardware feels smooth and reliable now.
FB01842,2025-05-07,Retailer Review,Camera Hardware,3,-0.19,,CSE001830,The Camera Hardware is okay but could be better.
FB01843,2025-06-04,Retailer Review,Mobile App,3,0.36,,,"Mixed experience, some things worked and some did not."
FB01844,2025-06-25,Social,Setup & Onboarding,3,-0.53,3.0,CSE000313,"Mixed experience, some things worked and some did not."
FB01845,2025-05-26,Social,Account & Billing,4,0.33,5.0,,The Account & Billing feels smooth and reliable now.
FB01846,2025-06-24,App Review,Setup & Onboarding,4,0.13,,CSE000445,The Setup & Onboarding feels smooth and reliable now.
FB01847,2025-05-07,Community,Account & Billing,5,0.92,0.0,CSE002412,"Very happy with the Account & Billing, everything works as expected."
FB01848,2025-07-12,Social,Setup & Onboarding,1,-0.8,0.0,CSE002339,The Setup & Onboarding is confusing and should be improved.
FB01849,2025-06-10,Social,Setup & Onboarding,5,0.46,7.0,,"Very happy with the Setup & Onboarding, everything works as expected."
FB01850,2025-05-18,Social,Setup & Onboarding,5,1.0,0.0,CSE003067,Support was helpful and resolved my issue quickly.
FB01851,2025-07-02,Post-Contact Survey,Account & Billing,5,1.0,9.0,CSE002728,"Very happy with the Account & Billing, everything works as expected."
FB01852,2025-06-05,App Review,Subscription,5,0.83,,CSE000969,Support was helpful and resolved my issue quickly.
FB01853,2025-06-10,App Review,Camera Hardware,5,0.78,,,The Camera Hardware feels smooth and reliable now.
FB01854,2025-06-28,Retailer Review,Account & Billing,3,-0.21,,CSE003776,"Mixed experience, some things worked and some did not."
FB01855,2025-05-09,Retailer Review,Subscription,4,0.56,,CSE003049,Support was helpful and resolved my issue quickly.
FB01856,2025-05-01,Social,Mobile App,4,-0.07,0.0,,Support was helpful and resolved my issue quickly.
FB01857,2025-06-05,App Review,Account & Billing,5,1.0,,CSE000062,The Account & Billing feels smooth and reliable now.
FB01858,2025-05-16,Community,Subscription,4,1.0,0.0,,The Subscription feels smooth and reliable now.
FB01859,2025-06-14,App Review,Account & Billing,1,-0.47,,,"Still having problems with the Account & Billing, not satisfied."
FB01860,2025-07-04,App Review,Subscription,4,0.26,,CSE000374,"Very happy with the Subscription, everything works as expected."
FB01861,2025-07-09,Post-Contact Survey,Camera Hardware,3,-0.75,10.0,CSE001075,"Mixed experience, some things worked and some did not."
FB01862,2025-05-04,Social,Subscription,3,-0.23,3.0,CSE003755,The Subscription is okay but could be better.
FB01863,2025-07-24,Social,Mobile App,4,0.21,0.0,,The Mobile App feels smooth and reliable now.
FB01864,2025-07-08,Social,Mobile App,4,0.81,5.0,,Support was helpful and resolved my issue quickly.
FB01865,2025-05-17,Retailer Review,Camera Hardware,3,0.92,,CSE000385,The Camera Hardware is okay but could be better.
FB01866,2025-06-19,Social,Account & Billing,3,-0.81,10.0,,The Account & Billing is okay but could be better.
FB01867,2025-06-02,Post-Contact Survey,Mobile App,3,0.34,10.0,CSE003177,"Mixed experience, some things worked and some did not."
FB01868,2025-05-15,Social,Subscription,4,0.25,10.0,CSE003531,Support was helpful and resolved my issue quickly.
FB01869,2025-05-22,App Review,Setup & Onboarding,5,1.0,,CSE001573,The Setup & Onboarding feels smooth and reliable now.
FB01870,2025-06-06,Post-Contact Survey,Account & Billing,4,0.13,9.0,CSE003978,Support was helpful and resolved my issue quickly.
FB01871,2025-05-13,Post-Contact Survey,Setup & Onboarding,5,1.0,3.0,,"Very happy with the Setup & Onboarding, everything works as expected."
FB01872,2025-05-22,Community,Account & Billing,5,1.0,7.0,CSE001241,Support was helpful and resolved my issue quickly.
FB01873,2025-07-09,Social,Mobile App,3,0.41,9.0,,"Mixed experience, some things worked and some did not."
FB01874,2025-07-29,Community,Camera Hardware,2,-0.79,10.0,CSE003351,"Issue not fully resolved, experience was frustrating."
FB01875,2025-06-17,Post-Contact Survey,Account & Billing,4,0.8,10.0,,Support was helpful and resolved my issue quickly.
FB01876,2025-06-11,Retailer Review,Subscription,4,0.78,,,"Very happy with the Subscription, everything works as expected."
FB01877,2025-06-22,Post-Contact Survey,Mobile App,1,-1.0,7.0,CSE002522,"Issue not fully resolved, experience was frustrating."
FB01878,2025-06-10,Social,Subscription,5,0.46,0.0,,Support was helpful and resolved my issue quickly.
FB01879,2025-06-11,Community,Subscription,3,-0.69,9.0,CSE000647,The Subscription is okay but could be better.
FB01880,2025-06-21,App Review,Subscription,4,0.54,,CSE000956,"Very happy with the Subscription, everything works as expected."
FB01881,2025-05-29,Community,Setup & Onboarding,4,0.55,5.0,,"Very happy with the Setup & Onboarding, everything works as expected."
FB01882,2025-07-28,Retailer Review,Mobile App,4,0.52,,CSE003245,Support was helpful and resolved my issue quickly.
FB01883,2025-07-06,App Review,Camera Hardware,3,-0.14,,,The Camera Hardware is okay but could be better.
FB01884,2025-07-01,Retailer Review,Subscription,3,0.77,,CSE002778,The Subscription is okay but could be better.
FB01885,2025-07-24,Post-Contact Survey,Subscription,1,-1.0,7.0,CSE001025,"Still having problems with the Subscription, not satisfied."
FB01886,2025-05-18,Social,Subscription,4,0.24,10.0,,Support was helpful and resolved my issue quickly.
FB01887,2025-07-23,Community,Subscription,5,1.0,9.0,CSE003146,The Subscription feels smooth and reliable now.
FB01888,2025-05-03,App Review,Mobile App,4,0.88,,CSE000229,Support was helpful and resolved my issue quickly.
FB01889,2025-07-07,Community,Setup & Onboarding,3,0.42,3.0,CSE000240,The Setup & Onboarding is okay but could be better.
FB01890,2025-05-01,App Review,Setup & Onboarding,3,-0.29,,CSE002149,"Mixed experience, some things worked and some did not."
FB01891,2025-06-04,Social,Setup & Onboarding,3,-0.13,10.0,,"Mixed experience, some things worked and some did not."
FB01892,2025-05-02,App Review,Mobile App,3,0.01,,CSE001387,"Mixed experience, some things worked and some did not."
FB01893,2025-05-02,Post-Contact Survey,Account & Billing,4,0.17,7.0,CSE000194,The Account & Billing feels smooth and reliable now.
FB01894,2025-07-05,Social,Mobile App,2,-0.4,3.0,CSE001812,The Mobile App is confusing and should be improved.
FB01895,2025-07-26,Retailer Review,Subscription,2,-0.25,,,The Subscription is confusing and should be improved.
FB01896,2025-06-05,App Review,Mobile App,3,0.56,,,"Mixed experience, some things worked and some did not."
FB01897,2025-07-03,App Review,Mobile App,2,-0.05,,CSE003980,"Still having problems with the Mobile App, not satisfied."
FB01898,2025-06-30,Post-Contact Survey,Setup & Onboarding,1,-0.59,7.0,,"Still having problems with the Setup & Onboarding, not satisfied."
FB01899,2025-07-17,App Review,Setup & Onboarding,5,0.67,,CSE000124,The Setup & Onboarding feels smooth and reliable now.
FB01900,2025-07-06,Social,Account & Billing,5,0.72,7.0,CSE001282,"Very happy with the Account & Billing, everything works as expected."
FB01901,2025-06-29,Social,Account & Billing,4,0.92,7.0,,"Very happy with the Account & Billing, everything works as expected."
FB01902,2025-07-05,Post-Contact Survey,Camera Hardware,5,1.0,7.0,CSE002215,Support was helpful and resolved my issue quickly.
FB01903,2025-07-02,Retailer Review,Account & Billing,4,1.0,,CSE001830,Support was helpful and resolved my issue quickly.
FB01904,2025-06-12,App Review,Account & Billing,4,0.43,,CSE001478,The Account & Billing feels smooth and reliable now.
FB01905,2025-05-25,Post-Contact Survey,Setup & Onboarding,4,-0.15,7.0,CSE003474,The Setup & Onboarding feels smooth and reliable now.
FB01906,2025-06-07,App Review,Camera Hardware,1,-1.0,,CSE001123,"Still having problems with the Camera Hardware, not satisfied."
FB01907,2025-05-19,Social,Mobile App,5,0.79,7.0,CSE000243,The Mobile App feels smooth and reliable now.
FB01908,2025-05-12,Retailer Review,Account & Billing,4,0.48,,,"Very happy with the Account & Billing, everything works as expected."
FB01909,2025-07-03,Social,Camera Hardware,4,0.24,0.0,,The Camera Hardware feels smooth and reliable now.
FB01910,2025-05-06,Retailer Review,Camera Hardware,4,0.1,,CSE002310,"Very happy with the Camera Hardware, everything works as expected."
FB01911,2025-06-07,Community,Setup & Onboarding,3,0.03,9.0,CSE003255,The Setup & Onboarding is okay but could be better.
FB01912,2025-06-19,App Review,Setup & Onboarding,4,0.51,,,"Very happy with the Setup & Onboarding, everything works as expected."
FB01913,2025-06-13,Retailer Review,Setup & Onboarding,4,0.07,,CSE000619,The Setup & Onboarding feels smooth and reliable now.
FB01914,2025-05-27,Retailer Review,Setup & Onboarding,4,0.15,,CSE001594,"Very happy with the Setup & Onboarding, everything works as expected."
FB01915,2025-06-22,App Review,Mobile App,4,0.6,,CSE001411,The Mobile App feels smooth and reliable now.
FB01916,2025-06-08,Social,Subscription,4,0.48,10.0,,"Very happy with the Subscription, everything works as expected."
FB01917,2025-06-20,Community,Account & Billing,3,-0.17,5.0,CSE000041,"Mixed experience, some things worked and some did not."
FB01918,2025-06-29,Social,Setup & Onboarding,1,-0.97,10.0,,"Issue not fully resolved, experience was frustrating."
FB01919,2025-07-27,Post-Contact Survey,Subscription,4,0.77,7.0,CSE002354,The Subscription feels smooth and reliable now.
FB01920,2025-05-21,Post-Contact Survey,Mobile App,5,0.53,7.0,,Support was helpful and resolved my issue quickly.
FB01921,2025-06-24,Retailer Review,Account & Billing,1,-0.71,,CSE000769,"Issue not fully resolved, experience was frustrating."
FB01922,2025-05-04,Community,Camera Hardware,1,-1.0,9.0,,The Camera Hardware is confusing and should be improved.
FB01923,2025-06-05,Social,Account & Billing,5,0.86,7.0,CSE000616,"Very happy with the Account & Billing, everything works as expected."
FB01924,2025-06-17,Social,Subscription,3,-0.29,10.0,,The Subscription is okay but could be better.
FB01925,2025-07-24,Post-Contact Survey,Camera Hardware,4,0.07,5.0,,The Camera Hardware feels smooth and reliable now.
FB01926,2025-06-01,Social,Subscription,5,0.77,7.0,,"Very happy with the Subscription, everything works as expected."
FB01927,2025-05-21,Post-Contact Survey,Mobile App,2,-0.34,3.0,CSE002387,The Mobile App is confusing and should be improved.
FB01928,2025-06-03,Retailer Review,Subscription,5,1.0,,,"Very happy with the Subscription, everything works as expected."
FB01929,2025-06-16,App Review,Setup & Onboarding,2,-1.0,,,"Issue not fully resolved, experience was frustrating."
FB01930,2025-07-20,Community,Subscription,5,1.0,0.0,CSE001075,Support was helpful and resolved my issue quickly.
FB01931,2025-07-29,App Review,Subscription,4,0.52,,CSE001715,Support was helpful and resolved my issue quickly.
FB01932,2025-06-15,Community,Mobile App,4,0.66,9.0,CSE000614,Support was helpful and resolved my issue quickly.
FB01933,2025-05-10,Community,Subscription,1,-0.7,9.0,,"Still having problems with the Subscription, not satisfied."
FB01934,2025-07-25,Community,Account & Billing,3,0.35,7.0,CSE003157,The Account & Billing is okay but could be better.
FB01935,2025-06-05,Social,Camera Hardware,4,0.66,7.0,CSE001532,Support was helpful and resolved my issue quickly.
FB01936,2025-06-24,App Review,Account & Billing,4,-0.11,,,Support was helpful and resolved my issue quickly.
FB01937,2025-06-06,Retailer Review,Setup & Onboarding,3,0.34,,,"Mixed experience, some things worked and some did not."
FB01938,2025-06-11,Social,Setup & Onboarding,5,0.86,5.0,,"Very happy with the Setup & Onboarding, everything works as expected."
FB01939,2025-06-06,App Review,Subscription,4,0.33,,CSE001884,The Subscription feels smooth and reliable now.
FB01940,2025-07-11,Social,Camera Hardware,3,-0.45,9.0,CSE003260,The Camera Hardware is okay but could be better.
FB01941,2025-05-28,Social,Camera Hardware,3,0.44,10.0,,"Mixed experience, some things worked and some did not."
FB01942,2025-07-29,Post-Contact Survey,Setup & Onboarding,3,1.0,3.0,CSE001807,"Mixed experience, some things worked and some did not."
FB01943,2025-06-01,Community,Account & Billing,5,1.0,3.0,,The Account & Billing feels smooth and reliable now.
FB01944,2025-05-14,Social,Account & Billing,4,0.55,0.0,,"Very happy with the Account & Billing, everything works as expected."
FB01945,2025-06-06,Post-Contact Survey,Setup & Onboarding,2,-1.0,5.0,,"Issue not fully resolved, experience was frustrating."
FB01946,2025-06-18,Community,Camera Hardware,5,1.0,3.0,CSE002826,"Very happy with the Camera Hardware, everything works as expected."
FB01947,2025-05-09,App Review,Camera Hardware,4,0.49,,CSE003568,The Camera Hardware feels smooth and reliable now.
FB01948,2025-06-02,App Review,Subscription,5,0.67,,,Support was helpful and resolved my issue quickly.
FB01949,2025-07-23,Retailer Review,Mobile App,4,1.0,,,Support was helpful and resolved my issue quickly.
FB01950,2025-06-28,Social,Camera Hardware,5,0.89,10.0,,Support was helpful and resolved my issue quickly.
FB01951,2025-07-14,Retailer Review,Subscription,4,1.0,,CSE001652,Support was helpful and resolved my issue quickly.
FB01952,2025-06-10,Post-Contact Survey,Mobile App,3,0.63,7.0,CSE000722,The Mobile App is okay but could be better.
FB01953,2025-05-04,Retailer Review,Mobile App,2,-0.47,,,"Issue not fully resolved, experience was frustrating."
FB01954,2025-06-03,Retailer Review,Camera Hardware,4,-0.32,,CSE002552,Support was helpful and resolved my issue quickly.
FB01955,2025-07-23,App Review,Account & Billing,5,1.0,,CSE003555,Support was helpful and resolved my issue quickly.
FB01956,2025-06-15,Social,Setup & Onboarding,3,0.17,7.0,CSE000516,"Mixed experience, some things worked and some did not."
FB01957,2025-06-04,Social,Subscription,2,-0.02,9.0,CSE003706,"Issue not fully resolved, experience was frustrating."
FB01958,2025-07-11,Community,Camera Hardware,5,1.0,7.0,,Support was helpful and resolved my issue quickly.
FB01959,2025-05-17,Retailer Review,Account & Billing,2,-1.0,,CSE001426,The Account & Billing is confusing and should be improved.
FB01960,2025-07-10,Post-Contact Survey,Account & Billing,4,1.0,10.0,,Support was helpful and resolved my issue quickly.
FB01961,2025-07-19,Retailer Review,Mobile App,1,-0.74,,CSE000118,"Issue not fully resolved, experience was frustrating."
FB01962,2025-05-21,App Review,Subscription,3,0.23,,,"Mixed experience, some things worked and some did not."
FB01963,2025-07-22,Social,Setup & Onboarding,4,0.39,5.0,CSE000064,Support was helpful and resolved my issue quickly.
FB01964,2025-05-19,Social,Account & Billing,4,1.0,7.0,,The Account & Billing feels smooth and reliable now.
FB01965,2025-05-27,Retailer Review,Setup & Onboarding,3,0.01,,CSE000028,The Setup & Onboarding is okay but could be better.
FB01966,2025-07-27,App Review,Account & Billing,2,0.01,,,The Account & Billing is confusing and should be improved.
FB01967,2025-07-07,Community,Subscription,1,-1.0,9.0,CSE003524,"Issue not fully resolved, experience was frustrating."
FB01968,2025-07-10,Community,Mobile App,3,-0.34,5.0,,The Mobile App is okay but could be better.
FB01969,2025-06-14,Community,Camera Hardware,4,-0.04,0.0,,Support was helpful and resolved my issue quickly.
FB01970,2025-07-30,App Review,Mobile App,5,0.73,,CSE002711,The Mobile App feels smooth and reliable now.
FB01971,2025-07-01,Social,Mobile App,3,-0.39,3.0,CSE003657,"Mixed experience, some things worked and some did not."
FB01972,2025-05-01,Community,Camera Hardware,5,1.0,0.0,,"Very happy with the Camera Hardware, everything works as expected."
FB01973,2025-07-05,Post-Contact Survey,Mobile App,4,0.87,0.0,CSE002455,Support was helpful and resolved my issue quickly.
FB01974,2025-07-24,App Review,Camera Hardware,4,0.48,,,Support was helpful and resolved my issue quickly.
FB01975,2025-05-29,Social,Camera Hardware,3,-0.6,7.0,CSE003267,The Camera Hardware is okay but could be better.
FB01976,2025-05-19,App Review,Subscription,4,0.35,,CSE002043,Support was helpful and resolved my issue quickly.
FB01977,2025-07-30,App Review,Mobile App,2,-0.4,,CSE002452,"Still having problems with the Mobile App, not satisfied."
FB01978,2025-05-29,Retailer Review,Camera Hardware,4,0.11,,,Support was helpful and resolved my issue quickly.
FB01979,2025-07-24,Social,Setup & Onboarding,3,0.61,5.0,,The Setup & Onboarding is okay but could be better.
FB01980,2025-06-30,Community,Mobile App,4,0.79,7.0,,Support was helpful and resolved my issue quickly.
FB01981,2025-05-06,Community,Subscription,3,0.23,9.0,,"Mixed experience, some things worked and some did not."
FB01982,2025-06-04,Retailer Review,Camera Hardware,4,0.46,,CSE003719,The Camera Hardware feels smooth and reliable now.
FB01983,2025-06-05,Post-Contact Survey,Setup & Onboarding,3,-0.38,9.0,CSE002158,"Mixed experience, some things worked and some did not."
FB01984,2025-05-11,Post-Contact Survey,Account & Billing,2,-0.99,9.0,,"Issue not fully resolved, experience was frustrating."
FB01985,2025-07-25,Community,Camera Hardware,5,0.46,0.0,CSE001108,"Very happy with the Camera Hardware, everything works as expected."
FB01986,2025-07-30,Community,Subscription,2,-0.85,10.0,CSE000858,"Issue not fully resolved, experience was frustrating."
FB01987,2025-07-07,Retailer Review,Camera Hardware,3,0.62,,CSE001422,The Camera Hardware is okay but could be better.
FB01988,2025-05-15,Post-Contact Survey,Mobile App,5,0.94,9.0,,The Mobile App feels smooth and reliable now.
FB01989,2025-06-06,Post-Contact Survey,Account & Billing,3,0.34,7.0,,The Account & Billing is okay but could be better.
FB01990,2025-07-20,App Review,Account & Billing,5,0.88,,CSE003829,Support was helpful and resolved my issue quickly.
FB01991,2025-06-23,App Review,Account & Billing,1,-0.86,,CSE001162,"Still having problems with the Account & Billing, not satisfied."
FB01992,2025-07-19,App Review,Subscription,5,0.3,,CSE002347,Support was helpful and resolved my issue quickly.
FB01993,2025-07-08,Retailer Review,Mobile App,3,-1.0,,CSE001068,"Mixed experience, some things worked and some did not."
FB01994,2025-05-03,Social,Subscription,4,0.74,7.0,,The Subscription feels smooth and reliable now.
FB01995,2025-05-29,Retailer Review,Subscription,3,-0.18,,CSE001068,The Subscription is okay but could be better.
FB01996,2025-07-29,Social,Setup & Onboarding,5,1.0,3.0,,The Setup & Onboarding feels smooth and reliable now.
FB01997,2025-06-15,App Review,Mobile App,2,-1.0,,,"Still having problems with the Mobile App, not satisfied."
FB01998,2025-05-03,Post-Contact Survey,Mobile App,2,-0.6,7.0,CSE001738,The Mobile App is confusing and should be improved.
FB01999,2025-06-04,Retailer Review,Camera Hardware,2,-0.58,,CSE001301,The Camera Hardware is confusing and should be improved.
FB02000,2025-05-24,Retailer Review,Account & Billing,5,1.0,,CSE000938,"Very happy with the Account & Billing, everything works as expected."
